Shipment_ID,Origin,Destination,Warehouse,Pickup_Time,Sorting_Time,Dispatch_Time,Delivery_Time,Transit_Time,Transport_Mode,Delivery_Status,Shipment_Volume,Sorting_Hours,Dispatch_Wait_Hours,Transportation_Hours,Total_Delivery_Hours,Delayed
SHP0001,Chennai,Kochi,Bengaluru,2026-01-16 17:17:00,2026-01-17 00:33:42.566529,2026-01-17 04:48:57.239204,2026-01-19 21:54:00.942118,76.62,Rail,Delayed,21,7.2784907025,4.254075743055555,65.08436192055555,76.61692836611111,1
SHP0002,Hyderabad,Hyderabad,Hyderabad,2026-03-23 07:59:00,2026-03-23 14:00:03.916083,2026-03-23 19:28:34.859220,2026-03-24 17:12:16.766471,33.22,Road,On Time,7,6.0177544675,5.475261982499999,21.728307569722222,33.22132401972222,0
SHP0003,Chennai,Mumbai,Hyderabad,2026-05-18 00:45:00,2026-05-18 07:16:24.435907,2026-05-18 11:16:45.310488,2026-05-19 10:16:03.618757,33.52,Rail,On Time,6,6.523454418611111,4.005798494722222,22.98841896361111,33.51767187694445,0
SHP0004,Chennai,Coimbatore,Chennai,2026-05-04 19:35:00,2026-05-04 23:54:34.588232,2026-05-05 07:02:20.010364,2026-05-05 15:49:33.407911,20.24,Road,On Time,15,4.326274508888889,7.129283925555556,8.787054874166667,20.242613308611112,0
SHP0005,Hyderabad,Delhi,Hyderabad,2026-06-11 21:44:00,2026-06-12 05:57:20.400706,2026-06-12 10:54:33.899040,2026-06-13 18:06:59.542739,44.38,Road,Delayed,9,8.222333529444445,4.953749537222222,31.20712324972222,44.383206316388886,1
SHP0006,Bengaluru,Kochi,Hyderabad,2026-04-02 06:13:00,2026-04-02 11:21:02.130850,2026-04-02 13:35:50.016590,2026-04-02 18:28:40.437042,12.26,Road,On Time,18,5.133925236111112,2.2466349277777775,4.880672347777777,12.261232511666666,0
SHP0007,Coimbatore,Hyderabad,Coimbatore,2026-05-24 08:01:00,2026-05-24 11:50:50.219386,2026-05-24 16:56:07.287306,2026-05-25 00:40:31.076512,16.66,Road,On Time,10,3.8306164961111113,5.088074422222222,7.739941446111112,16.658632364444443,0
SHP0008,Hyderabad,Chennai,Chennai,2026-03-20 10:14:00,2026-03-20 16:13:05.054842,2026-03-20 23:09:29.897750,2026-03-22 10:29:16.617993,48.25,Road,Delayed,20,5.9847374561111115,6.940234141111111,35.329644511944444,48.25461610916666,1
SHP0009,Madurai,Chennai,Chennai,2026-05-06 16:02:00,2026-05-06 21:16:56.654700,2026-05-07 03:17:47.918667,2026-05-09 11:53:32.870376,67.86,Rail,Delayed,14,5.24907075,6.014239990833333,56.595819919166665,67.85913066,1
SHP0010,Salem,Bengaluru,Coimbatore,2026-06-22 23:52:00,2026-06-23 01:18:53.965028,2026-06-23 04:44:41.215963,2026-06-23 23:10:24.449382,23.31,Road,On Time,3,1.4483236188888888,3.429791926388889,18.428675949722223,23.306791495000002,0
SHP0011,Madurai,Kochi,Coimbatore,2026-05-13 21:29:00,2026-05-14 00:03:32.377293,2026-05-14 05:02:03.513651,2026-05-15 15:36:20.835907,42.12,Road,Delayed,9,2.5756603591666667,4.975315655,34.57147840444444,42.12245441861111,1
SHP0012,Coimbatore,Salem,Hyderabad,2026-03-30 22:44:00,2026-03-31 05:46:47.367477,2026-03-31 14:59:49.930708,2026-04-01 05:22:34.221333,30.64,Rail,On Time,22,7.046490965833334,9.217378675277779,14.378969618055557,30.642839259166664,0
SHP0013,Hyderabad,Chennai,Bengaluru,2026-04-30 03:47:00,2026-04-30 16:05:05.263278,2026-04-30 18:04:58.204353,2026-05-01 12:22:06.488660,32.59,Road,On Time,5,12.301462021666666,1.9980391874999999,18.28563452972222,32.58513573888889,0
SHP0014,Coimbatore,Pune,Chennai,2026-03-17 12:25:00,2026-03-17 20:49:57.467443,2026-03-18 10:59:37.637400,2026-03-18 22:17:54.804819,33.88,Air,Delayed,15,8.415963178611111,14.16115832138889,11.304768727499999,33.8818902275,1
SHP0015,Coimbatore,Coimbatore,Chennai,2026-04-09 08:25:00,2026-04-09 13:25:45.685174,2026-04-09 22:06:03.009404,2026-04-10 20:28:22.773682,36.06,Road,On Time,16,5.012690326111111,8.671478952777777,22.37215674388889,36.056326022777775,0
SHP0016,Madurai,Salem,Coimbatore,2026-02-14 03:31:00,2026-02-14 16:21:17.051996,2026-02-14 22:25:38.395052,2026-02-15 07:11:07.730659,27.67,Road,On Time,20,12.838069998888889,6.072595293333333,8.758148779722223,27.668814071944443,0
SHP0017,Salem,Pune,Bengaluru,2026-03-25 01:20:00,2026-03-25 06:04:19.095615,2026-03-25 11:40:43.906467,2026-03-26 22:05:07.242335,44.75,Rail,On Time,25,4.738637670833333,5.606891903333333,34.406482185555554,44.75201175972222,0
SHP0018,Salem,Salem,Chennai,2026-06-24 17:41:00,2026-06-25 02:57:27.222879,2026-06-25 08:48:48.368112,2026-06-26 16:22:01.079647,46.68,Road,Delayed,30,9.2742285775,5.855873675833333,31.553530981944444,46.68363323527778,1
SHP0019,Chennai,Kochi,Coimbatore,2026-06-09 18:47:00,2026-06-10 04:41:05.678307,2026-06-10 05:33:26.219479,2026-06-13 06:09:05.567015,83.37,Road,Delayed,3,9.9015773075,0.8723725477777778,72.59426320444445,83.36821305972222,1
SHP0020,Kochi,Salem,Chennai,2026-05-10 20:05:00,2026-05-11 12:12:32.076474,2026-05-11 19:38:28.183268,2026-05-12 21:04:55.590982,49.0,Road,Delayed,27,16.125576798333334,7.432251887222222,25.44094658722222,48.99877527277778,1
SHP0021,Kochi,Chennai,Chennai,2026-01-04 11:35:00,2026-01-04 14:22:31.945406,2026-01-04 17:14:57.845066,2026-01-05 05:13:42.226587,17.65,Road,On Time,21,2.7922070572222224,2.8738610166666665,11.978994866944445,17.645062940833334,0
SHP0022,Chennai,Kochi,Hyderabad,2026-03-20 08:10:00,2026-03-20 14:19:25.160214,2026-03-20 16:33:06.636284,2026-03-22 05:34:02.279631,45.4,Road,Delayed,4,6.156988948333333,2.228187797222222,37.01545648527778,45.400633230833336,1
SHP0023,Coimbatore,Madurai,Mumbai,2026-04-18 16:45:00,2026-04-19 00:16:32.692185,2026-04-19 04:50:54.651815,2026-04-23 21:29:36.518598,124.74,Road,Delayed,17,7.525747829166667,4.572766563888889,112.64496299527778,124.74347738833333,1
SHP0024,Salem,Mumbai,Hyderabad,2026-04-25 10:10:00,2026-04-25 17:41:48.802836,2026-04-25 20:29:06.567327,2026-04-25 23:10:36.109999,13.01,Road,On Time,24,7.530223009999999,2.7882679141666666,2.691539631111111,13.010030555277778,0
SHP0025,Hyderabad,Hyderabad,Hyderabad,2026-02-22 10:10:00,2026-02-22 13:27:40.787893,2026-02-22 14:36:16.052232,2026-02-26 11:55:11.136483,97.75,Road,Delayed,13,3.2946633036111113,1.1431289830555555,93.31530118083334,97.75309346750001,1
SHP0026,Kochi,Kochi,Hyderabad,2026-06-08 22:39:00,2026-06-09 01:56:46.540879,2026-06-09 10:33:07.494008,2026-06-10 07:08:12.309544,32.49,Road,On Time,2,3.2962613552777777,8.605820313611112,20.58467098222222,32.48675265111111,0
SHP0027,Coimbatore,Salem,Chennai,2026-03-24 06:26:00,2026-03-24 11:27:57.403389,2026-03-24 15:59:52.022237,2026-03-26 03:21:57.418455,44.93,Road,Delayed,4,5.032612052499999,4.5318385688888885,35.368165616111106,44.9326162375,1
SHP0028,Hyderabad,Bengaluru,Bengaluru,2026-05-13 17:34:00,2026-05-13 22:54:30.531887,2026-05-14 03:19:37.438255,2026-05-17 01:23:17.579769,79.82,Road,Delayed,27,5.341814413055556,4.418585102222222,70.06115042055555,79.82154993583333,1
SHP0029,Madurai,Chennai,Bengaluru,2026-06-11 02:07:00,2026-06-11 12:40:08.872765,2026-06-11 17:18:53.562713,2026-06-13 16:59:55.125792,62.88,Road,Delayed,4,10.552464656944444,4.645747207777777,47.683767521944446,62.88197938666667,1
SHP0030,Salem,Mumbai,Hyderabad,2026-04-24 06:10:00,2026-04-24 11:27:22.486076,2026-04-24 14:47:03.024332,2026-04-28 11:09:15.174364,100.99,Rail,Delayed,20,5.289579465555556,3.3279272933333335,92.37004167555556,100.98754843444443,1
SHP0031,Hyderabad,Bengaluru,Coimbatore,2026-01-12 06:05:00,2026-01-12 07:16:22.354316,2026-01-12 15:12:15.689720,2026-01-14 13:02:26.506587,54.96,Road,Delayed,5,1.1895428655555556,7.931482056666667,45.83633801861111,54.957362940833335,1
SHP0032,Bengaluru,Bengaluru,Coimbatore,2026-05-23 22:41:00,2026-05-24 07:05:24.748504,2026-05-24 14:20:44.379787,2026-05-27 19:11:08.721676,92.5,Road,Delayed,29,8.406874584444445,7.255453134166666,76.84009496916666,92.50242268777778,1
SHP0033,Salem,Delhi,Coimbatore,2026-01-14 07:03:00,2026-01-14 15:01:16.876546,2026-01-14 19:49:35.415695,2026-01-15 22:23:40.832463,39.34,Road,On Time,9,7.971354596111111,4.805149763611111,26.568171324444442,39.34467568416667,0
SHP0034,Pune,Chennai,Hyderabad,2026-04-05 10:20:00,2026-04-05 17:08:31.284407,2026-04-05 20:32:44.612451,2026-04-07 12:36:54.976960,50.28,Road,Delayed,29,6.8086901130555555,3.4037022344444443,40.069545696944445,50.281938044444445,1
SHP0035,Kochi,Mumbai,Chennai,2026-01-10 06:37:00,2026-01-10 13:49:32.009679,2026-01-10 19:40:40.842321,2026-01-12 03:06:26.558593,44.49,Road,Delayed,3,7.208891577499999,5.852453511666667,31.429365631111114,44.490710720277775,1
SHP0036,Kochi,Kochi,Bengaluru,2026-01-26 07:03:00,2026-01-26 16:55:25.801080,2026-01-27 03:02:47.537765,2026-01-29 00:50:42.693828,65.8,Road,Delayed,28,9.873833633333332,10.122704634722224,45.798654461944444,65.79519273,1
SHP0037,Salem,Hyderabad,Bengaluru,2026-05-28 07:56:00,2026-05-28 15:57:12.489249,2026-05-28 20:00:52.001216,2026-05-30 18:55:53.325227,59.0,Rail,Delayed,23,8.0201359025,4.060975546388889,46.917034447499994,58.998145896388884,1
SHP0038,Coimbatore,Coimbatore,Bengaluru,2026-02-01 22:19:00,2026-02-02 02:25:44.972203,2026-02-02 09:07:55.258300,2026-02-05 22:16:41.967744,95.96,Rail,Delayed,17,4.112492278611111,6.702857249166667,85.14630817888889,95.96165770666667,1
SHP0039,Hyderabad,Mumbai,Chennai,2026-06-08 06:40:00,2026-06-08 09:24:26.087086,2026-06-08 12:59:12.674533,2026-06-12 01:14:50.610785,90.58,Rail,Delayed,20,2.740579746111111,3.5796076241666666,84.26053784777777,90.58072521805556,1
SHP0040,Bengaluru,Madurai,Bengaluru,2026-01-03 10:14:00,2026-01-03 18:00:34.312081,2026-01-03 21:47:01.818522,2026-01-05 08:58:36.124713,46.74,Road,Delayed,10,7.776197800277778,3.774307344722222,35.192862830833334,46.74336797583333,1
SHP0041,Pune,Mumbai,Coimbatore,2026-04-23 10:43:00,2026-04-23 15:22:04.978118,2026-04-23 16:47:32.450999,2026-04-25 09:27:45.927063,46.75,Rail,On Time,3,4.651382810555555,1.4242980225,40.670410017777776,46.74609085083333,0
SHP0042,Chennai,Mumbai,Coimbatore,2026-01-02 05:38:00,2026-01-02 12:09:29.262159,2026-01-02 12:51:00.891006,2026-01-02 14:51:00.891006,9.22,Road,On Time,1,6.524795044166667,0.6921191241666667,2.0,9.216914168333332,0
SHP0043,Pune,Delhi,Mumbai,2026-06-02 13:16:00,2026-06-03 03:16:43.419488,2026-06-03 06:09:17.096334,2026-06-04 14:58:56.523966,49.72,Rail,On Time,21,14.012060968888889,2.876021346111111,32.82761878666667,49.71570110166667,0
SHP0044,Coimbatore,Hyderabad,Hyderabad,2026-05-27 15:34:00,2026-05-27 19:50:25.677392,2026-05-28 02:01:41.599820,2026-05-28 09:08:17.544895,17.57,Road,On Time,23,4.273799275555556,6.187756230000001,7.109984743055556,17.57154024861111,0
SHP0045,Chennai,Hyderabad,Chennai,2026-03-24 20:34:00,2026-03-25 08:59:42.094579,2026-03-25 12:31:38.655140,2026-03-26 09:03:25.447324,36.49,Rail,On Time,22,12.428359605277777,3.532377933611111,20.529664495555558,36.49040203444444,0
SHP0046,Madurai,Hyderabad,Coimbatore,2026-02-14 22:36:00,2026-02-15 04:20:38.710516,2026-02-15 11:13:44.940854,2026-02-17 17:12:02.129557,66.6,Road,Delayed,29,5.744086254444444,6.885063982777778,53.97144130638889,66.60059154361112,1
SHP0047,Bengaluru,Pune,Bengaluru,2026-01-24 12:43:00,2026-01-24 18:04:59.668682,2026-01-25 00:56:07.441888,2026-01-26 09:02:09.097563,44.32,Road,Delayed,4,5.366574633888889,6.852159223888889,32.100459909722225,44.319193767499996,1
SHP0048,Kochi,Coimbatore,Bengaluru,2026-06-21 02:17:00,2026-06-21 05:54:03.120968,2026-06-21 09:20:22.503726,2026-06-23 14:48:55.242442,60.53,Road,Delayed,18,3.617533602222222,3.4387174327777776,53.475760754444444,60.53201178944444,1
SHP0049,Madurai,Pune,Coimbatore,2026-04-16 22:29:00,2026-04-17 06:07:12.284184,2026-04-17 12:27:14.693559,2026-04-18 13:58:37.336754,39.49,Road,On Time,20,7.636745606666667,6.334002604166667,25.522956443055556,39.493704653888884,0
SHP0050,Kochi,Pune,Hyderabad,2026-01-24 08:07:00,2026-01-24 14:51:18.034471,2026-01-24 17:48:51.458009,2026-01-25 10:59:31.841913,26.88,Rail,On Time,28,6.738342908611111,2.959284316111111,17.17788441777778,26.875511642499998,0
SHP0051,Chennai,Salem,Chennai,2026-05-29 04:32:00,2026-05-29 09:11:42.093382,2026-05-29 12:02:44.267248,2026-05-29 17:12:43.992527,12.68,Rail,On Time,2,4.661692606111111,2.8506038516666665,5.166590355277777,12.678886813055556,0
SHP0052,Bengaluru,Delhi,Hyderabad,2026-05-08 21:38:00,2026-05-09 00:26:05.301262,2026-05-09 12:56:48.138386,2026-05-10 04:42:03.024130,31.07,Road,On Time,5,2.801472572777778,12.51189920111111,15.754134928888888,31.06750670277778,0
SHP0053,Salem,Kochi,Bengaluru,2026-03-02 07:16:00,2026-03-02 15:23:03.052076,2026-03-02 20:28:57.708074,2026-03-04 19:13:50.205364,59.96,Road,Delayed,1,8.117514465555555,5.098515555,46.74791591388889,59.963945934444446,1
SHP0054,Kochi,Pune,Hyderabad,2026-04-28 10:05:00,2026-04-28 20:31:11.097492,2026-04-29 04:04:17.360533,2026-04-29 14:11:07.040858,28.1,Air,Delayed,5,10.43641597,7.551739733611111,10.113800090277778,28.101955793888887,1
SHP0055,Kochi,Salem,Chennai,2026-06-19 13:55:00,2026-06-19 15:25:30.622382,2026-06-19 17:44:49.688693,2026-06-19 19:44:49.688693,5.83,Air,On Time,2,1.5085062172222221,2.3219628641666668,2.0,5.830469081388889,0
SHP0056,Madurai,Madurai,Hyderabad,2026-04-11 08:40:00,2026-04-11 14:03:28.253107,2026-04-11 18:21:59.396417,2026-04-13 12:06:17.081093,51.44,Road,Delayed,20,5.3911814186111116,4.308650919444444,41.73824574333334,51.43807808138889,1
SHP0057,Kochi,Delhi,Bengaluru,2026-05-05 07:09:00,2026-05-05 14:10:40.675249,2026-05-05 17:14:58.740883,2026-05-06 04:42:38.686526,21.56,Rail,On Time,26,7.027965346944445,3.0716848983333334,11.461096011944445,21.560746257222224,0
SHP0058,Hyderabad,Pune,Chennai,2026-06-29 22:15:00,2026-06-30 06:48:14.846351,2026-06-30 15:24:28.201673,2026-07-01 14:00:07.000160,39.75,Road,On Time,28,8.55412398638889,8.603709811666667,22.594110690833332,39.75194448888889,0
SHP0059,Pune,Coimbatore,Bengaluru,2026-04-13 05:23:00,2026-04-13 11:10:15.249118,2026-04-13 14:46:05.235537,2026-04-16 03:37:00.575109,70.23,Road,Delayed,1,5.7875691994444445,3.5972184497222224,60.84870543666666,70.23349308583333,1
SHP0060,Kochi,Kochi,Mumbai,2026-02-21 12:02:00,2026-02-21 19:02:24.359087,2026-02-22 02:26:04.589768,2026-02-22 14:49:30.455145,26.79,Rail,On Time,29,7.006766413055556,7.394508522500001,12.390518160277779,26.791793095833334,0
SHP0061,Kochi,Hyderabad,Mumbai,2026-01-28 23:20:00,2026-01-29 15:42:02.738434,2026-01-29 18:30:54.646582,2026-01-29 21:00:46.437475,21.68,Air,On Time,9,16.367427342777777,2.81441893,2.4977196925,21.679565965277778,0
SHP0062,Kochi,Coimbatore,Mumbai,2026-02-28 19:07:00,2026-03-01 05:26:24.811189,2026-03-01 15:22:24.762865,2026-03-02 06:33:39.275750,35.44,Road,On Time,30,10.323558663611111,9.93331991,15.187364690277777,35.444243263888886,0
SHP0063,Bengaluru,Delhi,Chennai,2026-06-21 19:37:00,2026-06-21 22:08:01.206650,2026-06-21 23:03:18.762391,2026-06-22 11:30:09.622974,15.89,Road,On Time,2,2.517001847222222,0.921543261388889,12.447461273055556,15.886006381666666,0
SHP0064,Bengaluru,Delhi,Chennai,2026-01-19 14:12:00,2026-01-19 20:02:28.564266,2026-01-20 01:35:48.000029,2026-01-21 13:15:18.114979,47.06,Road,Delayed,19,5.841267851666667,5.5553988230555555,35.65836526388889,47.055031938611116,1
SHP0065,Pune,Delhi,Coimbatore,2026-03-16 22:48:00,2026-03-17 11:23:27.840105,2026-03-17 14:37:02.479567,2026-03-18 10:35:38.329598,35.79,Road,On Time,26,12.591066695833334,3.226288739444444,19.97662500861111,35.79398044388889,0
SHP0066,Coimbatore,Delhi,Chennai,2026-05-02 18:03:00,2026-05-02 20:34:20.026354,2026-05-03 10:53:33.818213,2026-05-04 06:07:58.358066,36.08,Road,On Time,11,2.5222295427777777,14.32049773861111,19.240149959166665,36.082877240555554,0
SHP0067,Chennai,Pune,Mumbai,2026-05-13 11:54:00,2026-05-13 19:28:33.916998,2026-05-14 07:53:10.276898,2026-05-18 14:43:56.488876,122.83,Rail,Delayed,18,7.5760880550000005,12.410099972222223,102.84616999388889,122.8323580211111,1
SHP0068,Madurai,Madurai,Chennai,2026-06-23 14:46:00,2026-06-24 04:49:47.425824,2026-06-24 06:34:24.476529,2026-06-24 18:15:13.329011,27.49,Road,On Time,20,14.06317384,1.7436251958333333,11.680236800555557,27.487035836388888,0
SHP0069,Madurai,Delhi,Chennai,2026-06-10 14:34:00,2026-06-10 21:02:54.909812,2026-06-11 05:08:13.762583,2026-06-11 19:15:52.416773,28.7,Road,On Time,28,6.481919392222223,8.088570214166667,14.127403941666667,28.697893548055557,0
SHP0070,Madurai,Bengaluru,Chennai,2026-01-01 12:37:00,2026-01-01 20:56:47.294450,2026-01-02 00:34:53.210575,2026-01-04 07:35:25.173895,66.97,Rail,Delayed,9,8.32980401388889,3.6349767013888887,55.008878700000004,66.97365941527778,1
SHP0071,Coimbatore,Hyderabad,Hyderabad,2026-02-18 07:28:00,2026-02-18 12:41:42.104143,2026-02-18 21:34:24.987324,2026-02-19 03:27:17.155885,19.99,Air,On Time,24,5.2283622619444445,8.87857866138889,5.881157933611111,19.988098856944443,0
SHP0072,Kochi,Coimbatore,Chennai,2026-05-14 07:33:00,2026-05-14 10:53:11.786048,2026-05-14 12:32:25.455334,2026-05-14 19:38:30.663946,12.09,Air,On Time,4,3.3366072355555554,1.653797023888889,7.101446836666666,12.091851096111112,0
SHP0073,Chennai,Chennai,Chennai,2026-05-21 04:52:00,2026-05-21 07:31:06.799829,2026-05-21 13:06:43.009062,2026-05-23 04:54:12.345580,48.04,Road,Delayed,2,2.651888841388889,5.593391453611112,39.79148236611111,48.03676266111111,1
SHP0074,Madurai,Salem,Hyderabad,2026-01-21 05:55:00,2026-01-21 08:56:44.130377,2026-01-21 14:20:25.312000,2026-01-22 00:37:46.329455,18.71,Road,On Time,16,3.028925104722222,5.394772673055556,10.289171515277777,18.712869293055554,0
SHP0075,Salem,Bengaluru,Chennai,2026-06-05 15:20:00,2026-06-06 07:16:16.889521,2026-06-06 14:51:50.256173,2026-06-07 00:16:01.957726,32.93,Road,On Time,21,15.938024866944444,7.592601847777778,9.403250431388889,32.93387714611111,0
SHP0076,Salem,Salem,Chennai,2026-01-04 22:49:00,2026-01-05 07:49:38.463653,2026-01-05 16:00:46.285282,2026-01-05 18:25:18.674245,19.61,Road,On Time,28,9.010684348055555,8.185506008055555,2.4089969341666664,19.60518729027778,0
SHP0077,Chennai,Pune,Coimbatore,2026-03-31 04:00:00,2026-03-31 10:55:45.309704,2026-03-31 14:31:44.214499,2026-04-01 06:29:23.813768,26.49,Rail,On Time,1,6.929252695555555,3.599695776388889,15.960999796944444,26.48994826888889,0
SHP0078,Salem,Mumbai,Bengaluru,2026-06-13 22:44:00,2026-06-14 11:34:18.761265,2026-06-14 19:05:43.157953,2026-06-16 06:16:54.160511,55.55,Road,Delayed,30,12.838544795833334,7.523443524444445,35.18638959944444,55.54837791972222,1
SHP0079,Coimbatore,Coimbatore,Bengaluru,2026-06-05 09:19:00,2026-06-05 10:16:03.896334,2026-06-05 12:10:19.176204,2026-06-08 13:56:59.524063,76.63,Road,Delayed,1,0.951082315,1.9042444083333334,73.77787440527777,76.6332011286111,1
SHP0080,Hyderabad,Bengaluru,Hyderabad,2026-02-12 18:43:00,2026-02-12 23:51:48.789967,2026-02-13 03:42:25.066186,2026-02-13 11:05:40.161578,16.38,Road,On Time,4,5.146886101944444,3.843410060833333,7.3875264977777775,16.377822660555555,0
SHP0081,Kochi,Chennai,Mumbai,2026-03-12 02:54:00,2026-03-12 09:25:33.477443,2026-03-12 12:26:36.075432,2026-03-13 10:42:39.050876,31.81,Road,On Time,4,6.525965956388889,3.0173883302777775,22.267493178888888,31.810847465555554,0
SHP0082,Bengaluru,Pune,Chennai,2026-06-26 01:22:00,2026-06-26 09:01:39.324710,2026-06-26 18:15:57.074648,2026-06-28 06:51:05.258333,53.48,Rail,On Time,26,7.660923530555555,9.238263871666668,36.585606579166665,53.48479398138889,0
SHP0083,Salem,Pune,Bengaluru,2026-04-07 03:04:00,2026-04-07 14:54:11.666844,2026-04-07 17:05:10.929307,2026-04-09 10:45:07.921650,55.69,Rail,Delayed,22,11.836574123333333,2.1831284619444444,41.66583120638889,55.68553379166667,1
SHP0084,Chennai,Kochi,Coimbatore,2026-06-19 08:31:00,2026-06-19 13:25:15.062933,2026-06-19 16:29:19.179796,2026-06-20 01:20:18.989060,16.82,Road,On Time,3,4.904184148055556,3.067810239722222,8.849947017777778,16.821941405555556,0
SHP0085,Pune,Salem,Hyderabad,2026-02-14 03:03:00,2026-02-14 04:12:51.943944,2026-02-14 07:20:18.224439,2026-02-14 14:56:07.348921,11.89,Air,On Time,7,1.1644288733333332,3.123966804166667,7.596979022777777,11.885374700277778,0
SHP0086,Pune,Kochi,Hyderabad,2026-03-22 05:44:00,2026-03-22 09:12:03.262251,2026-03-22 10:34:18.653537,2026-03-25 02:44:07.095477,69.0,Road,Delayed,4,3.4675728475,1.370942023888889,64.16345609444444,69.00197096583334,1
SHP0087,Bengaluru,Chennai,Mumbai,2026-05-26 03:32:00,2026-05-26 10:31:26.552148,2026-05-26 16:14:36.441926,2026-05-28 14:03:26.799334,58.52,Road,Delayed,22,6.990708929999999,5.719413827222223,45.81398816888889,58.52411092611111,1
SHP0088,Chennai,Hyderabad,Mumbai,2026-01-13 10:23:00,2026-01-13 16:14:03.659780,2026-01-13 19:55:57.377794,2026-01-15 06:13:04.947397,43.83,Road,Delayed,6,5.851016605555556,3.698255003888889,34.28543600083333,43.83470761027778,1
SHP0089,Chennai,Mumbai,Chennai,2026-03-27 08:50:00,2026-03-27 17:01:30.506834,2026-03-28 01:01:00.526704,2026-03-28 19:23:43.428068,34.56,Road,On Time,23,8.191807453888888,7.991672186111111,18.378583712222223,34.56206335222222,0
SHP0090,Bengaluru,Madurai,Chennai,2026-01-17 10:06:00,2026-01-17 18:48:12.960998,2026-01-17 20:53:33.291748,2026-01-18 18:25:59.006034,32.33,Road,On Time,29,8.703600277222222,2.088980763888889,21.540476190555555,32.333057231666665,0
SHP0091,Madurai,Delhi,Mumbai,2026-04-21 18:19:00,2026-04-21 23:11:08.543465,2026-04-22 05:08:14.047471,2026-04-22 10:59:05.504861,16.67,Air,On Time,30,4.869039851388888,5.951528890555555,5.847627052777778,16.668195794722223,0
SHP0092,Hyderabad,Delhi,Coimbatore,2026-04-05 00:42:00,2026-04-05 05:00:04.877840,2026-04-05 10:23:16.506518,2026-04-05 22:13:52.428674,21.53,Road,On Time,5,4.3013549555555555,5.386563521666667,11.84331171,21.53123018722222,0
SHP0093,Hyderabad,Bengaluru,Bengaluru,2026-01-06 16:17:00,2026-01-07 07:17:53.866671,2026-01-07 20:25:18.562000,2026-01-08 07:26:29.513367,39.16,Rail,On Time,24,15.014962964166667,13.123526480277778,11.019708713055556,39.1581981575,0
SHP0094,Salem,Delhi,Chennai,2026-01-12 07:34:00,2026-01-12 12:20:59.534825,2026-01-12 21:21:38.816562,2026-01-13 08:14:44.861238,24.68,Road,On Time,14,4.783204118055555,9.01091159361111,10.88501241,24.679128121666665,0
SHP0095,Pune,Madurai,Chennai,2026-01-07 19:52:00,2026-01-08 04:48:31.210485,2026-01-08 09:38:44.554370,2026-01-09 08:04:51.672313,36.21,Road,On Time,29,8.9420029125,4.837039968055555,22.435310539722224,36.21435342027778,0
SHP0096,Hyderabad,Coimbatore,Chennai,2026-02-03 02:24:00,2026-02-03 17:02:39.630486,2026-02-03 23:20:21.737279,2026-02-04 08:35:58.070957,30.2,Road,On Time,29,14.644341801666668,6.295029664722222,9.260092688333334,30.19946415472222,0
SHP0097,Hyderabad,Chennai,Chennai,2026-01-01 13:10:00,2026-01-01 21:57:00.202475,2026-01-02 03:02:06.810535,2026-01-02 13:43:47.353000,24.56,Air,Delayed,10,8.783389576388888,5.085168905555555,10.694595129166666,24.56315361111111,1
SHP0098,Salem,Delhi,Hyderabad,2026-06-01 07:23:00,2026-06-01 13:35:56.629496,2026-06-01 15:16:16.040481,2026-06-02 08:07:13.961815,24.74,Road,On Time,5,6.215730415555556,1.6720586069444445,16.849422592777778,24.73721161527778,0
SHP0099,Chennai,Kochi,Hyderabad,2026-02-08 03:57:00,2026-02-08 08:31:14.035713,2026-02-08 12:45:49.304617,2026-02-09 09:41:22.465126,29.74,Road,On Time,28,4.570565475833334,4.243130251111111,20.925877919166666,29.73957364611111,0
SHP0100,Bengaluru,Coimbatore,Chennai,2026-05-23 00:35:00,2026-05-23 08:58:58.425941,2026-05-23 11:28:48.539237,2026-05-25 16:56:01.908284,64.35,Road,Delayed,19,8.39956276138889,2.497253693333333,53.45371362416666,64.3505300788889,1
SHP0101,Pune,Pune,Bengaluru,2026-04-05 20:25:00,2026-04-06 03:04:40.112036,2026-04-06 07:48:44.612078,2026-04-06 09:58:14.179449,13.55,Air,On Time,11,6.661142232222222,4.734583345,2.1582131586111113,13.553938735833334,0
SHP0102,Pune,Kochi,Mumbai,2026-05-16 10:08:00,2026-05-16 21:16:53.137657,2026-05-17 09:28:59.700774,2026-05-18 08:49:04.426498,46.68,Road,Delayed,20,11.14809379361111,12.201823088055555,23.334646034444447,46.684562916111105,1
SHP0103,Salem,Kochi,Bengaluru,2026-03-01 17:29:00,2026-03-01 23:18:14.511233,2026-03-02 02:11:42.060767,2026-03-02 10:32:51.672341,17.06,Air,On Time,13,5.820697564722223,2.8909859816666668,8.352669881666666,17.064353428055554,0
SHP0104,Madurai,Hyderabad,Coimbatore,2026-02-25 03:44:00,2026-02-25 05:05:39.151406,2026-02-25 06:40:37.094553,2026-02-25 20:19:19.664910,16.59,Rail,On Time,1,1.3608753905555555,1.5827619852777777,13.645158432499999,16.588795808333334,0
SHP0105,Salem,Salem,Chennai,2026-02-20 17:55:00,2026-02-21 01:51:26.393123,2026-02-21 07:18:30.846025,2026-02-21 09:34:33.379228,15.66,Road,On Time,9,7.940664756388889,5.451236917222222,2.2673703341666664,15.659272007777778,0
SHP0106,Madurai,Hyderabad,Bengaluru,2026-04-04 18:13:00,2026-04-04 22:36:44.325160,2026-04-05 01:13:40.316199,2026-04-05 17:41:06.059045,23.47,Air,Delayed,12,4.395645877777778,2.615553066388889,16.457150790555556,23.468349734722224,1
SHP0107,Salem,Mumbai,Hyderabad,2026-06-04 10:34:00,2026-06-04 18:51:04.529259,2026-06-04 21:10:25.528874,2026-06-05 13:28:49.751885,26.91,Road,On Time,17,8.284591460833333,2.322499893055556,16.306728614166666,26.913819968055556,0
SHP0108,Madurai,Delhi,Mumbai,2026-06-29 15:56:00,2026-06-29 23:47:23.121251,2026-06-30 01:57:34.892959,2026-07-01 17:38:28.495910,49.71,Rail,On Time,23,7.8564225697222225,2.1699365855555555,39.68155637527778,49.70791553055555,0
SHP0109,Madurai,Madurai,Coimbatore,2026-02-21 19:17:00,2026-02-21 22:34:36.862423,2026-02-22 00:19:10.807737,2026-02-22 09:54:59.908161,14.63,Road,On Time,7,3.293572895277778,1.742762587222222,9.596972339999999,14.633307822499999,0
SHP0110,Salem,Delhi,Chennai,2026-04-20 03:13:00,2026-04-20 08:16:52.764418,2026-04-20 10:01:02.324455,2026-04-23 22:25:04.939961,91.2,Rail,Delayed,4,5.064656782777777,1.7359888991666668,84.40072652944444,91.20137221138889,1
SHP0111,Kochi,Mumbai,Mumbai,2026-06-19 04:05:00,2026-06-19 11:31:10.543066,2026-06-19 15:25:46.718323,2026-06-19 22:03:10.321617,17.97,Road,On Time,5,7.4362619627777775,3.9100486825000003,6.623223137222222,17.9695337825,0
SHP0112,Coimbatore,Salem,Bengaluru,2026-02-14 02:35:00,2026-02-14 12:13:16.182964,2026-02-14 16:03:07.520212,2026-02-16 04:13:26.840941,49.64,Road,Delayed,16,9.637828601111112,3.830927013333333,36.172033535833336,49.640789150277776,1
SHP0113,Madurai,Bengaluru,Bengaluru,2026-02-08 01:07:00,2026-02-08 08:04:22.714244,2026-02-08 13:20:46.302922,2026-02-09 01:56:23.592468,24.82,Road,On Time,2,6.956309512222222,5.2732190772222225,12.593691540555556,24.82322013,0
SHP0114,Bengaluru,Bengaluru,Hyderabad,2026-01-31 09:07:00,2026-01-31 14:02:31.916270,2026-01-31 17:45:29.368002,2026-02-01 20:08:56.416000,35.03,Rail,On Time,15,4.925532297222222,3.7159588144444444,26.39084666611111,35.03233777777778,0
SHP0115,Madurai,Chennai,Chennai,2026-01-16 21:04:00,2026-01-17 03:06:27.804271,2026-01-17 06:46:27.630949,2026-01-18 06:11:45.566845,33.13,Road,On Time,14,6.041056741944445,3.6666185216666665,23.421648859999998,33.12932412361111,0
SHP0116,Chennai,Delhi,Hyderabad,2026-03-24 02:42:00,2026-03-24 15:01:01.558804,2026-03-24 23:04:46.514575,2026-03-26 01:18:26.831146,46.61,Road,Delayed,25,12.317099667777779,8.062487714166666,26.22786571416667,46.607453096111115,1
SHP0117,Coimbatore,Kochi,Bengaluru,2026-03-16 08:04:00,2026-03-16 11:50:58.595830,2026-03-16 17:23:06.155586,2026-03-17 11:47:52.671017,27.73,Road,On Time,7,3.782943286111111,5.535433265555556,18.412920953055558,27.73129750472222,0
SHP0118,Chennai,Delhi,Bengaluru,2026-06-03 22:00:00,2026-06-04 01:32:07.996617,2026-06-04 05:09:26.560985,2026-06-05 03:04:22.719104,29.07,Air,Delayed,5,3.5355546158333335,3.621823435555555,21.9155994775,29.072977528888888,1
SHP0119,Bengaluru,Salem,Chennai,2026-06-20 15:13:00,2026-06-20 17:31:04.204016,2026-06-20 19:38:28.772711,2026-06-25 09:54:57.027990,114.7,Rail,Delayed,9,2.301167782222222,2.1234913041666665,110.27451535527777,114.69917444166666,1
SHP0120,Coimbatore,Chennai,Coimbatore,2026-04-22 16:51:00,2026-04-22 19:15:01.634759,2026-04-22 20:08:48.228390,2026-04-24 00:17:48.279673,31.45,Road,On Time,8,2.4004540997222223,0.8962760086111111,28.150014245277777,31.44674435361111,0
SHP0121,Salem,Pune,Bengaluru,2026-04-26 08:06:00,2026-04-26 17:27:55.345752,2026-04-26 19:27:10.846378,2026-04-28 04:38:12.094982,44.54,Road,Delayed,21,9.36537382,1.9876390627777778,33.18368016777777,44.536693050555556,1
SHP0122,Hyderabad,Delhi,Bengaluru,2026-06-01 12:50:00,2026-06-01 23:33:08.556198,2026-06-02 12:22:19.681456,2026-06-02 23:57:35.754232,35.13,Road,On Time,29,10.719043388333333,12.819757016111112,11.587797993333334,35.12659839777778,0
SHP0123,Kochi,Chennai,Chennai,2026-04-05 02:37:00,2026-04-05 08:21:19.641141,2026-04-05 10:38:26.708005,2026-04-05 22:18:14.538789,19.69,Road,On Time,6,5.738789205833333,2.285296351111111,11.663286328888889,19.687371885833333,0
SHP0124,Madurai,Madurai,Coimbatore,2026-05-25 10:51:00,2026-05-25 15:37:56.070617,2026-05-25 17:49:13.698149,2026-05-25 20:12:03.239615,9.35,Road,On Time,27,4.782241838055556,2.1882298700000002,2.380428185,9.350899893055555,0
SHP0125,Salem,Delhi,Hyderabad,2026-05-05 19:23:00,2026-05-06 03:55:11.519835,2026-05-06 08:50:04.791776,2026-05-07 06:44:00.169083,35.35,Rail,On Time,16,8.5365332875,4.914797761388889,21.898715918611114,35.3500469675,0
SHP0126,Kochi,Delhi,Chennai,2026-02-28 22:27:00,2026-03-01 05:51:08.935325,2026-03-01 08:27:21.393400,2026-03-01 21:02:28.454910,22.59,Air,Delayed,15,7.4024820347222215,2.603460576388889,12.585294863888889,22.591237475,1
SHP0127,Kochi,Salem,Hyderabad,2026-04-15 04:23:00,2026-04-15 08:11:30.590625,2026-04-15 11:38:34.173398,2026-04-15 15:39:13.466878,11.27,Road,On Time,11,3.8084973958333337,3.450995214722222,4.010914855555556,11.270407466111111,0
SHP0128,Hyderabad,Bengaluru,Bengaluru,2026-03-11 07:33:00,2026-03-11 14:47:42.933131,2026-03-11 17:21:09.158819,2026-03-12 17:53:37.158872,34.34,Road,On Time,14,7.245259203055556,2.5572849133333335,24.541111125833332,34.34365524222222,0
SHP0129,Madurai,Salem,Hyderabad,2026-06-05 15:16:00,2026-06-05 18:52:14.077314,2026-06-05 21:41:12.189301,2026-06-07 13:57:52.292413,46.7,Road,Delayed,7,3.603910365,2.816142218611111,40.277806420000005,46.69785900361111,1
SHP0130,Chennai,Hyderabad,Chennai,2026-06-02 17:50:00,2026-06-03 02:13:59.010642,2026-06-03 06:35:10.439133,2026-06-04 06:21:41.003421,36.53,Air,Delayed,12,8.399725178333334,4.3531745808333335,23.775156746666664,36.528056505833334,1
SHP0131,Chennai,Chennai,Hyderabad,2026-02-13 08:34:00,2026-02-13 17:03:35.882108,2026-02-13 21:11:03.897463,2026-02-15 07:51:29.882221,47.29,Rail,On Time,15,8.493300585555556,4.124448709722222,34.673884655,47.29163395027778,0
SHP0132,Hyderabad,Pune,Chennai,2026-03-20 12:02:00,2026-03-20 15:02:54.543806,2026-03-20 23:09:52.463692,2026-03-21 13:53:56.884702,25.87,Road,On Time,24,3.015151057222222,8.116088857222222,14.734561391666666,25.86580130611111,0
SHP0133,Kochi,Pune,Hyderabad,2026-01-22 08:40:00,2026-01-22 15:18:36.794689,2026-01-22 17:40:47.280323,2026-01-23 04:00:09.944177,19.34,Road,On Time,4,6.643554080277777,2.369579342777778,10.322962181666666,19.33609560472222,0
SHP0134,Kochi,Bengaluru,Bengaluru,2026-06-08 20:49:00,2026-06-09 01:58:08.323470,2026-06-09 08:05:40.554864,2026-06-10 05:50:49.110275,33.03,Road,On Time,24,5.152312075,6.125619831666667,21.752376503055554,33.030308409722224,0
SHP0135,Coimbatore,Coimbatore,Coimbatore,2026-04-24 01:04:00,2026-04-24 06:48:10.109263,2026-04-24 10:54:59.365811,2026-04-25 18:26:56.392254,41.38,Road,On Time,21,5.736141461944444,4.113682374444444,31.532507345277775,41.38233118166667,0
SHP0136,Bengaluru,Salem,Chennai,2026-02-03 16:21:00,2026-02-04 02:33:56.520038,2026-02-04 07:39:53.104097,2026-02-05 18:56:24.763433,50.59,Road,Delayed,3,10.215700010555556,5.0990511275,35.27546092666667,50.590212064722216,1
SHP0137,Kochi,Delhi,Coimbatore,2026-01-25 07:46:00,2026-01-25 14:04:55.036180,2026-01-25 15:44:00.658000,2026-01-26 23:52:19.096498,40.11,Road,On Time,13,6.3152878277777775,1.6515616166666667,32.138455138333335,40.10530458277778,0
SHP0138,Coimbatore,Bengaluru,Mumbai,2026-02-26 05:20:00,2026-02-26 09:52:54.962172,2026-02-26 17:18:20.282562,2026-02-28 05:02:35.990911,47.71,Road,Delayed,29,4.548600603333333,7.423700108333334,35.73769676361111,47.70999747527778,1
SHP0139,Chennai,Mumbai,Coimbatore,2026-05-23 23:03:00,2026-05-24 07:13:12.898973,2026-05-24 12:33:37.437023,2026-05-25 21:52:24.450727,46.82,Road,Delayed,14,8.170249714722223,5.340149458333333,33.31305936222222,46.82345853527777,1
SHP0140,Salem,Chennai,Hyderabad,2026-04-08 14:13:00,2026-04-08 23:51:12.954884,2026-04-09 01:48:45.643490,2026-04-11 00:09:17.685675,57.94,Rail,Delayed,25,9.636931912222222,1.9590801683333332,46.34223394027778,57.93824602083333,1
SHP0141,Bengaluru,Pune,Hyderabad,2026-03-21 01:55:00,2026-03-21 07:44:52.959406,2026-03-21 11:55:07.402672,2026-03-21 15:01:19.172820,13.11,Air,On Time,22,5.8313776127777786,4.170678685,3.1032694855555554,13.105325783333333,0
SHP0142,Pune,Coimbatore,Mumbai,2026-01-16 20:48:00,2026-01-17 04:04:23.388896,2026-01-17 15:36:48.155525,2026-01-18 13:16:59.511090,40.48,Road,On Time,2,7.273163582222223,11.5402129525,21.669820990277778,40.483197525,0
SHP0143,Hyderabad,Mumbai,Chennai,2026-03-06 05:04:00,2026-03-06 09:20:43.331005,2026-03-06 15:40:10.167816,2026-03-08 07:38:00.793005,50.57,Road,Delayed,5,4.278703056944445,6.324121336388889,39.9640625525,50.56688694583334,1
SHP0144,Hyderabad,Madurai,Hyderabad,2026-04-28 14:10:00,2026-04-29 01:56:56.263474,2026-04-29 04:41:34.706880,2026-05-01 06:52:12.362757,64.7,Road,Delayed,26,11.782295409444444,2.744012057222222,50.177126632500006,64.70343409916667,1
SHP0145,Hyderabad,Bengaluru,Hyderabad,2026-03-18 09:25:00,2026-03-18 19:56:19.731302,2026-03-18 21:24:31.348812,2026-03-20 20:56:44.383002,59.53,Road,Delayed,6,10.52214758388889,1.4698937527777778,47.53695394166667,59.52899527833333,1
SHP0146,Kochi,Salem,Mumbai,2026-05-29 05:44:00,2026-05-29 07:14:51.427866,2026-05-29 10:33:55.487792,2026-05-31 16:14:15.954469,58.5,Road,Delayed,4,1.5142855183333332,3.317794423888889,53.67235185472222,58.504431796944445,1
SHP0147,Kochi,Chennai,Coimbatore,2026-05-10 19:01:00,2026-05-11 01:33:14.808878,2026-05-11 09:31:11.243870,2026-05-12 01:06:06.643157,30.09,Road,On Time,20,6.5374469105555555,7.965676386666666,15.5820553575,30.08517865472222,0
SHP0148,Hyderabad,Delhi,Coimbatore,2026-06-12 20:39:00,2026-06-13 01:20:44.048342,2026-06-13 04:41:02.694821,2026-06-15 02:33:09.189476,53.9,Rail,On Time,13,4.695568983888888,3.338512910833334,45.8684707375,53.902552632222225,0
SHP0149,Kochi,Mumbai,Bengaluru,2026-04-24 11:41:00,2026-04-24 19:02:47.483972,2026-04-24 21:17:23.551089,2026-04-25 01:48:20.794277,14.12,Road,On Time,25,7.363189992222223,2.2433519769444445,4.515900885555555,14.122442854722223,0
SHP0150,Bengaluru,Salem,Coimbatore,2026-02-10 16:19:00,2026-02-10 22:17:22.287702,2026-02-11 00:25:12.053510,2026-02-15 09:34:02.293139,113.25,Rail,Delayed,27,5.972857695,2.1304905022222225,105.14728878583334,113.25063698305556,1
SHP0151,Madurai,Pune,Hyderabad,2026-01-31 18:08:00,2026-01-31 22:27:20.752019,2026-02-01 00:24:40.842106,2026-02-02 16:55:27.296862,46.79,Rail,On Time,22,4.322431116388889,1.955580579722222,40.51290409888889,46.790915795,0
SHP0152,Bengaluru,Salem,Coimbatore,2026-01-28 01:52:00,2026-01-28 03:36:30.036242,2026-01-28 04:32:48.698641,2026-01-28 16:21:12.867503,14.49,Rail,On Time,3,1.741676733888889,0.9385173330555555,11.806713572777777,14.486907639722222,0
SHP0153,Madurai,Madurai,Bengaluru,2026-02-11 21:22:00,2026-02-12 05:31:53.356880,2026-02-12 09:21:38.287199,2026-02-13 13:18:43.523861,39.95,Road,On Time,15,8.164821355555555,3.829147310833333,27.951454628333334,39.94542329472222,0
SHP0154,Chennai,Coimbatore,Bengaluru,2026-06-12 09:26:00,2026-06-12 15:43:14.998551,2026-06-12 23:51:24.092484,2026-06-13 21:32:35.575228,36.11,Road,On Time,8,6.2874995975,8.135859425833333,21.686522984444444,36.10988200777778,0
SHP0155,Madurai,Coimbatore,Chennai,2026-04-15 18:24:00,2026-04-16 04:20:41.869212,2026-04-16 09:47:57.125030,2026-04-16 18:38:47.039787,24.25,Road,On Time,15,9.94496367,5.454237727222223,8.84719854361111,24.246399940833335,0
SHP0156,Pune,Madurai,Hyderabad,2026-05-19 22:45:00,2026-05-20 12:18:31.225802,2026-05-20 19:02:07.901907,2026-05-22 03:51:59.172780,53.12,Rail,On Time,30,13.55867383388889,6.726854473611111,32.830908575833334,53.11643688333333,0
SHP0157,Pune,Mumbai,Bengaluru,2026-04-21 21:05:00,2026-04-22 04:12:33.463831,2026-04-22 06:18:26.676858,2026-04-23 01:03:25.039613,27.97,Road,On Time,9,7.125962175277778,2.098114729722222,18.74954520972222,27.97362211472222,0
SHP0158,Chennai,Hyderabad,Chennai,2026-02-10 20:47:00,2026-02-11 04:15:23.267676,2026-02-11 09:44:53.900130,2026-02-11 18:58:01.309343,22.18,Road,On Time,25,7.47312991,5.491842348333333,9.218724781388888,22.183697039722222,0
SHP0159,Kochi,Madurai,Mumbai,2026-01-02 05:05:00,2026-01-02 07:33:52.379412,2026-01-02 11:04:50.868417,2026-01-03 12:05:27.869071,31.01,Road,On Time,13,2.4812165033333335,3.516246945833333,25.010277959444444,31.00774140861111,0
SHP0160,Hyderabad,Madurai,Chennai,2026-03-07 16:18:00,2026-03-08 02:22:06.763295,2026-03-08 07:18:03.278028,2026-03-08 21:36:28.848000,29.31,Road,On Time,30,10.068545359722222,4.932365203611111,14.30710277,29.30801333333333,0
SHP0161,Madurai,Kochi,Bengaluru,2026-02-01 08:30:00,2026-02-01 12:24:59.707089,2026-02-01 13:28:20.000760,2026-02-02 02:57:29.950842,18.46,Road,On Time,6,3.9165853024999997,1.0556371308333332,13.486097245000002,18.458319678333336,0
SHP0162,Salem,Coimbatore,Bengaluru,2026-01-14 03:00:00,2026-01-14 05:42:36.443229,2026-01-14 13:02:34.492319,2026-01-14 15:09:20.050263,12.16,Air,On Time,8,2.7101231191666666,7.332791413888889,2.1126549844444447,12.1555695175,0
SHP0163,Bengaluru,Coimbatore,Chennai,2026-02-08 08:46:00,2026-02-08 15:41:40.417899,2026-02-08 20:14:46.504510,2026-02-10 09:58:50.406393,49.21,Rail,On Time,28,6.927893860833334,4.551690725277777,37.73441718972222,49.21400177583334,0
SHP0164,Coimbatore,Coimbatore,Chennai,2026-04-25 00:22:00,2026-04-25 04:33:45.769862,2026-04-25 08:59:07.763937,2026-04-28 14:44:44.967396,86.38,Rail,Delayed,12,4.196047183888889,4.4227761319444445,77.76033429416667,86.37915761,1
SHP0165,Coimbatore,Delhi,Hyderabad,2026-04-05 09:28:00,2026-04-05 17:56:22.956743,2026-04-05 19:16:16.506241,2026-04-06 19:58:57.949483,34.52,Road,On Time,2,8.473043539722221,1.3315415272222224,24.711512011666667,34.51609707861111,0
SHP0166,Salem,Mumbai,Hyderabad,2026-01-11 11:00:00,2026-01-11 17:13:26.735842,2026-01-11 22:44:22.328420,2026-01-12 16:22:29.416527,29.37,Road,On Time,27,6.224093289444444,5.515442382777778,17.635302251944445,29.374837924166666,0
SHP0167,Kochi,Madurai,Bengaluru,2026-04-02 04:12:00,2026-04-02 10:07:53.927618,2026-04-02 13:08:47.407805,2026-04-04 02:23:46.671895,46.2,Road,Delayed,18,5.931646560555556,3.0148556075,37.249795580555556,46.196297748611116,1
SHP0168,Madurai,Pune,Chennai,2026-03-23 22:22:00,2026-03-24 10:27:18.206039,2026-03-25 04:24:33.240441,2026-03-26 13:16:44.753295,62.91,Rail,Delayed,29,12.088390566388888,17.95417622277778,32.86986468166667,62.91243147083333,1
SHP0169,Chennai,Mumbai,Chennai,2026-04-22 01:15:00,2026-04-22 10:43:07.057976,2026-04-22 15:38:46.239592,2026-04-23 19:53:42.667723,42.65,Road,Delayed,27,9.468627215555555,4.92755044888889,28.249007814166664,42.64518547861111,1
SHP0170,Salem,Kochi,Bengaluru,2026-02-23 04:41:00,2026-02-23 09:18:52.927196,2026-02-23 11:07:43.054169,2026-02-24 03:29:35.585938,22.81,Road,On Time,20,4.631368665555556,1.8139241591666668,16.364592158055554,22.809884982777778,0
SHP0171,Bengaluru,Chennai,Bengaluru,2026-05-16 07:47:00,2026-05-16 12:08:02.088771,2026-05-16 14:04:36.732735,2026-05-17 21:03:15.732253,37.27,Rail,On Time,1,4.3505802141666665,1.9429566566666667,30.97749986611111,37.271036736944446,0
SHP0172,Salem,Kochi,Hyderabad,2026-04-09 19:52:00,2026-04-10 00:19:35.052819,2026-04-10 01:39:40.616586,2026-04-10 10:52:56.641407,15.02,Road,On Time,16,4.459736894166666,1.3348788241666665,9.221118005833333,15.015733724166667,0
SHP0173,Chennai,Hyderabad,Hyderabad,2026-01-19 18:12:00,2026-01-19 22:35:20.228287,2026-01-20 05:03:09.840744,2026-01-20 20:42:20.451746,26.51,Road,On Time,15,4.388952301944444,6.463781238055556,15.652947500555555,26.505681040555558,0
SHP0174,Kochi,Pune,Chennai,2026-01-31 18:43:00,2026-02-01 01:00:48.524661,2026-02-01 08:21:21.701552,2026-02-02 01:26:33.546611,30.73,Air,Delayed,28,6.296812405833333,7.342549136388889,17.0866236275,30.72598516972222,1
SHP0175,Bengaluru,Chennai,Mumbai,2026-01-06 16:03:00,2026-01-06 18:47:54.298862,2026-01-06 22:32:31.693940,2026-01-07 21:54:12.218191,29.85,Road,On Time,4,2.7484163505555554,3.743720855,23.36125673638889,29.853393941944447,0
SHP0176,Bengaluru,Pune,Coimbatore,2026-05-08 01:44:00,2026-05-08 03:55:33.429048,2026-05-08 05:41:21.296619,2026-05-09 00:06:47.949242,22.38,Road,On Time,11,2.19261918,1.7632965475,18.424070173055554,22.379985900555557,0
SHP0177,Hyderabad,Delhi,Bengaluru,2026-04-27 12:01:00,2026-04-27 17:36:44.847185,2026-04-27 21:08:06.084892,2026-04-28 15:34:35.494863,27.56,Rail,On Time,26,5.595790884722222,3.5225660297222223,18.441502769722224,27.559859684166668,0
SHP0178,Chennai,Madurai,Coimbatore,2026-03-03 07:23:00,2026-03-03 19:36:11.527646,2026-03-03 21:29:47.233677,2026-03-04 06:16:35.142250,22.89,Road,On Time,17,12.219868790555557,1.8932516752777777,8.77997460361111,22.893095069444445,0
SHP0179,Coimbatore,Hyderabad,Chennai,2026-01-10 12:16:00,2026-01-10 15:29:38.597687,2026-01-10 17:45:43.252256,2026-01-11 11:15:36.557348,22.99,Road,On Time,13,3.2273882463888888,2.2679596025,17.498140303333333,22.993488152222223,0
SHP0180,Kochi,Coimbatore,Bengaluru,2026-05-11 02:38:00,2026-05-11 06:51:45.891560,2026-05-11 09:32:45.264020,2026-05-13 06:16:40.404850,51.64,Road,Delayed,28,4.2294143222222225,2.683159016666667,44.73198356388889,51.64455690277777,1
SHP0181,Pune,Coimbatore,Mumbai,2026-04-11 13:54:00,2026-04-12 01:55:48.665126,2026-04-12 07:01:19.082719,2026-04-12 11:59:46.583422,22.1,Road,On Time,15,12.030184757222223,5.0917826647222215,4.9743057508333335,22.096273172777778,0
SHP0182,Pune,Coimbatore,Hyderabad,2026-05-08 22:55:00,2026-05-09 02:12:57.591954,2026-05-09 03:52:06.000742,2026-05-10 13:49:22.294398,38.91,Rail,On Time,1,3.299331098333333,1.6523357744444445,33.95452601555555,38.90619288833333,0
SHP0183,Bengaluru,Hyderabad,Bengaluru,2026-01-28 19:06:00,2026-01-29 02:22:15.458383,2026-01-29 05:55:39.213306,2026-01-29 10:19:58.262608,15.23,Rail,On Time,7,7.270960661944445,3.5565985897222223,4.405291472777778,15.232850724444443,0
SHP0184,Pune,Madurai,Chennai,2026-04-26 05:36:00,2026-04-26 16:06:01.329852,2026-04-26 22:22:00.579852,2026-04-29 07:38:00.057216,74.03,Road,Delayed,18,10.500369403333334,6.2664583333333335,57.266521489999995,74.03334922666666,1
SHP0185,Pune,Delhi,Bengaluru,2026-02-13 17:35:00,2026-02-13 22:52:43.680827,2026-02-14 05:59:59.480655,2026-02-14 15:36:17.054245,22.02,Road,On Time,30,5.295466896388889,7.121055507777777,9.604881552777778,22.021403956944447,0
SHP0186,Chennai,Pune,Bengaluru,2026-03-16 12:14:00,2026-03-17 01:25:49.365941,2026-03-17 03:59:57.175721,2026-03-19 02:26:06.368428,62.2,Road,Delayed,13,13.197046094722221,2.56883605,46.43588686305556,62.20176900777778,1
SHP0187,Kochi,Coimbatore,Chennai,2026-06-27 11:47:00,2026-06-27 17:36:31.429198,2026-06-27 20:37:06.616275,2026-06-29 00:27:15.309405,36.67,Rail,On Time,17,5.825396999444445,3.0097741880555557,27.835748091666666,36.67091927916667,0
SHP0188,Chennai,Chennai,Coimbatore,2026-01-05 06:02:00,2026-01-05 13:29:56.017525,2026-01-05 18:58:02.045567,2026-01-08 11:01:45.028520,77.0,Road,Delayed,26,7.465560423611111,5.468341122777778,64.06193970916667,76.99584125555555,1
SHP0189,Pune,Delhi,Chennai,2026-04-18 04:02:00,2026-04-18 11:00:17.244706,2026-04-18 19:28:47.521923,2026-04-19 10:54:18.472784,30.87,Road,On Time,28,6.971456862777778,8.475077004722221,15.425264128055554,30.871797995555553,0
SHP0190,Kochi,Mumbai,Bengaluru,2026-06-16 00:32:00,2026-06-16 13:35:41.013238,2026-06-16 19:44:04.220708,2026-06-17 13:11:26.786267,36.66,Road,On Time,15,13.061392566111111,6.139779852777778,17.456268210833333,36.65744062972222,0
SHP0191,Madurai,Coimbatore,Coimbatore,2026-04-24 22:27:00,2026-04-25 01:43:37.391431,2026-04-25 08:10:23.294417,2026-04-25 17:28:02.226966,19.02,Road,On Time,24,3.2770531752777776,6.446084162777778,9.294147930277777,19.017285268333335,0
SHP0192,Salem,Chennai,Chennai,2026-01-30 11:22:00,2026-01-30 16:34:40.417141,2026-01-30 19:31:34.667726,2026-02-01 10:22:26.790067,47.01,Road,Delayed,13,5.211226983611112,2.9484029402777776,38.84781176138889,47.007441685277776,1
SHP0193,Madurai,Mumbai,Mumbai,2026-06-07 09:34:00,2026-06-07 15:25:45.631891,2026-06-07 18:24:24.657510,2026-06-09 08:08:55.009463,46.58,Road,Delayed,23,5.862675525277778,2.977507116388889,37.74176443138889,46.58194707305555,1
SHP0194,Chennai,Hyderabad,Coimbatore,2026-04-26 02:52:00,2026-04-26 07:34:08.661105,2026-04-26 09:27:37.473306,2026-04-26 13:01:06.702342,10.15,Road,On Time,18,4.7024058625,1.8913367225,3.5581191766666667,10.151861761666666,0
SHP0195,Pune,Pune,Bengaluru,2026-01-24 17:27:00,2026-01-25 04:02:39.346981,2026-01-25 05:48:29.367322,2026-01-25 09:43:09.160556,16.27,Air,On Time,22,10.594263050277778,1.7638945391666667,3.9110536761111114,16.269211265555555,0
SHP0196,Chennai,Madurai,Hyderabad,2026-02-06 05:08:00,2026-02-06 10:07:19.634546,2026-02-06 12:24:15.718882,2026-02-07 07:16:09.052816,26.14,Road,On Time,26,4.988787373888889,2.282245648888889,18.864814981666665,26.135848004444444,0
SHP0197,Pune,Hyderabad,Bengaluru,2026-03-16 23:27:00,2026-03-17 05:52:13.285411,2026-03-17 07:10:32.187726,2026-03-18 12:52:51.586304,37.43,Road,On Time,15,6.420357058611112,1.3052506430555557,29.705388493888886,37.43099619555556,0
SHP0198,Chennai,Coimbatore,Mumbai,2026-02-04 09:26:00,2026-02-04 15:36:32.892087,2026-02-04 18:27:52.748125,2026-02-05 13:10:17.071308,27.74,Rail,On Time,4,6.1758033575,2.855515566111111,18.706756439722223,27.738075363333333,0
SHP0199,Coimbatore,Madurai,Chennai,2026-05-05 10:53:00,2026-05-05 16:49:27.740930,2026-05-05 21:29:07.530516,2026-05-06 04:44:09.831681,17.85,Road,On Time,13,5.941039147222222,4.661052662777777,7.2506392125,17.852731022500002,0
SHP0200,Hyderabad,Salem,Chennai,2026-03-02 16:40:00,2026-03-03 00:19:56.098391,2026-03-03 04:49:42.242250,2026-03-03 17:46:04.368724,25.1,Road,On Time,14,7.665582886388889,4.496151071944444,12.93947957611111,25.101213534444444,0
SHP0201,Pune,Pune,Bengaluru,2026-05-14 02:14:00,2026-05-14 08:50:21.963957,2026-05-14 12:44:02.398889,2026-05-15 15:33:16.000965,37.32,Road,On Time,4,6.606101099166667,3.894565258888889,26.82044502111111,37.32111137916667,0
SHP0202,Hyderabad,Kochi,Coimbatore,2026-06-27 05:00:00,2026-06-27 10:36:11.667171,2026-06-27 15:44:11.397965,2026-06-27 23:28:35.317963,18.48,Air,On Time,30,5.603240880833334,5.133258553888889,7.739977777222222,18.47647721194444,0
SHP0203,Chennai,Delhi,Bengaluru,2026-01-28 11:38:00,2026-01-28 22:01:07.869242,2026-01-29 03:16:19.057782,2026-01-29 18:08:29.031064,30.51,Road,On Time,30,10.385519233888889,5.253107927777777,14.869437022777777,30.508064184444443,0
SHP0204,Chennai,Mumbai,Bengaluru,2026-06-25 13:28:00,2026-06-25 18:45:07.738138,2026-06-25 19:52:16.806744,2026-06-25 21:52:16.806744,8.4,Air,On Time,8,5.285482816111111,1.119185723888889,2.0,8.404668540000001,0
SHP0205,Madurai,Pune,Mumbai,2026-05-08 11:15:00,2026-05-08 16:01:54.455928,2026-05-08 22:22:27.522825,2026-05-11 00:15:50.477775,61.01,Road,Delayed,10,4.781793313333333,6.3425185825,49.889709708333335,61.01402160416667,1
SHP0206,Madurai,Madurai,Bengaluru,2026-02-24 20:58:00,2026-02-25 01:42:41.078271,2026-02-25 04:11:40.870935,2026-02-26 16:34:10.857432,43.6,Road,Delayed,22,4.744743964166666,2.4832757400000003,36.37499624916667,43.60301595333333,1
SHP0207,Bengaluru,Bengaluru,Chennai,2026-04-10 20:51:00,2026-04-12 00:21:02.178204,2026-04-12 04:18:54.877353,2026-04-12 21:00:50.721822,48.16,Road,Delayed,4,27.500605056666664,3.9646386525,16.698845685833334,48.164089395,1
SHP0208,Salem,Kochi,Coimbatore,2026-03-30 04:56:00,2026-03-30 10:31:03.754911,2026-03-30 12:59:51.138638,2026-03-31 05:14:10.822851,24.3,Air,Delayed,11,5.584376364166666,2.4798288130555557,16.238801170277778,24.303006347500002,1
SHP0209,Chennai,Mumbai,Chennai,2026-06-20 07:26:00,2026-06-20 08:36:05.686805,2026-06-20 12:34:27.988522,2026-06-21 12:59:33.947933,29.56,Road,On Time,4,1.1682463347222223,3.972861588055556,24.41832205861111,29.559429981388888,0
SHP0210,Kochi,Bengaluru,Bengaluru,2026-04-20 00:28:00,2026-04-20 02:19:07.080778,2026-04-20 08:45:59.853528,2026-04-21 07:59:11.217335,31.52,Road,On Time,1,1.8519668827777775,6.447992430555556,23.219823279722224,31.519782593055552,0
SHP0211,Kochi,Bengaluru,Hyderabad,2026-05-13 06:21:00,2026-05-13 13:27:57.381359,2026-05-13 17:52:39.207182,2026-05-16 10:42:45.033375,76.36,Rail,Delayed,26,7.115939266388889,4.411618284166666,64.83495172027777,76.36250927083333,1
SHP0212,Bengaluru,Chennai,Mumbai,2026-01-07 18:48:00,2026-01-07 21:59:28.759613,2026-01-08 00:45:59.017942,2026-01-11 17:11:56.817445,94.4,Rail,Delayed,3,3.1913221147222224,2.7750717580555557,88.43272208416667,94.39911595694444,1
SHP0213,Madurai,Chennai,Chennai,2026-06-03 13:44:00,2026-06-04 00:03:28.507518,2026-06-04 05:23:05.343030,2026-06-05 07:39:31.414970,41.93,Road,On Time,2,10.324585421666667,5.326898753333333,26.273908872222222,41.92539304722222,0
SHP0214,Hyderabad,Delhi,Bengaluru,2026-05-14 12:29:00,2026-05-14 16:31:29.752875,2026-05-14 20:27:04.442323,2026-05-18 21:28:02.085493,104.98,Road,Delayed,16,4.041598020833334,3.9263026244444443,97.01601199166666,104.98391263694444,1
SHP0215,Coimbatore,Coimbatore,Hyderabad,2026-05-01 18:07:00,2026-05-02 00:11:19.012685,2026-05-02 03:14:31.513673,2026-05-03 09:58:44.941125,39.86,Road,On Time,30,6.071947968055556,3.0534724966666666,30.73706318111111,39.862483645833336,0
SHP0216,Salem,Delhi,Coimbatore,2026-01-31 03:12:00,2026-01-31 22:53:51.289930,2026-02-01 01:48:11.153162,2026-02-01 13:11:27.293821,33.99,Road,On Time,28,19.69758053611111,2.905517564444444,11.38781684972222,33.99091495027778,0
SHP0217,Chennai,Chennai,Bengaluru,2026-01-13 19:35:00,2026-01-13 23:56:31.648150,2026-01-14 04:46:33.030942,2026-01-15 13:11:02.453120,41.6,Road,On Time,20,4.358791152777778,4.833717442222222,32.408172827222224,41.60068142222222,0
SHP0218,Madurai,Kochi,Bengaluru,2026-05-09 13:38:00,2026-05-10 00:49:56.964681,2026-05-10 05:53:30.172869,2026-05-10 19:13:33.161052,29.59,Road,On Time,4,11.199156855833333,5.059224496666666,13.334163384166667,29.592544736666664,0
SHP0219,Madurai,Bengaluru,Bengaluru,2026-02-25 15:22:00,2026-02-25 21:56:40.919924,2026-02-26 02:42:47.852595,2026-02-27 17:25:22.484256,50.06,Road,Delayed,6,6.578033312222223,4.768592408611111,38.70961990583333,50.056245626666666,1
SHP0220,Chennai,Bengaluru,Coimbatore,2026-05-25 02:07:00,2026-05-25 05:43:14.283303,2026-05-25 09:36:20.104713,2026-05-29 01:50:43.812143,95.73,Road,Delayed,29,3.6039675841666665,3.884950391666667,88.23991873055556,95.72883670638889,1
SHP0221,Bengaluru,Madurai,Chennai,2026-04-09 01:27:00,2026-04-09 08:31:33.874135,2026-04-09 12:03:55.270403,2026-04-10 09:17:10.202366,31.84,Road,On Time,8,7.076076148611111,3.5392767411111112,21.220814434166666,31.836167323888887,0
SHP0222,Pune,Pune,Hyderabad,2026-02-22 10:09:00,2026-02-22 20:14:14.988993,2026-02-22 23:04:57.865442,2026-02-24 14:14:07.592693,52.09,Road,Delayed,18,10.0874969425,2.8452434580555552,39.15270201416667,52.08544241472222,1
SHP0223,Kochi,Hyderabad,Mumbai,2026-01-04 15:27:00,2026-01-04 18:16:03.561701,2026-01-04 21:46:42.535008,2026-01-05 12:15:19.775029,20.81,Road,On Time,3,2.8176560280555556,3.5108259186111113,14.477011116944444,20.80549306361111,0
SHP0224,Coimbatore,Hyderabad,Coimbatore,2026-04-17 14:25:00,2026-04-17 18:27:52.582257,2026-04-17 22:42:33.018523,2026-04-23 13:13:40.951671,142.81,Rail,Delayed,26,4.047939515833334,4.244565629444445,134.51887031888887,142.81137546416667,1
SHP0225,Bengaluru,Coimbatore,Chennai,2026-05-08 01:37:00,2026-05-08 06:23:39.323295,2026-05-08 11:09:51.937251,2026-05-08 22:53:01.369008,21.27,Road,On Time,22,4.7775898041666665,4.770170543333333,11.719286599166667,21.267046946666664,0
SHP0226,Salem,Mumbai,Coimbatore,2026-02-08 21:18:00,2026-02-09 03:29:38.825670,2026-02-09 04:31:17.665927,2026-02-10 04:40:37.629959,31.38,Road,On Time,10,6.194118241666666,1.0274556269444444,24.155545564444445,31.377119433055555,0
SHP0227,Kochi,Mumbai,Hyderabad,2026-02-13 11:16:00,2026-02-13 20:49:48.980242,2026-02-14 01:09:43.700337,2026-02-16 05:53:44.634148,66.63,Road,Delayed,15,9.563605622777777,4.331866693055556,52.733592725277774,66.62906504111112,1
SHP0228,Coimbatore,Mumbai,Chennai,2026-01-01 19:02:00,2026-01-02 03:20:59.932017,2026-01-02 09:22:52.291754,2026-01-03 19:27:43.204642,48.43,Road,Delayed,6,8.3166477825,6.031211038055555,34.080809135555555,48.42866795611111,1
SHP0229,Chennai,Coimbatore,Chennai,2026-03-13 18:41:00,2026-03-13 23:29:24.722507,2026-03-14 03:28:32.251465,2026-03-16 13:26:10.864067,66.75,Road,Delayed,30,4.806867363055555,3.985424710555556,57.96072572277778,66.75301779638889,1
SHP0230,Madurai,Delhi,Chennai,2026-01-18 12:07:00,2026-01-18 23:05:59.546002,2026-01-19 07:36:47.423191,2026-01-20 18:43:07.018869,54.6,Road,Delayed,21,10.983207222777779,8.513299219166667,35.105443243888885,54.60194968583333,1
SHP0231,Coimbatore,Kochi,Chennai,2026-01-01 12:40:00,2026-01-02 12:46:18.301708,2026-01-02 15:09:40.911315,2026-01-03 14:31:20.126081,49.86,Rail,On Time,2,24.105083807777778,2.389613779722222,23.360892990555556,49.855590578055555,0
SHP0232,Pune,Madurai,Coimbatore,2026-02-21 13:21:00,2026-02-22 03:32:34.265080,2026-02-22 10:53:54.243596,2026-02-24 08:02:21.593370,66.69,Road,Delayed,24,14.19285141111111,7.3555495877777775,45.14093049277778,66.68933149166666,1
SHP0233,Madurai,Coimbatore,Hyderabad,2026-06-15 14:28:00,2026-06-15 19:51:58.788988,2026-06-16 08:14:47.926647,2026-06-18 08:18:53.390327,65.85,Rail,Delayed,21,5.399663607777778,12.380316016388889,48.06818435555555,65.84816397972222,1
SHP0234,Pune,Bengaluru,Chennai,2026-01-08 13:48:00,2026-01-08 14:50:03.775253,2026-01-08 19:13:14.695270,2026-01-09 06:36:16.342844,16.8,Road,On Time,5,1.0343820147222222,4.386366671388889,11.383790992777778,16.80453967888889,0
SHP0235,Bengaluru,Salem,Chennai,2026-02-23 10:30:00,2026-02-24 14:51:44.059984,2026-02-24 23:52:22.301074,2026-02-27 18:19:12.318860,103.82,Road,Delayed,23,28.362238884444448,9.010622525,66.44722716277778,103.82008857222222,1
SHP0236,Hyderabad,Bengaluru,Chennai,2026-02-05 17:28:00,2026-02-06 01:19:31.304850,2026-02-06 13:11:20.095948,2026-02-08 05:38:50.976274,60.18,Road,Delayed,30,7.858695791666666,11.863553082777779,40.458577868333336,60.180826742777775,1
SHP0237,Pune,Kochi,Hyderabad,2026-02-06 21:14:00,2026-02-07 02:36:28.184950,2026-02-07 09:20:19.143451,2026-02-11 10:38:54.341959,109.42,Rail,Delayed,8,5.374495819444444,6.730821805833334,97.30977736333334,109.4150949886111,1
SHP0238,Bengaluru,Coimbatore,Coimbatore,2026-03-04 23:25:00,2026-03-05 07:26:35.355811,2026-03-05 08:42:48.528234,2026-03-05 17:57:45.855501,18.55,Road,On Time,4,8.026487725277779,1.2703256730555557,9.249257574166666,18.5460709725,0
SHP0239,Hyderabad,Kochi,Chennai,2026-06-17 10:10:00,2026-06-17 20:13:11.470375,2026-06-18 01:13:50.838823,2026-06-18 07:55:09.427644,21.75,Air,On Time,22,10.053186215277776,5.01093568,6.688496894722222,21.75261879,0
SHP0240,Kochi,Pune,Bengaluru,2026-02-04 12:56:00,2026-02-04 16:53:31.624393,2026-02-05 01:26:36.967660,2026-02-05 06:14:08.178775,17.3,Rail,On Time,29,3.9587845536111113,8.551484240833334,4.7920030874999995,17.302271881944446,0
SHP0241,Chennai,Madurai,Coimbatore,2026-06-01 02:41:00,2026-06-01 07:06:29.290674,2026-06-01 09:30:39.995390,2026-06-02 03:11:22.947269,24.51,Road,On Time,18,4.424802965,2.402973532222222,17.678597744166666,24.506374241388887,0
SHP0242,Salem,Hyderabad,Hyderabad,2026-06-20 15:44:00,2026-06-20 19:26:54.054842,2026-06-20 23:47:39.078488,2026-06-21 01:47:39.078488,10.06,Road,On Time,17,3.715015233888889,4.3458399016666664,2.0,10.060855135555556,0
SHP0243,Madurai,Chennai,Coimbatore,2026-01-03 22:46:00,2026-01-04 08:39:06.816285,2026-01-04 11:13:31.849367,2026-01-06 02:37:05.859554,51.85,Road,Delayed,23,9.885226745833334,2.5736203005555556,39.3927806075,51.85162765388889,1
SHP0244,Chennai,Kochi,Bengaluru,2026-03-01 17:14:00,2026-03-01 22:30:48.832432,2026-03-02 01:37:39.187093,2026-03-02 07:15:28.555477,14.02,Road,On Time,2,5.280231231111111,3.113987405833333,5.630380106666667,14.024598743611111,0
SHP0245,Chennai,Delhi,Bengaluru,2026-05-25 12:04:00,2026-05-25 16:38:27.646188,2026-05-26 00:25:08.561739,2026-05-27 13:51:16.175644,49.79,Rail,On Time,25,4.574346163333333,7.7780320975,37.435448306944444,49.78782656777778,0
SHP0246,Kochi,Pune,Chennai,2026-05-03 09:14:00,2026-05-03 14:53:12.973324,2026-05-03 22:07:35.972439,2026-05-04 20:49:54.842746,35.6,Rail,On Time,15,5.653603701111111,7.239721976388888,22.705241751944445,35.598567429444444,0
SHP0247,Coimbatore,Mumbai,Mumbai,2026-05-21 18:14:00,2026-05-22 06:05:29.407460,2026-05-22 07:41:12.043687,2026-05-22 15:46:09.241089,21.54,Road,On Time,20,11.858168738888889,1.5951767297222221,8.082554833888889,21.5359003025,0
SHP0248,Madurai,Salem,Chennai,2026-06-29 07:40:00,2026-06-29 12:18:30.246429,2026-06-29 18:37:00.868692,2026-06-30 11:50:59.031124,28.18,Road,On Time,7,4.6417351191666665,6.308506184166667,17.232822897777776,28.18306420111111,0
SHP0249,Kochi,Mumbai,Mumbai,2026-02-16 03:35:00,2026-02-16 06:08:30.613686,2026-02-16 13:07:29.002966,2026-02-21 04:27:43.236249,120.88,Rail,Delayed,19,2.558503801666667,6.982885911111111,111.33728702305555,120.87867673583334,1
SHP0250,Salem,Kochi,Bengaluru,2026-05-26 12:17:00,2026-05-26 18:59:09.534757,2026-05-27 03:54:39.972491,2026-05-28 09:57:01.535273,45.67,Road,Delayed,16,6.702648543611112,8.925121592777778,30.039322995,45.66709313138889,1
SHP0251,Chennai,Mumbai,Chennai,2026-06-19 01:15:00,2026-06-19 13:24:06.371898,2026-06-19 17:09:30.346604,2026-06-20 09:09:22.018080,31.91,Road,On Time,9,12.151769971666665,3.7566596405555557,15.997686521111111,31.90611613333333,0
SHP0252,Kochi,Chennai,Chennai,2026-06-07 08:58:00,2026-06-07 21:09:55.259016,2026-06-08 07:24:17.986669,2026-06-10 06:22:19.148826,69.41,Road,Delayed,1,12.19868306,10.239646570277777,46.96698948805556,69.40531911833332,1
SHP0253,Bengaluru,Chennai,Chennai,2026-01-15 17:17:00,2026-01-16 02:20:41.120353,2026-01-16 07:44:28.229100,2026-01-18 12:39:19.410254,67.37,Rail,Delayed,30,9.061422320277778,5.396419096388889,52.91421698722222,67.37205840388889,1
SHP0254,Madurai,Hyderabad,Hyderabad,2026-01-26 02:07:00,2026-01-26 08:24:49.125082,2026-01-26 19:23:02.204897,2026-01-27 19:36:45.050186,41.5,Road,On Time,28,6.2969791894444445,10.97029994861111,24.228568135833335,41.49584727388889,0
SHP0255,Hyderabad,Bengaluru,Chennai,2026-01-16 22:33:00,2026-01-17 06:26:50.346404,2026-01-17 10:18:02.909914,2026-01-17 22:12:53.824644,23.66,Road,On Time,13,7.897318445555555,3.853489863888889,11.914142980555555,23.664951289999998,0
SHP0256,Bengaluru,Chennai,Bengaluru,2026-04-13 13:46:00,2026-04-13 22:56:36.777336,2026-04-14 06:09:08.960234,2026-04-14 11:43:13.455358,21.95,Air,On Time,29,9.176882593333334,7.2089396938888886,5.5679153122222225,21.953737599444445,0
SHP0257,Bengaluru,Hyderabad,Chennai,2026-01-10 13:09:00,2026-01-10 19:21:58.704486,2026-01-10 20:18:07.409469,2026-01-11 22:11:48.569074,33.05,Rail,On Time,11,6.216306801666667,0.9357513841666667,25.894766556944443,33.04682474277778,0
SHP0258,Madurai,Salem,Hyderabad,2026-06-14 18:04:00,2026-06-15 01:06:48.006332,2026-06-15 11:03:40.163406,2026-06-16 02:47:52.206410,32.73,Rail,On Time,28,7.046668425555556,9.947821409444446,15.736678612222223,32.731168447222224,0
SHP0259,Pune,Pune,Bengaluru,2026-05-01 17:42:00,2026-05-02 01:47:52.901989,2026-05-02 05:47:45.778435,2026-05-03 15:05:24.102980,45.39,Road,Delayed,8,8.098028330277778,3.998021235,33.293979040277776,45.39002860555556,1
SHP0260,Salem,Coimbatore,Chennai,2026-03-10 05:48:00,2026-03-10 16:52:21.420523,2026-03-10 21:53:35.080440,2026-03-13 19:29:03.257635,85.68,Rail,Delayed,6,11.072616811944444,5.020461088055556,69.59116033194444,85.68423823194443,1
SHP0261,Madurai,Kochi,Hyderabad,2026-01-31 19:55:00,2026-02-01 13:07:43.903353,2026-02-01 19:12:29.171353,2026-02-02 12:49:34.755085,40.91,Rail,On Time,26,17.212195375833335,6.079241111111111,17.618217703333332,40.909654190277784,0
SHP0262,Salem,Bengaluru,Coimbatore,2026-05-18 12:43:00,2026-05-18 22:23:45.730107,2026-05-19 01:37:00.146480,2026-05-19 13:05:35.525541,24.38,Road,On Time,7,9.679369474166668,3.220671214722222,11.476494183611111,24.3765348725,0
SHP0263,Bengaluru,Delhi,Chennai,2026-03-12 08:00:00,2026-03-12 19:06:11.585766,2026-03-12 22:31:59.062404,2026-03-13 12:51:18.208632,28.86,Road,On Time,15,11.103218268333332,3.4298546216666668,14.321985063333333,28.855057953333333,0
SHP0264,Chennai,Coimbatore,Hyderabad,2026-01-13 02:54:00,2026-01-13 06:22:35.842982,2026-01-13 10:09:53.771506,2026-01-14 17:20:43.278097,38.45,Rail,On Time,11,3.4766230505555558,3.788313478888889,31.1804184975,38.44535502694445,0
SHP0265,Madurai,Madurai,Coimbatore,2026-03-29 17:22:00,2026-03-29 20:35:06.603251,2026-03-29 23:55:53.853203,2026-04-01 08:40:48.679570,63.31,Road,Delayed,16,3.218500903055556,3.34645832,56.74856287972222,63.31352210277778,1
SHP0266,Kochi,Bengaluru,Hyderabad,2026-05-02 10:26:00,2026-05-02 15:52:53.038127,2026-05-02 17:53:48.054742,2026-05-04 01:08:41.731252,38.71,Rail,On Time,16,5.448066146388888,2.0152823930555552,31.248243475000002,38.71159201444444,0
SHP0267,Madurai,Salem,Coimbatore,2026-01-14 11:58:00,2026-01-14 13:20:20.204955,2026-01-14 14:54:50.266862,2026-01-14 20:00:30.687681,8.04,Air,On Time,8,1.3722791541666668,1.575017196388889,5.094561338611111,8.041857689166667,0
SHP0268,Bengaluru,Pune,Bengaluru,2026-02-15 13:22:00,2026-02-15 17:09:33.105483,2026-02-15 18:29:50.252224,2026-02-17 09:02:15.971292,43.67,Rail,On Time,11,3.792529300833333,1.3380963169444444,38.54047751888889,43.671103136666666,0
SHP0269,Coimbatore,Delhi,Chennai,2026-02-05 20:30:00,2026-02-06 11:51:02.563930,2026-02-06 18:03:42.361573,2026-02-08 03:10:05.929745,54.67,Road,Delayed,17,15.350712202777776,6.211054900833334,33.10654671444444,54.66831381805556,1
SHP0270,Chennai,Pune,Chennai,2026-04-07 06:59:00,2026-04-07 12:16:33.167227,2026-04-07 14:31:49.079838,2026-04-09 05:37:07.365113,46.64,Rail,On Time,6,5.292546451944445,2.254420169722222,39.08841257638889,46.63537919805556,0
SHP0271,Kochi,Chennai,Chennai,2026-04-07 02:31:00,2026-04-07 07:26:19.804051,2026-04-07 11:35:28.596109,2026-04-10 07:53:01.072131,77.37,Rail,Delayed,26,4.922167791944444,4.152442238333333,68.29235445055555,77.36696448083333,1
SHP0272,Coimbatore,Pune,Coimbatore,2026-04-21 15:08:00,2026-04-21 16:57:48.267132,2026-04-21 22:44:56.201068,2026-04-22 05:59:44.860343,14.86,Air,On Time,4,1.8300742033333333,5.785537204444445,7.246849798611112,14.86246120638889,0
SHP0273,Hyderabad,Mumbai,Chennai,2026-02-09 15:18:00,2026-02-10 02:56:00.796386,2026-02-10 05:42:17.870700,2026-02-11 19:06:30.905583,51.81,Rail,On Time,27,11.633554551666666,2.7714095316666665,37.40362080083333,51.80858488416667,0
SHP0274,Coimbatore,Salem,Chennai,2026-01-17 21:46:00,2026-01-18 12:21:54.067012,2026-01-18 17:41:03.366518,2026-01-19 12:34:14.521164,38.8,Road,On Time,20,14.598351947777777,5.319249862777777,18.88643184611111,38.80403365666667,0
SHP0275,Bengaluru,Bengaluru,Hyderabad,2026-03-24 22:04:00,2026-03-25 01:40:17.140707,2026-03-25 04:48:22.983438,2026-03-25 23:14:58.475745,25.18,Road,On Time,23,3.6047613075,3.1349563141666668,18.4431923075,25.18290992916667,0
SHP0276,Hyderabad,Kochi,Mumbai,2026-04-20 19:52:00,2026-04-21 04:02:15.813139,2026-04-21 04:35:53.655074,2026-04-23 11:30:15.407831,63.64,Road,Delayed,2,8.171059205277778,0.5605116486111111,54.9060424325,63.637613286388884,1
SHP0277,Kochi,Salem,Chennai,2026-02-07 16:03:00,2026-02-08 01:26:21.037884,2026-02-08 03:18:22.926126,2026-02-11 04:53:09.423024,84.84,Rail,Delayed,21,9.38917719,1.8671911783333333,73.57958247166667,84.83595084000001,1
SHP0278,Chennai,Mumbai,Chennai,2026-04-20 23:48:00,2026-04-21 03:10:35.391552,2026-04-21 05:30:34.887551,2026-04-22 03:48:57.375026,28.02,Rail,On Time,2,3.3764976533333333,2.3331933330555557,22.306246520833334,28.01593750722222,0
SHP0279,Coimbatore,Kochi,Chennai,2026-04-09 15:26:00,2026-04-10 03:18:15.317425,2026-04-10 07:02:11.384120,2026-04-11 00:55:01.802808,33.48,Road,On Time,14,11.870921506944445,3.732240748611111,17.880671857777777,33.48383411333333,0
SHP0280,Coimbatore,Chennai,Hyderabad,2026-04-09 03:38:00,2026-04-09 15:31:30.839690,2026-04-09 20:15:18.473108,2026-04-11 05:45:03.202928,50.12,Road,Delayed,14,11.891899913888889,4.729898171666667,33.49575828333333,50.11755636888889,1
SHP0281,Pune,Bengaluru,Bengaluru,2026-02-26 09:13:00,2026-02-26 23:37:19.586849,2026-02-27 02:35:00.747500,2026-03-01 08:01:10.402292,70.8,Road,Delayed,25,14.405440791388889,2.9614335141666666,53.436015219999994,70.80288952555556,1
SHP0282,Chennai,Coimbatore,Bengaluru,2026-02-08 21:24:00,2026-02-09 01:13:44.804046,2026-02-09 08:00:10.840651,2026-02-09 18:36:06.287350,21.2,Road,On Time,10,3.8291122349999998,6.773899056944445,10.598735194166666,21.201746486111112,0
SHP0283,Salem,Chennai,Coimbatore,2026-01-04 06:45:00,2026-01-04 07:56:00.206557,2026-01-04 09:43:25.430709,2026-01-05 01:45:57.796027,19.02,Road,On Time,1,1.1833907102777779,1.7903400422222222,16.042323699444445,19.016054451944445,0
SHP0284,Chennai,Salem,Chennai,2026-02-25 20:24:00,2026-02-26 07:07:03.081209,2026-02-26 12:14:08.022141,2026-02-26 22:18:41.129722,25.91,Road,On Time,10,10.717522558055556,5.118039147777778,10.075863216944443,25.911424922777776,0
SHP0285,Salem,Salem,Mumbai,2026-04-27 10:22:00,2026-04-28 09:37:40.547247,2026-04-28 17:31:34.821678,2026-04-29 04:09:25.504658,41.79,Road,On Time,19,23.261263124166664,7.898409564166667,10.63074527222222,41.79041796055555,0
SHP0286,Chennai,Bengaluru,Mumbai,2026-03-19 04:55:00,2026-03-19 13:20:18.728176,2026-03-19 22:25:00.513839,2026-03-21 17:02:05.013566,60.12,Road,Delayed,30,8.421868937777777,9.078273795277777,42.61791659083333,60.11805932388889,1
SHP0287,Coimbatore,Kochi,Chennai,2026-01-28 16:20:00,2026-01-29 04:57:19.953954,2026-01-29 15:52:00.446682,2026-01-30 22:18:09.399249,53.97,Road,Delayed,21,12.622209431666667,10.911247979999999,30.4358201575,53.96927756916667,1
SHP0288,Hyderabad,Mumbai,Chennai,2026-01-22 23:50:00,2026-01-23 04:35:37.824675,2026-01-23 11:37:24.792878,2026-01-29 11:25:09.244916,155.59,Road,Delayed,21,4.760506854166667,7.029713389722223,143.79568112166666,155.58590136555557,1
SHP0289,Coimbatore,Pune,Chennai,2026-05-10 12:02:00,2026-05-10 22:56:19.132764,2026-05-11 02:28:39.042210,2026-05-11 06:20:50.947732,18.31,Road,On Time,27,10.905314656666667,3.538863735,3.869973756111111,18.31415214777778,0
SHP0290,Salem,Mumbai,Chennai,2026-06-28 11:31:00,2026-06-28 19:25:47.257024,2026-06-29 02:41:03.429101,2026-07-02 06:44:14.613696,91.22,Rail,Delayed,6,7.913126951111111,7.254492243611111,76.05310683194445,91.22072602666667,1
SHP0291,Kochi,Salem,Hyderabad,2026-03-26 13:59:00,2026-03-26 19:58:10.591895,2026-03-27 01:19:10.117239,2026-03-27 16:06:38.367761,26.13,Road,On Time,28,5.986275526388889,5.349868151111112,14.791180700555556,26.127324378055555,0
SHP0292,Kochi,Salem,Coimbatore,2026-06-17 02:23:00,2026-06-17 10:25:35.252367,2026-06-17 11:59:36.323235,2026-06-18 04:18:29.792848,25.92,Road,On Time,17,8.043125657500001,1.56696413,16.314852670277777,25.924942457777778,0
SHP0293,Madurai,Salem,Mumbai,2026-03-14 07:58:00,2026-03-14 17:55:35.789786,2026-03-15 07:00:25.936283,2026-03-15 09:23:53.721264,25.43,Road,On Time,25,9.959941607222223,13.080596249166668,2.3910513836111114,25.43158924,0
SHP0294,Pune,Chennai,Coimbatore,2026-05-15 10:30:00,2026-05-15 18:03:12.311481,2026-05-15 21:22:37.852444,2026-05-16 12:01:07.621489,25.52,Road,On Time,8,7.553419855833334,3.323761378611111,14.6416025125,25.518783746944443,0
SHP0295,Salem,Bengaluru,Coimbatore,2026-01-10 04:52:00,2026-01-10 09:16:55.543213,2026-01-10 14:42:19.212314,2026-01-12 18:32:57.173296,61.68,Road,Delayed,15,4.415428670277778,5.423241416944444,51.84387805055555,61.68254813777778,1
SHP0296,Bengaluru,Madurai,Hyderabad,2026-03-13 15:35:00,2026-03-13 20:13:17.606422,2026-03-14 04:07:52.835650,2026-03-15 00:20:57.028158,32.77,Road,On Time,24,4.638224006111112,7.9097858966666665,20.21783125222222,32.765841155,0
SHP0297,Bengaluru,Kochi,Coimbatore,2026-06-07 23:36:00,2026-06-08 09:38:50.120739,2026-06-08 15:09:11.676915,2026-06-09 10:45:44.467954,35.16,Road,On Time,22,10.047255760833332,5.505987826666666,19.609108621944447,35.16235220944445,0
SHP0298,Coimbatore,Coimbatore,Coimbatore,2026-03-16 22:23:00,2026-03-17 03:06:03.066161,2026-03-17 04:03:19.637029,2026-03-18 11:31:34.932669,37.14,Road,On Time,5,4.717518378055555,0.9546030188888889,31.470915455555556,37.1430368525,0
SHP0299,Madurai,Madurai,Chennai,2026-01-24 10:42:00,2026-01-25 07:26:50.031405,2026-01-25 16:17:36.585839,2026-01-26 00:25:47.819830,37.73,Air,Delayed,22,20.747230945833333,8.846265120555556,8.136453886388889,37.72994995277777,1
SHP0300,Pune,Kochi,Bengaluru,2026-02-08 03:51:00,2026-02-08 09:20:50.596564,2026-02-08 12:53:47.006032,2026-02-09 22:07:10.690078,42.27,Rail,On Time,30,5.497387934444444,3.54900263,33.22324556833333,42.269636132777784,0
SHP0301,Hyderabad,Hyderabad,Hyderabad,2026-06-05 22:31:00,2026-06-06 10:03:12.522388,2026-06-06 18:46:46.840812,2026-06-09 09:35:19.792812,83.07,Road,Delayed,15,11.536811774444443,8.726199562222222,62.80915333333333,83.07216467,1
SHP0302,Salem,Madurai,Hyderabad,2026-01-14 00:52:00,2026-01-14 04:28:24.517627,2026-01-14 16:59:32.441336,2026-01-15 12:20:39.323545,35.48,Road,On Time,14,3.6068104519444444,12.518867696944445,19.351911724722225,35.477589873611116,0
SHP0303,Chennai,Delhi,Hyderabad,2026-01-03 07:19:00,2026-01-03 12:59:02.679202,2026-01-03 20:21:20.497889,2026-01-06 08:02:27.231167,72.72,Rail,Delayed,28,5.667410889444445,7.371616301944444,59.68520368833333,72.72423087972221,1
SHP0304,Salem,Hyderabad,Hyderabad,2026-04-08 08:46:00,2026-04-08 12:23:40.518393,2026-04-08 18:40:29.267966,2026-04-12 16:23:20.173874,103.62,Rail,Delayed,10,3.6279217758333333,6.280208214722222,93.71414053000001,103.62227052055555,1
SHP0305,Madurai,Chennai,Bengaluru,2026-01-29 19:31:00,2026-01-30 03:51:58.718090,2026-01-30 05:36:16.041500,2026-01-31 04:50:26.066947,33.32,Road,On Time,6,8.349643913888888,1.7381453916666667,23.236118179722226,33.32390748527778,0
SHP0306,Coimbatore,Bengaluru,Coimbatore,2026-01-05 11:48:00,2026-01-05 18:47:06.868502,2026-01-05 21:36:39.137851,2026-01-08 08:22:46.152419,68.58,Road,Delayed,29,6.985241250555556,2.8256303747222224,58.76861515777778,68.57948678305556,1
SHP0307,Salem,Salem,Coimbatore,2026-06-29 19:38:00,2026-06-30 01:42:13.503511,2026-06-30 06:49:31.536224,2026-07-02 08:40:25.781614,61.04,Road,Delayed,9,6.070417641944444,5.121675753611111,49.84840149722222,61.04049489277778,1
SHP0308,Madurai,Pune,Chennai,2026-05-13 04:46:00,2026-05-13 11:36:16.473642,2026-05-13 15:16:28.171117,2026-05-16 21:30:37.924950,88.74,Rail,Delayed,29,6.837909345,3.669915965277778,78.23604273138889,88.74386804166667,1
SHP0309,Coimbatore,Delhi,Chennai,2026-01-08 04:45:00,2026-01-08 12:36:04.608168,2026-01-09 03:09:20.459033,2026-01-11 19:13:58.183100,86.48,Rail,Delayed,12,7.851280046666666,14.554403018055556,64.07714557416666,86.48282863888889,1
SHP0310,Chennai,Kochi,Coimbatore,2026-02-23 13:17:00,2026-02-23 17:33:18.785223,2026-02-23 18:34:42.241381,2026-02-24 18:30:54.423266,29.23,Rail,On Time,6,4.271884784166667,1.0231822661111112,23.936717190277776,29.231784240555555,0
SHP0311,Chennai,Chennai,Chennai,2026-03-26 02:18:00,2026-03-26 05:20:23.354015,2026-03-26 09:58:36.338361,2026-03-27 05:07:47.029983,26.83,Air,Delayed,10,3.0398205597222225,4.636940096111111,19.152969895,26.829730550833332,1
SHP0312,Salem,Chennai,Chennai,2026-05-25 15:49:00,2026-05-26 06:35:14.392196,2026-05-26 09:03:34.313638,2026-05-28 04:49:24.257182,61.01,Road,Delayed,19,14.77066449888889,2.472200400555556,43.763873206666666,61.006738106111115,1
SHP0313,Pune,Chennai,Bengaluru,2026-05-17 23:43:00,2026-05-18 02:01:50.701554,2026-05-18 06:10:30.497910,2026-05-19 05:53:50.117004,30.18,Air,Delayed,8,2.314083765,4.144387876666667,23.722116415,30.180588056666668,1
SHP0314,Salem,Salem,Chennai,2026-04-20 15:10:00,2026-04-20 18:05:37.855971,2026-04-20 22:47:32.339651,2026-04-22 15:37:58.472959,48.47,Road,Delayed,1,2.927182214166667,4.698467688888889,40.840592585555555,48.466242488611115,1
SHP0315,Coimbatore,Salem,Mumbai,2026-02-25 23:55:00,2026-02-26 05:34:35.475782,2026-02-26 12:44:00.666709,2026-02-28 01:43:03.440577,49.8,Rail,On Time,28,5.659854383888889,7.156997479722222,36.98410385222222,49.80095571583333,0
SHP0316,Salem,Salem,Chennai,2026-02-01 14:36:00,2026-02-02 00:49:23.662861,2026-02-02 05:10:43.747118,2026-02-02 18:12:00.105359,27.6,Road,On Time,22,10.22323968361111,4.355578960277778,13.0212106225,27.600029266388887,0
SHP0317,Hyderabad,Madurai,Bengaluru,2026-04-08 07:18:00,2026-04-08 14:08:23.069148,2026-04-08 19:18:56.131409,2026-04-09 07:01:15.947291,23.72,Road,On Time,25,6.839741429999999,5.175850628055556,11.705504411666668,23.721096469722223,0
SHP0318,Madurai,Hyderabad,Bengaluru,2026-02-13 02:02:00,2026-02-13 06:18:09.160134,2026-02-13 08:08:34.844615,2026-02-14 21:22:25.323040,43.34,Road,Delayed,4,4.2692111483333335,1.8404679113888889,37.23068845138889,43.34036751111111,1
SHP0319,Salem,Bengaluru,Bengaluru,2026-06-20 13:30:00,2026-06-20 18:05:17.779046,2026-06-20 20:01:59.968104,2026-06-23 05:33:29.596278,64.06,Rail,Delayed,17,4.588271957222222,1.9450525161111112,57.524896715000004,64.05822118833333,1
SHP0320,Coimbatore,Delhi,Bengaluru,2026-04-03 09:15:00,2026-04-03 16:18:42.276513,2026-04-03 21:25:24.759637,2026-04-03 23:25:24.759637,14.17,Air,On Time,17,7.0617434758333335,5.111800867777777,2.0,14.173544343611113,0
SHP0321,Madurai,Pune,Chennai,2026-01-29 18:51:00,2026-01-30 00:02:47.907573,2026-01-30 02:10:37.951279,2026-01-30 14:49:14.286525,19.97,Road,On Time,21,5.1966409925,2.130567696111111,12.643426457222223,19.970635145833334,0
SHP0322,Madurai,Mumbai,Chennai,2026-02-26 12:40:00,2026-02-26 19:12:51.976335,2026-02-26 22:45:49.665637,2026-02-27 17:05:22.552737,28.42,Air,Delayed,18,6.547771204166667,3.5493581394444447,18.325801972222223,28.422931315833335,1
SHP0323,Salem,Bengaluru,Chennai,2026-03-27 15:54:00,2026-03-27 23:02:55.060763,2026-03-28 01:21:00.774558,2026-03-29 10:44:55.751075,42.85,Rail,On Time,2,7.148627989722223,2.3015871652777777,33.398604588055555,42.84881974305556,0
SHP0324,Chennai,Chennai,Bengaluru,2026-04-22 21:07:00,2026-04-23 09:34:04.873709,2026-04-23 17:11:30.120328,2026-04-24 20:19:17.828067,47.2,Road,Delayed,22,12.451353808055556,7.623679616388889,27.12991881638889,47.20495224083333,1
SHP0325,Hyderabad,Coimbatore,Chennai,2026-03-27 18:28:00,2026-03-28 00:45:35.753500,2026-03-28 02:18:22.469447,2026-03-28 04:20:23.159581,9.87,Air,On Time,10,6.293264861111111,1.5463099852777777,2.033525037222222,9.873099883611111,0
SHP0326,Bengaluru,Pune,Chennai,2026-05-26 07:33:00,2026-05-26 18:31:00.191670,2026-05-27 02:28:39.306895,2026-05-27 05:22:07.051590,21.82,Air,On Time,29,10.966719908333333,7.9608653402777785,2.8910401930555554,21.81862544166667,0
SHP0327,Chennai,Chennai,Bengaluru,2026-06-25 07:37:00,2026-06-25 15:00:08.807014,2026-06-25 16:35:45.744124,2026-06-26 21:39:00.523239,38.03,Road,On Time,14,7.385779726111112,1.5935936416666667,29.05410530972222,38.0334786775,0
SHP0328,Kochi,Pune,Chennai,2026-03-29 04:22:00,2026-03-29 12:19:02.867294,2026-03-29 23:46:51.041818,2026-03-30 06:07:13.196271,25.75,Air,Delayed,9,7.950796470555556,11.463381812222222,6.339487348055555,25.753665630833332,1
SHP0329,Hyderabad,Madurai,Coimbatore,2026-05-14 18:24:00,2026-05-15 01:46:16.683243,2026-05-15 05:34:18.265662,2026-05-15 18:20:07.169832,23.94,Road,On Time,25,7.371300900833333,3.8004395608333335,12.763584491666666,23.935324953333332,0
SHP0330,Kochi,Kochi,Bengaluru,2026-04-05 19:48:00,2026-04-05 21:59:27.450091,2026-04-05 22:29:27.450091,2026-04-06 16:36:06.515782,20.8,Road,On Time,4,2.190958358611111,0.5,18.110851580833334,20.801809939444446,0
SHP0331,Coimbatore,Hyderabad,Coimbatore,2026-02-02 08:25:00,2026-02-02 16:40:10.912678,2026-02-02 22:29:40.583458,2026-02-03 08:37:07.043565,24.2,Road,On Time,11,8.253031299444444,5.82490855,10.124016696388889,24.201956545833333,0
SHP0332,Bengaluru,Salem,Bengaluru,2026-04-06 06:29:00,2026-04-06 13:53:28.840854,2026-04-06 16:53:49.789368,2026-04-08 08:12:30.302897,49.73,Rail,On Time,2,7.408011348333333,3.0058190316666664,39.31125375805555,49.72508413805555,0
SHP0333,Coimbatore,Coimbatore,Mumbai,2026-01-26 05:13:00,2026-01-26 15:08:34.207147,2026-01-26 22:19:00.962224,2026-01-27 16:11:18.304253,34.97,Road,On Time,26,9.926168651944444,7.174098632500001,17.871483896944444,34.97175118138889,0
SHP0334,Coimbatore,Coimbatore,Chennai,2026-03-13 17:17:00,2026-03-14 05:13:09.025436,2026-03-14 08:24:45.770743,2026-03-16 04:00:46.959122,58.73,Road,Delayed,21,11.93584039888889,3.1935403630555554,43.60033010527778,58.729710867222224,1
SHP0335,Chennai,Hyderabad,Coimbatore,2026-04-06 04:55:00,2026-04-06 12:02:06.409514,2026-04-06 16:05:57.045268,2026-04-07 12:53:36.373507,31.98,Road,On Time,26,7.118447087222222,4.064065487222223,20.794257844166665,31.97677041861111,0
SHP0336,Kochi,Pune,Chennai,2026-06-29 19:40:00,2026-06-30 00:38:43.834346,2026-06-30 06:08:49.680723,2026-06-30 13:03:48.209924,17.4,Rail,On Time,5,4.978842873888889,5.501623993611112,6.916258111388889,17.39672497888889,0
SHP0337,Pune,Chennai,Hyderabad,2026-04-01 02:46:00,2026-04-01 07:18:49.457069,2026-04-01 11:01:12.366851,2026-04-02 02:48:01.132757,24.03,Rail,On Time,11,4.547071408055555,3.7063638283333336,15.780212751666667,24.033647988055556,0
SHP0338,Pune,Mumbai,Hyderabad,2026-02-02 13:27:00,2026-02-02 15:18:42.794907,2026-02-02 22:46:50.359387,2026-02-03 09:07:05.288734,19.67,Road,On Time,17,1.861887474166667,7.468767911111112,10.337480374166667,19.668135759444446,0
SHP0339,Bengaluru,Chennai,Coimbatore,2026-05-18 08:07:00,2026-05-18 13:53:18.201977,2026-05-18 16:41:01.490422,2026-05-20 00:08:40.657062,40.03,Road,On Time,6,5.771722771388889,2.795357901388889,31.460879622222222,40.02796029500001,0
SHP0340,Madurai,Bengaluru,Hyderabad,2026-05-27 13:02:00,2026-05-27 18:48:54.586065,2026-05-28 00:05:09.796540,2026-05-28 15:14:27.740521,26.21,Rail,On Time,17,5.7818294625,5.270891798611111,15.154984439166666,26.207705700277778,0
SHP0341,Chennai,Chennai,Hyderabad,2026-03-27 02:04:00,2026-03-27 08:21:23.072053,2026-03-27 12:23:08.438910,2026-03-27 18:15:54.836820,16.2,Road,On Time,24,6.289742236944444,4.029268571388889,5.879554975,16.198565783333333,0
SHP0342,Bengaluru,Bengaluru,Mumbai,2026-04-01 20:11:00,2026-04-02 05:14:14.339397,2026-04-02 07:28:34.619907,2026-04-03 17:18:20.875785,45.12,Road,Delayed,14,9.053983165833333,2.238966808333333,33.829515521666664,45.12246549583334,1
SHP0343,Madurai,Coimbatore,Coimbatore,2026-06-12 22:36:00,2026-06-13 06:16:02.446210,2026-06-13 09:00:50.770228,2026-06-15 11:30:29.465707,60.91,Rail,Delayed,17,7.667346169444444,2.7467566716666667,50.494082077499996,60.90818491861111,1
SHP0344,Madurai,Pune,Chennai,2026-04-06 12:53:00,2026-04-06 20:52:09.135217,2026-04-06 23:12:32.033889,2026-04-08 13:48:14.102727,48.92,Rail,On Time,19,7.985870893611111,2.3396940755555553,38.59501912166667,48.92058409083333,0
SHP0345,Kochi,Coimbatore,Coimbatore,2026-04-21 05:50:00,2026-04-21 15:13:15.016015,2026-04-21 19:37:30.167068,2026-04-25 05:50:24.756636,96.01,Road,Delayed,20,9.38750444861111,4.404208625833333,82.21516376888889,96.00687684333333,1
SHP0346,Chennai,Mumbai,Mumbai,2026-06-10 18:37:00,2026-06-10 22:35:15.427681,2026-06-11 01:47:30.832021,2026-06-11 08:25:21.400052,13.81,Air,On Time,23,3.970952133611111,3.204278983333333,6.630713341944444,13.805944458888888,0
SHP0347,Hyderabad,Salem,Bengaluru,2026-06-28 16:36:00,2026-06-29 03:34:12.455277,2026-06-29 06:26:51.488073,2026-06-29 22:39:54.808487,30.07,Road,On Time,13,10.970126465833333,2.8775091099999996,16.21758900388889,30.065224579722223,0
SHP0348,Chennai,Coimbatore,Chennai,2026-02-23 22:06:00,2026-02-24 14:20:33.564952,2026-02-24 20:05:18.055305,2026-02-26 01:44:58.001774,51.65,Rail,On Time,24,16.24265693111111,5.745691764722222,29.66109624138889,51.64944493722222,0
SHP0349,Coimbatore,Delhi,Chennai,2026-04-28 20:13:00,2026-04-29 05:30:12.766718,2026-04-29 15:40:07.107004,2026-05-02 07:49:11.669111,83.6,Road,Delayed,15,9.286879643888888,10.165094523888888,64.15126725194445,83.60324141972222,1
SHP0350,Madurai,Bengaluru,Bengaluru,2026-01-08 08:50:00,2026-01-08 12:43:20.329567,2026-01-08 14:22:26.863687,2026-01-10 20:59:57.940847,60.17,Road,Delayed,24,3.888980435277778,1.6518150333333335,54.625299211111106,60.16609467972222,1
SHP0351,Chennai,Mumbai,Chennai,2026-02-28 00:59:00,2026-02-28 13:23:09.162587,2026-02-28 21:04:15.923549,2026-03-01 05:59:44.366234,29.01,Air,Delayed,25,12.402545163055555,7.685211378333333,8.9245674125,29.012323953888888,1
SHP0352,Salem,Bengaluru,Bengaluru,2026-04-18 21:52:00,2026-04-19 10:43:31.976649,2026-04-19 17:45:21.354462,2026-04-20 14:46:35.351968,40.91,Road,On Time,12,12.858882402499999,7.030382725833333,21.02055486277778,40.909819991111114,0
SHP0353,Pune,Coimbatore,Hyderabad,2026-06-12 04:17:00,2026-06-12 11:23:41.605673,2026-06-12 15:09:33.129274,2026-06-13 03:32:10.108204,23.25,Air,Delayed,25,7.111557131388889,3.764312111388889,12.376938591666667,23.252807834444447,1
SHP0354,Salem,Delhi,Chennai,2026-03-27 20:24:00,2026-03-28 06:31:16.683713,2026-03-28 13:22:02.097083,2026-03-29 15:12:41.842045,42.81,Road,Delayed,30,10.121301031388889,6.845948158333333,25.844373600555556,42.811622790277774,1
SHP0355,Bengaluru,Mumbai,Chennai,2026-02-14 17:07:00,2026-02-14 20:30:05.860272,2026-02-15 01:48:06.992762,2026-02-15 07:25:25.668451,14.31,Road,On Time,8,3.3849611866666667,5.300314580555556,5.621854358055556,14.307130125277777,0
SHP0356,Kochi,Hyderabad,Coimbatore,2026-03-05 17:37:00,2026-03-05 23:14:22.844801,2026-03-06 04:16:13.727023,2026-03-08 02:05:07.851942,56.47,Road,Delayed,5,5.623012444722222,5.030800617222222,45.81503469972222,56.468847761666666,1
SHP0357,Bengaluru,Hyderabad,Coimbatore,2026-02-07 13:43:00,2026-02-07 18:50:16.203738,2026-02-08 03:13:14.069690,2026-02-08 21:47:59.620501,32.08,Rail,On Time,21,5.121167705,8.382740542222223,18.57931966972222,32.083227916944445,0
SHP0358,Bengaluru,Pune,Chennai,2026-01-14 10:20:00,2026-01-14 21:15:10.437039,2026-01-15 00:38:59.601364,2026-01-17 06:01:46.291020,67.7,Rail,Delayed,7,10.919565844166666,3.396990090277778,53.379636015555555,67.69619195,1
SHP0359,Bengaluru,Chennai,Hyderabad,2026-02-12 21:03:00,2026-02-13 08:03:53.268252,2026-02-13 13:19:03.447505,2026-02-15 01:18:44.921543,52.26,Road,Delayed,12,11.014796736666668,5.252827570277777,35.99485389944444,52.26247820638889,1
SHP0360,Hyderabad,Bengaluru,Chennai,2026-06-10 06:17:00,2026-06-10 12:56:48.104840,2026-06-10 17:52:00.276829,2026-06-11 01:08:26.513632,18.86,Road,On Time,13,6.663362455555555,4.920047774722222,7.2739546675,18.857364897777778,0
SHP0361,Madurai,Madurai,Chennai,2026-01-20 13:53:00,2026-01-21 10:14:20.648968,2026-01-21 15:30:54.550625,2026-01-22 07:42:29.123563,41.82,Road,On Time,18,20.355735824444444,5.276083793611111,16.19293692722222,41.82475654527778,0
SHP0362,Madurai,Bengaluru,Coimbatore,2026-06-08 03:50:00,2026-06-08 19:24:18.463902,2026-06-08 20:56:51.083788,2026-06-11 11:56:20.565920,80.11,Road,Delayed,2,15.571795528333334,1.542394412777778,62.991522814444444,80.10571275555556,1
SHP0363,Coimbatore,Bengaluru,Mumbai,2026-03-05 07:32:00,2026-03-05 17:31:48.197386,2026-03-06 03:23:04.489337,2026-03-07 03:52:43.087408,44.35,Road,Delayed,12,9.99672149611111,9.854525541944444,24.49405501972222,44.34530205777777,1
SHP0364,Madurai,Madurai,Chennai,2026-01-08 04:40:00,2026-01-08 12:04:01.836071,2026-01-08 19:35:46.725820,2026-01-09 09:35:08.894851,28.92,Road,On Time,13,7.400510019722223,7.529136041388889,13.9894913975,28.91913745861111,0
SHP0365,Pune,Bengaluru,Coimbatore,2026-06-08 23:36:00,2026-06-09 09:14:06.361384,2026-06-09 19:34:33.482945,2026-06-10 07:02:55.919885,31.45,Road,On Time,23,9.635100384444446,10.340867100277778,11.47289915,31.448866634722222,0
SHP0366,Bengaluru,Kochi,Hyderabad,2026-04-17 03:32:00,2026-04-17 08:46:09.328106,2026-04-17 10:22:36.437267,2026-04-18 06:39:19.012481,27.12,Air,Delayed,15,5.235924473888889,1.6075303225000002,20.278493115,27.121947911388887,1
SHP0367,Hyderabad,Mumbai,Chennai,2026-01-19 09:02:00,2026-01-19 14:38:36.161956,2026-01-19 16:46:04.864464,2026-01-20 18:37:00.683038,33.58,Rail,On Time,23,5.610044987777778,2.1246395855555558,25.84883849277778,33.58352306611111,0
SHP0368,Salem,Madurai,Hyderabad,2026-05-24 04:09:00,2026-05-24 12:13:10.111109,2026-05-24 16:31:58.419259,2026-05-29 13:39:29.085086,129.51,Rail,Delayed,14,8.069475308055557,4.313418930555556,117.12518495194445,129.50807919055555,1
SHP0369,Salem,Madurai,Hyderabad,2026-04-15 15:19:00,2026-04-15 21:08:38.027130,2026-04-15 22:02:20.386143,2026-04-16 07:20:57.140213,16.03,Road,On Time,7,5.827229758333333,0.8950997258333333,9.31020946388889,16.032538948055556,0
SHP0370,Bengaluru,Madurai,Chennai,2026-02-12 19:54:00,2026-02-12 21:13:06.132078,2026-02-13 10:36:58.302502,2026-02-13 23:32:49.423908,27.65,Air,Delayed,5,1.3183700216666665,13.39782511777778,12.930867057222223,27.647062196666667,1
SHP0371,Hyderabad,Pune,Bengaluru,2026-02-22 22:12:00,2026-02-23 03:26:11.010622,2026-02-23 08:20:03.710626,2026-02-25 08:37:47.986613,58.43,Rail,Delayed,19,5.236391839444445,4.8979722233333325,48.29563221861111,58.42999628138889,1
SHP0372,Bengaluru,Kochi,Chennai,2026-01-20 01:39:00,2026-01-20 06:16:23.716966,2026-01-20 09:43:18.130703,2026-01-21 17:00:00.411554,39.35,Rail,On Time,29,4.623254712777777,3.448448260277778,31.2784113475,39.350114320555555,0
SHP0373,Salem,Mumbai,Chennai,2026-04-22 22:55:00,2026-04-23 03:57:23.508355,2026-04-23 08:08:24.461305,2026-04-24 22:59:35.509742,48.08,Road,Delayed,21,5.039863431944445,4.1835980416666665,38.85306901027778,48.07653048388889,1
SHP0374,Coimbatore,Hyderabad,Hyderabad,2026-01-04 00:26:00,2026-01-04 05:41:13.505156,2026-01-04 07:24:00.873544,2026-01-05 18:13:27.416360,41.79,Road,On Time,9,5.253751432222222,1.7131578855555556,34.82403967111111,41.79094898888889,0
SHP0375,Bengaluru,Hyderabad,Coimbatore,2026-02-16 06:22:00,2026-02-16 15:30:58.858937,2026-02-16 23:13:28.315829,2026-02-17 12:20:33.398791,29.98,Air,Delayed,24,9.149683038055555,7.70818247,13.118078600555556,29.97594410861111,1
SHP0376,Kochi,Coimbatore,Chennai,2026-05-25 07:43:00,2026-05-25 14:28:28.753954,2026-05-25 18:26:24.702967,2026-05-29 18:44:54.022793,107.03,Rail,Delayed,26,6.757987209444444,3.9655413925,96.30814439611112,107.03167299805556,1
SHP0377,Madurai,Madurai,Bengaluru,2026-04-25 15:54:00,2026-04-26 01:03:37.883883,2026-04-26 04:24:25.020083,2026-04-26 20:00:15.572291,28.1,Air,Delayed,19,9.160523300833335,3.3464267222222226,15.597375613333334,28.10432563638889,1
SHP0378,Pune,Hyderabad,Chennai,2026-03-20 19:23:00,2026-03-21 05:30:20.703692,2026-03-21 08:20:19.317926,2026-03-22 15:44:15.121301,44.35,Rail,On Time,9,10.122417692222223,2.8329483983333335,31.398834270833333,44.35420036138889,0
SHP0379,Pune,Kochi,Chennai,2026-04-06 11:16:00,2026-04-06 19:26:00.723673,2026-04-06 23:35:22.270575,2026-04-08 23:22:18.626192,60.11,Road,Delayed,13,8.166867686944444,4.155985250555555,47.78232100472222,60.10517394222222,1
SHP0380,Salem,Coimbatore,Coimbatore,2026-01-04 02:42:00,2026-01-04 09:09:13.583889,2026-01-04 15:16:32.025146,2026-01-05 02:48:36.727443,24.11,Road,On Time,15,6.4537733025,6.121789238055555,11.534639526944446,24.110202067499998,0
SHP0381,Chennai,Madurai,Coimbatore,2026-01-26 10:55:00,2026-01-26 13:47:59.807956,2026-01-26 16:18:23.495005,2026-01-29 22:20:08.409370,83.42,Road,Delayed,12,2.8832799877777777,2.5065797358333333,78.02914287916666,83.41900260277778,1
SHP0382,Hyderabad,Coimbatore,Coimbatore,2026-03-26 10:01:00,2026-03-26 17:51:23.999044,2026-03-26 20:01:30.981571,2026-03-27 04:02:26.164184,18.02,Air,On Time,22,7.8399997344444445,2.1686062575,8.015328503611112,18.023934495555554,0
SHP0383,Hyderabad,Hyderabad,Bengaluru,2026-06-01 09:57:00,2026-06-01 12:58:10.122514,2026-06-01 18:06:07.329288,2026-06-03 04:18:54.683056,42.37,Road,Delayed,28,3.0194784761111113,5.132557437222221,34.21315382444445,42.36518973777778,1
SHP0384,Pune,Delhi,Coimbatore,2026-01-20 02:40:00,2026-01-20 06:31:49.984324,2026-01-20 09:30:19.610825,2026-01-23 06:46:11.310655,76.1,Road,Delayed,12,3.8638845344444444,2.974896250277778,69.26436106388888,76.1031418486111,1
SHP0385,Chennai,Coimbatore,Hyderabad,2026-04-10 12:44:00,2026-04-10 17:07:41.582670,2026-04-10 22:49:21.116133,2026-04-12 04:54:04.714523,40.17,Road,On Time,12,4.394884075,5.694314850833333,30.078777330555557,40.16797625638889,0
SHP0386,Hyderabad,Delhi,Bengaluru,2026-01-12 23:46:00,2026-01-13 12:03:51.575522,2026-01-13 17:12:45.272154,2026-01-13 23:39:12.582253,23.89,Air,Delayed,7,12.297659867222222,5.148249064444444,6.440919471944444,23.886828403611112,1
SHP0387,Hyderabad,Pune,Bengaluru,2026-04-20 09:22:00,2026-04-20 15:53:34.374314,2026-04-20 19:35:57.525304,2026-04-22 17:42:33.168545,56.34,Road,Delayed,15,6.526215087222222,3.7064308305555556,46.10990090027778,56.34254681805555,1
SHP0388,Kochi,Salem,Chennai,2026-05-30 21:32:00,2026-05-31 04:03:25.501251,2026-05-31 05:33:22.080022,2026-05-31 23:34:32.362655,26.04,Road,On Time,6,6.5237503475,1.4990496586111113,18.019522953611112,26.042322959722224,0
SHP0389,Madurai,Mumbai,Mumbai,2026-01-21 09:10:00,2026-01-21 16:19:59.713840,2026-01-21 20:44:53.882448,2026-01-23 08:17:09.231456,47.12,Rail,On Time,3,7.166587177777778,4.415046835555556,35.53759694666667,47.11923096,0
SHP0390,Kochi,Madurai,Bengaluru,2026-03-18 10:46:00,2026-03-18 15:43:35.534883,2026-03-18 20:32:10.142032,2026-03-20 04:01:33.604622,41.26,Road,On Time,15,4.959870800833333,4.809613096944444,31.489850719444444,41.25933461722222,0
SHP0391,Pune,Salem,Chennai,2026-06-13 23:06:00,2026-06-14 05:04:29.830177,2026-06-14 07:40:30.258415,2026-06-14 21:07:43.196116,22.03,Road,On Time,2,5.9749528269444445,2.600118955,13.453593805833334,22.02866558777778,0
SHP0392,Salem,Madurai,Bengaluru,2026-03-20 10:09:00,2026-03-20 16:46:17.755739,2026-03-20 22:12:35.139457,2026-03-21 19:08:12.997792,32.99,Road,On Time,7,6.621598816388889,5.438162143888889,20.92718287083333,32.98694383111111,0
SHP0393,Hyderabad,Coimbatore,Bengaluru,2026-04-27 12:11:00,2026-04-27 15:35:30.185220,2026-04-28 06:58:10.398697,2026-04-28 14:33:59.603598,26.38,Road,On Time,22,3.408384783333333,15.377837076944443,7.597001361388889,26.383223221666668,0
SHP0394,Hyderabad,Salem,Chennai,2026-02-21 18:21:00,2026-02-22 02:27:25.557366,2026-02-22 05:38:57.776878,2026-02-23 22:02:48.773305,51.7,Road,Delayed,8,8.107099268333334,3.1922831977777775,40.3974990075,51.696881473611114,1
SHP0395,Hyderabad,Coimbatore,Chennai,2026-06-11 08:02:00,2026-06-11 11:44:30.893909,2026-06-11 18:26:33.253985,2026-06-14 20:38:23.835414,84.61,Rail,Delayed,7,3.708581641388889,6.700655576666667,74.19738373027778,84.60662094833333,1
SHP0396,Pune,Hyderabad,Bengaluru,2026-03-12 09:49:00,2026-03-12 23:19:39.473828,2026-03-13 02:37:22.106375,2026-03-13 12:17:55.562125,26.48,Air,Delayed,16,13.510964952222222,3.2951757075,9.675959930555555,26.482100590277778,1
SHP0397,Hyderabad,Delhi,Bengaluru,2026-06-11 09:37:00,2026-06-11 15:33:00.837745,2026-06-11 17:56:38.723773,2026-06-13 03:27:36.160970,41.84,Rail,On Time,14,5.933566040277778,2.39385723,33.51595477694445,41.843378047222224,0
SHP0398,Madurai,Madurai,Bengaluru,2026-03-21 15:05:00,2026-03-22 02:59:06.718147,2026-03-22 06:07:16.680508,2026-03-25 20:03:40.215525,100.98,Rail,Delayed,29,11.901866151944445,3.1361006558333333,85.93987083805555,100.97783764583333,1
SHP0399,Madurai,Mumbai,Bengaluru,2026-03-29 17:05:00,2026-03-29 22:02:15.389900,2026-03-30 00:56:53.835529,2026-03-31 18:50:23.328586,49.76,Rail,On Time,30,4.954274972222222,2.9106793413888887,41.89152584916667,49.75648016277778,0
SHP0400,Pune,Hyderabad,Mumbai,2026-05-19 17:11:00,2026-05-19 22:37:14.840660,2026-05-20 05:14:09.576367,2026-05-21 01:50:42.434895,32.66,Road,On Time,12,5.43745573888889,6.615204363055556,20.60912736888889,32.66178747083333,0
SHP0401,Bengaluru,Pune,Chennai,2026-01-31 09:06:00,2026-01-31 17:49:39.261713,2026-01-31 20:03:05.473411,2026-02-01 06:08:13.507842,21.04,Road,On Time,12,8.727572698055555,2.223947693888889,10.085565119722222,21.037085511666668,0
SHP0402,Chennai,Hyderabad,Chennai,2026-03-28 04:15:00,2026-03-28 09:15:19.787406,2026-03-28 10:29:49.921143,2026-03-30 09:13:43.853150,52.98,Road,Delayed,4,5.005496501666666,1.2417038158333333,46.73164777972222,52.978848097222226,1
SHP0403,Salem,Hyderabad,Coimbatore,2026-03-21 10:16:00,2026-03-21 16:17:04.040367,2026-03-21 22:18:06.252750,2026-03-22 08:24:09.156725,22.14,Air,Delayed,9,6.017788990833334,6.0172812175,10.100806659722222,22.135876868055554,1
SHP0404,Chennai,Kochi,Mumbai,2026-02-26 21:33:00,2026-02-27 08:14:39.455703,2026-02-27 12:09:30.405286,2026-02-28 21:02:23.456027,47.49,Road,Delayed,10,10.694293250833333,3.9141526619444442,32.88140298361111,47.48984889638889,1
SHP0405,Madurai,Delhi,Bengaluru,2026-05-07 13:07:00,2026-05-07 23:17:26.082065,2026-05-08 04:35:09.644390,2026-05-08 22:14:58.488621,33.13,Road,On Time,29,10.173911684722222,5.295433979166666,17.663567841944445,33.13291350583333,0
SHP0406,Hyderabad,Coimbatore,Hyderabad,2026-04-26 01:52:00,2026-04-26 08:07:14.393083,2026-04-26 11:43:10.941205,2026-04-26 19:06:53.432869,17.25,Air,On Time,22,6.253998078611111,3.599041145,7.395136573333334,17.248175796944444,0
SHP0407,Chennai,Delhi,Coimbatore,2026-04-25 11:52:00,2026-04-25 15:25:58.254803,2026-04-25 18:39:02.074454,2026-04-27 03:16:09.015237,39.4,Rail,On Time,12,3.5661818897222224,3.2177276808333333,32.61859466194444,39.40250423250001,0
SHP0408,Chennai,Hyderabad,Bengaluru,2026-06-27 15:58:00,2026-06-27 20:16:22.293788,2026-06-28 01:57:05.932546,2026-06-29 01:15:13.761776,33.29,Road,On Time,8,4.306192718888889,5.678788543888889,23.302174786111113,33.28715604888889,0
SHP0409,Chennai,Chennai,Bengaluru,2026-04-30 22:49:00,2026-05-01 06:43:30.560494,2026-05-01 10:32:15.230740,2026-05-01 12:49:04.325880,14.0,Road,On Time,16,7.908489026111112,3.8124084016666666,2.2803042055555554,14.001201633333332,0
SHP0410,Kochi,Coimbatore,Coimbatore,2026-06-09 09:57:00,2026-06-09 14:44:02.180361,2026-06-09 18:01:32.884688,2026-06-10 10:58:24.395202,25.02,Road,On Time,29,4.783938989166666,3.2918623130555553,16.947641809444445,25.023443111666666,0
SHP0411,Coimbatore,Mumbai,Coimbatore,2026-02-03 06:40:00,2026-02-03 12:30:34.110127,2026-02-03 18:00:53.417590,2026-02-05 07:09:06.699131,48.49,Rail,On Time,22,5.842808368611111,5.505363184166667,37.13702265027778,48.485194203055556,0
SHP0412,Kochi,Coimbatore,Chennai,2026-06-29 06:30:00,2026-06-29 17:46:05.126743,2026-06-29 21:44:38.218268,2026-07-01 13:55:32.838419,55.43,Rail,Delayed,17,11.268090761944444,3.9758587569444446,40.18183893083334,55.425788449722226,1
SHP0413,Kochi,Salem,Chennai,2026-06-02 18:45:00,2026-06-03 07:39:15.086768,2026-06-03 11:32:48.158978,2026-06-05 16:03:25.517631,69.31,Rail,Delayed,4,12.904190768888888,3.8925200583333335,52.51037740361111,69.30708823083333,1
SHP0414,Pune,Madurai,Coimbatore,2026-01-13 03:11:00,2026-01-13 11:35:33.506915,2026-01-13 13:38:25.653208,2026-01-15 07:57:39.585155,52.78,Road,Delayed,14,8.40930747638889,2.0478184147222223,42.320536651944444,52.777662543055555,1
SHP0415,Madurai,Hyderabad,Chennai,2026-05-15 16:59:00,2026-05-15 22:28:54.896074,2026-05-16 00:32:03.128828,2026-05-16 13:39:16.403826,20.67,Road,On Time,11,5.498582242777778,2.052286876111111,13.120354166111111,20.671223285,0
SHP0416,Bengaluru,Madurai,Mumbai,2026-03-26 16:27:00,2026-03-27 00:34:44.012710,2026-03-27 06:06:09.916730,2026-03-28 00:52:21.477808,32.42,Road,On Time,22,8.128892419444444,5.523862227777778,18.769878077222224,32.42263272444444,0
SHP0417,Salem,Coimbatore,Bengaluru,2026-03-18 00:47:00,2026-03-18 02:29:28.009470,2026-03-18 11:18:28.875041,2026-03-19 04:17:45.677772,27.51,Rail,On Time,8,1.7077804083333332,8.816907103055556,16.98800075861111,27.512688269999998,0
SHP0418,Salem,Salem,Coimbatore,2026-05-02 21:56:00,2026-05-03 03:18:18.972226,2026-05-03 04:05:31.919452,2026-05-03 13:52:47.703455,15.95,Rail,On Time,3,5.371936729444445,0.7869297849999999,9.78771777861111,15.946584293055556,0
SHP0419,Bengaluru,Madurai,Hyderabad,2026-05-08 10:11:00,2026-05-08 17:35:50.990234,2026-05-08 22:45:15.267972,2026-05-09 17:29:29.662468,31.31,Rail,On Time,16,7.414163953888889,5.156743816111112,18.73733180444444,31.308239574444443,0
SHP0420,Chennai,Madurai,Chennai,2026-06-19 08:19:00,2026-06-19 13:50:40.633725,2026-06-19 19:12:24.696947,2026-06-24 03:43:22.806380,115.41,Road,Delayed,26,5.5279538125,5.362239783888889,104.51614150916666,115.40633510555556,1
SHP0421,Chennai,Delhi,Chennai,2026-06-29 18:52:00,2026-06-30 14:56:43.509316,2026-06-30 21:56:12.354307,2026-07-01 01:19:35.685632,30.46,Air,Delayed,7,20.078752587777778,6.991345830833334,3.3898142569444443,30.459912675555554,1
SHP0422,Coimbatore,Delhi,Bengaluru,2026-02-01 15:54:00,2026-02-01 23:36:37.919538,2026-02-02 00:58:18.568676,2026-02-05 21:57:41.208223,102.06,Road,Delayed,18,7.710533205,1.361291427222222,92.98962209638889,102.06144672861112,1
SHP0423,Pune,Chennai,Chennai,2026-02-02 13:54:00,2026-02-02 19:15:48.872776,2026-02-03 00:26:50.877185,2026-02-03 23:10:40.743131,33.28,Road,On Time,11,5.363575771111111,5.1838901136111115,22.730518318333335,33.27798420305555,0
SHP0424,Madurai,Chennai,Coimbatore,2026-05-27 16:45:00,2026-05-28 05:43:11.073897,2026-05-28 14:21:14.625921,2026-05-30 18:39:17.331580,73.9,Air,Delayed,24,12.969742749166667,8.634320006666666,52.300751571944446,73.90481432777777,1
SHP0425,Hyderabad,Madurai,Coimbatore,2026-01-04 11:10:00,2026-01-04 15:38:00.222076,2026-01-04 22:28:39.324237,2026-01-05 09:33:49.065688,22.4,Road,On Time,23,4.466728354444444,6.8441950447222215,11.086039291944445,22.396962691111113,0
SHP0426,Chennai,Delhi,Chennai,2026-06-22 03:02:00,2026-06-22 08:21:50.176293,2026-06-22 12:04:49.264734,2026-06-22 21:04:03.116326,18.03,Road,On Time,1,5.330604525833333,3.7164134558333335,8.987180997777777,18.034198979444444,0
SHP0427,Coimbatore,Kochi,Mumbai,2026-03-24 00:25:00,2026-03-24 09:06:08.445502,2026-03-24 12:35:28.067379,2026-03-25 17:21:48.157852,40.95,Rail,On Time,27,8.68567930611111,3.488783854722222,28.772247353611114,40.94671051444445,0
SHP0428,Bengaluru,Delhi,Coimbatore,2026-04-04 03:43:00,2026-04-04 05:25:24.229315,2026-04-04 12:46:05.488557,2026-04-04 23:07:50.364720,19.41,Air,On Time,10,1.7067303652777777,7.344794233888889,10.362465600833334,19.4139902,0
SHP0429,Kochi,Kochi,Chennai,2026-05-21 17:52:00,2026-05-21 23:29:22.946577,2026-05-22 05:14:24.594147,2026-05-23 03:12:05.888194,33.33,Road,On Time,18,5.623040715833333,5.7504576583333336,21.961470568611112,33.33496894277778,0
SHP0430,Kochi,Pune,Chennai,2026-05-12 17:18:00,2026-05-12 22:01:03.300096,2026-05-13 01:16:55.952060,2026-05-13 16:19:03.301349,23.02,Rail,On Time,6,4.71758336,3.2646255455555555,15.0353748025,23.017583708055557,0
SHP0431,Chennai,Delhi,Mumbai,2026-04-03 22:25:00,2026-04-04 13:23:41.897336,2026-04-04 15:28:01.519780,2026-04-06 01:28:05.012284,51.05,Road,Delayed,5,14.978304815555557,2.0721173455555553,34.00097014,51.05139230111111,1
SHP0432,Chennai,Bengaluru,Bengaluru,2026-03-21 18:35:00,2026-03-22 03:20:35.310674,2026-03-22 06:23:16.075880,2026-03-23 04:22:39.690894,33.79,Road,On Time,23,8.759808520555556,3.0446570016666668,21.989893059444444,33.794358581666664,0
SHP0433,Hyderabad,Coimbatore,Coimbatore,2026-03-27 18:16:00,2026-03-27 23:09:48.230637,2026-03-28 09:10:44.416650,2026-03-28 11:10:44.416650,16.91,Air,On Time,12,4.8967307325,10.015607225833334,2.0,16.91233795833333,0
SHP0434,Pune,Madurai,Hyderabad,2026-06-19 04:14:00,2026-06-19 08:21:15.844747,2026-06-19 12:37:44.249770,2026-06-19 23:25:16.938962,19.19,Road,On Time,1,4.121067985277778,4.274556950833333,10.792413664444444,19.188038600555554,0
SHP0435,Madurai,Pune,Bengaluru,2026-04-13 15:46:00,2026-04-13 18:26:32.048386,2026-04-14 01:13:26.214365,2026-04-15 15:01:32.259388,47.26,Road,Delayed,5,2.675568996111111,6.781712771944445,37.80167917305556,47.25896094111111,1
SHP0436,Pune,Pune,Coimbatore,2026-03-11 08:23:00,2026-03-11 14:40:17.206845,2026-03-11 17:50:14.764583,2026-03-13 05:47:26.307149,45.41,Rail,On Time,8,6.2881130125,3.1659882605555554,35.95320626833333,45.40730754138889,0
SHP0437,Coimbatore,Salem,Bengaluru,2026-03-31 05:18:00,2026-03-31 09:50:18.712120,2026-03-31 12:02:23.837107,2026-04-01 22:04:54.491593,40.78,Road,On Time,15,4.538531144444445,2.2014236075,34.041848468333335,40.78180322027778,0
SHP0438,Madurai,Pune,Bengaluru,2026-05-02 04:56:00,2026-05-02 08:43:14.816775,2026-05-02 15:28:54.988434,2026-05-03 09:07:59.909716,28.2,Road,On Time,18,3.7874491041666665,6.761158794166667,17.65136702277778,28.19997492111111,0
SHP0439,Pune,Salem,Chennai,2026-03-07 06:31:00,2026-03-07 09:04:47.123463,2026-03-07 15:19:57.242929,2026-03-08 14:10:05.619461,31.65,Road,On Time,20,2.5630898508333333,6.252810962777778,22.835660147777777,31.65156096138889,0
SHP0440,Kochi,Coimbatore,Coimbatore,2026-06-12 01:06:00,2026-06-12 08:30:24.938973,2026-06-12 09:27:30.941711,2026-06-13 02:32:25.621787,25.44,Road,On Time,8,7.4069274925,0.9516674272222223,17.081855576666666,25.440450496388888,0
SHP0441,Bengaluru,Delhi,Chennai,2026-02-02 07:45:00,2026-02-02 17:10:17.897759,2026-02-02 20:12:18.480302,2026-02-03 03:05:33.695181,19.34,Rail,On Time,4,9.42163826638889,3.0334951508333337,6.887559688611111,19.342693105833334,0
SHP0442,Chennai,Madurai,Bengaluru,2026-01-05 13:15:00,2026-01-05 16:29:14.383603,2026-01-05 20:35:30.351337,2026-01-06 06:56:50.384209,17.7,Road,On Time,15,3.2373287786111113,4.104435481666667,10.355564686666668,17.697328946944445,0
SHP0443,Chennai,Salem,Bengaluru,2026-06-05 02:00:00,2026-06-05 07:02:37.586519,2026-06-05 09:17:22.469043,2026-06-06 09:21:02.162769,31.35,Road,On Time,6,5.043774033055556,2.245800701111111,24.061026034999998,31.350600769166668,0
SHP0444,Coimbatore,Salem,Bengaluru,2026-06-05 21:39:00,2026-06-06 02:43:31.686773,2026-06-06 10:34:25.063966,2026-06-07 19:33:23.444215,45.91,Road,Delayed,9,5.0754685480555555,7.848160331388889,32.9828834025,45.906512281944444,1
SHP0445,Bengaluru,Kochi,Coimbatore,2026-06-24 06:14:00,2026-06-24 09:55:28.054054,2026-06-24 13:54:40.451839,2026-06-25 20:27:34.322423,38.23,Rail,On Time,21,3.691126126111111,3.9867771624999997,30.548297384444446,38.22620067305556,0
SHP0446,Coimbatore,Pune,Chennai,2026-03-17 15:28:00,2026-03-18 00:22:35.488286,2026-03-18 08:37:23.908105,2026-03-20 23:20:11.115641,79.87,Rail,Delayed,26,8.909857857222223,8.246783283055555,62.71311320444445,79.86975434472221,1
SHP0447,Salem,Bengaluru,Chennai,2026-02-07 07:40:00,2026-02-07 10:48:56.418630,2026-02-07 12:32:08.976310,2026-02-07 20:59:40.350074,13.33,Air,On Time,8,3.149005175,1.7201549111111112,8.458714934444444,13.327875020555556,0
SHP0448,Madurai,Madurai,Hyderabad,2026-04-04 12:34:00,2026-04-04 20:13:08.566108,2026-04-05 10:02:54.773073,2026-04-06 14:43:07.781017,50.15,Rail,On Time,22,7.652379474444444,13.829501934722222,28.670279984444445,50.15216139361111,0
SHP0449,Chennai,Salem,Coimbatore,2026-02-08 09:12:00,2026-02-08 11:39:56.095530,2026-02-08 15:22:56.625447,2026-02-09 18:33:34.782612,33.36,Rail,On Time,2,2.4655820916666666,3.716813865833333,27.177265879166665,33.35966183666667,0
SHP0450,Bengaluru,Delhi,Chennai,2026-06-15 07:24:00,2026-06-15 17:40:38.304568,2026-06-15 23:09:09.540188,2026-06-16 21:59:30.235054,38.59,Rail,On Time,3,10.277306824444445,5.475343227777778,22.839081907222223,38.591731959444445,0
SHP0451,Pune,Hyderabad,Hyderabad,2026-03-18 19:23:00,2026-03-19 03:01:07.658210,2026-03-19 06:10:24.526279,2026-03-19 16:24:37.204693,21.03,Road,On Time,28,7.635460613888889,3.1546855747222224,10.236855115000001,21.02700130361111,0
SHP0452,Bengaluru,Madurai,Mumbai,2026-02-08 22:55:00,2026-02-09 01:48:01.271906,2026-02-09 02:57:17.203652,2026-02-09 05:16:00.687022,6.35,Road,On Time,6,2.8836866405555557,1.154425485,2.312078713888889,6.350190839444444,0
SHP0453,Madurai,Hyderabad,Bengaluru,2026-06-11 06:13:00,2026-06-11 14:57:51.878096,2026-06-12 00:27:55.137866,2026-06-12 14:46:20.079193,32.56,Rail,On Time,7,8.747743915555557,9.500905491666666,14.30692814638889,32.55557755361111,0
SHP0454,Hyderabad,Bengaluru,Chennai,2026-03-27 23:02:00,2026-03-28 03:45:37.623026,2026-03-28 11:57:23.825826,2026-03-29 10:19:52.908311,35.3,Road,On Time,17,4.727117507222222,8.196167444444445,22.374745134722225,35.29803008638889,0
SHP0455,Coimbatore,Salem,Coimbatore,2026-06-06 20:11:00,2026-06-07 01:48:33.054215,2026-06-07 04:56:06.845655,2026-06-07 16:48:20.152327,20.62,Rail,On Time,10,5.625848393055556,3.126053177777778,11.870362964444444,20.62226453527778,0
SHP0456,Pune,Hyderabad,Chennai,2026-01-13 03:19:00,2026-01-13 12:13:23.769808,2026-01-13 14:12:20.747482,2026-01-14 23:24:43.266735,44.1,Road,Delayed,21,8.906602724444445,1.9824937983333333,33.20625534805556,44.09535187083333,1
SHP0457,Madurai,Madurai,Mumbai,2026-02-04 20:24:00,2026-02-05 03:19:33.741385,2026-02-05 05:03:01.708496,2026-02-05 13:31:17.021670,17.12,Air,On Time,7,6.926039273611112,1.724435308611111,8.470920326111111,17.121394908333333,0
SHP0458,Pune,Coimbatore,Hyderabad,2026-01-21 05:05:00,2026-01-21 13:21:55.093681,2026-01-21 15:00:39.451470,2026-01-26 03:59:05.528270,118.9,Rail,Delayed,4,8.281970466944443,1.6456549413888888,108.97391022222222,118.90153563055556,1
SHP0459,Bengaluru,Pune,Bengaluru,2026-06-19 04:15:00,2026-06-19 12:40:03.025005,2026-06-19 17:14:02.141898,2026-06-21 19:52:35.229550,63.63,Rail,Delayed,11,8.417506945833333,4.566421359166666,50.64252434777777,63.62645265277777,1
SHP0460,Chennai,Salem,Chennai,2026-05-23 06:07:00,2026-05-23 11:27:21.948801,2026-05-23 16:20:47.915752,2026-05-25 00:24:50.814819,42.3,Road,Delayed,27,5.3394302225,4.890546375277777,32.06747196305556,42.29744856083333,1
SHP0461,Bengaluru,Delhi,Hyderabad,2026-05-12 13:51:00,2026-05-12 17:28:58.841595,2026-05-12 19:54:20.436378,2026-05-14 00:03:28.085772,34.21,Road,On Time,8,3.6330115541666665,2.4226652175,28.152124831666665,34.20780160333334,0
SHP0462,Salem,Pune,Hyderabad,2026-06-26 16:34:00,2026-06-26 18:46:58.931371,2026-06-26 21:53:23.745425,2026-06-27 20:42:53.677045,28.15,Air,Delayed,14,2.2163698252777775,3.106892792777778,22.824981005555557,28.148243623611112,1
SHP0463,Bengaluru,Salem,Bengaluru,2026-03-25 11:48:00,2026-03-25 21:00:24.606763,2026-03-26 01:25:42.395439,2026-03-30 20:55:39.590773,129.13,Rail,Delayed,8,9.206835211944446,4.421607965555555,115.49922092611111,129.1276641036111,1
SHP0464,Chennai,Pune,Chennai,2026-02-03 18:55:00,2026-02-04 02:57:58.829209,2026-02-04 12:53:32.256596,2026-02-05 06:45:48.121828,35.85,Road,On Time,17,8.049674780277778,9.925952051944446,17.871073675555554,35.846700507777776,0
SHP0465,Chennai,Hyderabad,Bengaluru,2026-03-14 18:17:00,2026-03-15 10:10:26.791402,2026-03-15 13:00:22.705621,2026-03-17 03:50:35.431562,57.56,Road,Delayed,28,15.890775389444444,2.832198394166667,38.83686831694445,57.55984210055556,1
SHP0466,Madurai,Salem,Coimbatore,2026-01-04 10:30:00,2026-01-04 16:02:59.634362,2026-01-04 20:44:55.613466,2026-01-05 06:44:32.633198,20.24,Road,On Time,7,5.549898433888889,4.698883084444444,9.993616592222223,20.242398110555555,0
SHP0467,Bengaluru,Delhi,Chennai,2026-02-14 23:07:00,2026-02-15 02:40:44.420358,2026-02-15 04:55:44.617413,2026-02-15 20:15:42.910274,21.15,Road,On Time,16,3.562338988333333,2.2500547374999997,15.332859128055556,21.145252853888888,0
SHP0468,Bengaluru,Chennai,Mumbai,2026-06-05 12:22:00,2026-06-05 16:33:27.150380,2026-06-05 19:08:27.433940,2026-06-06 16:09:33.820192,27.79,Road,On Time,16,4.1908751055555555,2.5834121,21.018440625555556,27.79272783111111,0
SHP0469,Pune,Madurai,Coimbatore,2026-02-17 00:05:00,2026-02-17 04:45:25.857926,2026-02-17 07:59:39.089554,2026-02-17 19:02:13.351535,18.95,Road,On Time,12,4.673849423888889,3.2370087855555556,11.042850550277779,18.953708759722222,0
SHP0470,Hyderabad,Madurai,Coimbatore,2026-04-28 15:47:00,2026-04-29 01:25:49.104379,2026-04-29 07:31:58.535293,2026-04-29 20:46:47.263349,29.0,Road,On Time,30,9.646973438611111,6.102619698333333,13.246868904444444,28.996462041388888,0
SHP0471,Madurai,Salem,Coimbatore,2026-05-28 00:22:00,2026-05-28 04:57:32.688106,2026-05-28 08:13:34.431967,2026-05-28 19:06:31.102868,18.74,Road,On Time,1,4.592413362777778,3.2671510725000004,10.882408583611111,18.74197301888889,0
SHP0472,Pune,Delhi,Hyderabad,2026-01-29 15:28:00,2026-01-29 18:36:53.650946,2026-01-29 19:44:57.628677,2026-01-30 17:18:00.144832,25.83,Road,On Time,7,3.148236373888889,1.134438258611111,21.550698931944446,25.833373564444447,0
SHP0473,Bengaluru,Coimbatore,Coimbatore,2026-02-07 07:20:00,2026-02-07 12:48:41.401124,2026-02-07 18:08:52.091632,2026-02-09 22:49:41.741011,63.49,Road,Delayed,21,5.478166978888889,5.336302918888888,52.68045816083334,63.494928058611116,1
SHP0474,Kochi,Pune,Coimbatore,2026-03-23 03:31:00,2026-03-23 10:26:33.050453,2026-03-23 14:17:12.436925,2026-03-24 07:50:05.027505,28.32,Rail,On Time,9,6.925847348055555,3.84427402,17.547941827777777,28.318063195833336,0
SHP0475,Hyderabad,Kochi,Mumbai,2026-01-19 01:41:00,2026-01-19 05:49:17.603036,2026-01-19 12:38:21.332561,2026-01-20 19:48:27.052022,42.12,Road,Delayed,9,4.138223065555556,6.817702645833333,31.168255405833335,42.12418111722222,1
SHP0476,Hyderabad,Salem,Chennai,2026-03-21 05:40:00,2026-03-21 13:34:30.077199,2026-03-21 17:03:14.591267,2026-03-23 13:52:49.518946,56.21,Rail,Delayed,13,7.9083547775,3.479031685555556,44.82636879972222,56.213755262777774,1
SHP0477,Bengaluru,Salem,Hyderabad,2026-03-08 21:53:00,2026-03-09 03:07:47.471620,2026-03-09 05:43:36.862427,2026-03-11 02:27:14.327816,52.57,Road,Delayed,22,5.246519894444445,2.5970530019444444,44.72707371916666,52.57064661555556,1
SHP0478,Coimbatore,Chennai,Chennai,2026-01-23 12:40:00,2026-01-23 20:10:56.138091,2026-01-24 04:04:26.985429,2026-01-24 14:17:18.631757,25.62,Road,On Time,27,7.515593914166667,7.891902038333333,10.214346202222224,25.62184215472222,0
SHP0479,Salem,Coimbatore,Coimbatore,2026-04-06 14:52:00,2026-04-07 02:35:57.581015,2026-04-07 05:48:03.053051,2026-04-07 16:18:17.899730,25.44,Road,On Time,8,11.732661393055556,3.20152001,10.5041240775,25.438305480555556,0
SHP0480,Madurai,Bengaluru,Bengaluru,2026-06-16 22:13:00,2026-06-17 10:15:10.874603,2026-06-17 12:30:11.183014,2026-06-17 18:37:37.598327,20.41,Road,On Time,18,12.036354056388888,2.250085669722222,6.124004253611112,20.41044397972222,0
SHP0481,Hyderabad,Bengaluru,Mumbai,2026-06-28 17:47:00,2026-06-29 02:41:11.572343,2026-06-29 08:53:00.363218,2026-06-29 16:20:33.336481,22.56,Road,On Time,9,8.903214539722223,6.196886354166666,7.459159239722222,22.55926013361111,0
SHP0482,Coimbatore,Delhi,Hyderabad,2026-04-25 02:42:00,2026-04-25 08:43:18.202084,2026-04-25 09:45:16.469373,2026-04-26 11:09:57.386709,32.47,Road,On Time,9,6.021722801111111,1.0328520247222222,25.411365926666665,32.465940752499996,0
SHP0483,Salem,Hyderabad,Chennai,2026-02-09 16:22:00,2026-02-09 22:55:45.642263,2026-02-10 01:19:08.477479,2026-02-11 22:49:33.139233,54.46,Road,Delayed,14,6.56267840638889,2.389676448888889,45.50685048722222,54.4592053425,1
SHP0484,Chennai,Coimbatore,Bengaluru,2026-05-12 08:42:00,2026-05-12 14:16:23.852185,2026-05-12 16:49:56.152351,2026-05-16 07:09:48.609639,94.46,Road,Delayed,9,5.573292273611111,2.5589722683333336,86.33123813555555,94.46350267749999,1
SHP0485,Madurai,Madurai,Hyderabad,2026-04-30 09:46:00,2026-04-30 16:13:16.152902,2026-04-30 20:42:03.149522,2026-05-04 07:09:20.801727,93.39,Road,Delayed,24,6.454486917222223,4.479721283333333,82.45490339027778,93.38911159083332,1
SHP0486,Coimbatore,Salem,Hyderabad,2026-02-14 08:58:00,2026-02-14 21:03:51.798489,2026-02-15 02:48:20.615764,2026-02-15 20:23:06.775576,35.42,Road,On Time,18,12.0977218025,5.7413381319444445,17.579488836666666,35.41854877111111,0
SHP0487,Pune,Hyderabad,Chennai,2026-04-22 13:20:00,2026-04-22 16:19:54.335092,2026-04-22 17:25:23.203686,2026-04-22 21:26:56.642094,8.12,Rail,On Time,8,2.9984264144444444,1.0913523872222222,4.025955113333334,8.115733915,0
SHP0488,Pune,Kochi,Chennai,2026-01-12 19:34:00,2026-01-12 22:25:18.122937,2026-01-13 02:45:36.165578,2026-01-15 01:55:18.640038,54.36,Road,Delayed,15,2.855034149166667,4.3383451780555555,47.16179846111111,54.355177788333336,1
SHP0489,Coimbatore,Hyderabad,Coimbatore,2026-01-31 15:20:00,2026-02-01 04:43:58.244004,2026-02-01 07:16:39.101646,2026-02-01 13:28:45.561190,22.15,Road,On Time,10,13.399512223333334,2.5446826783333334,6.201794317777778,22.14598921944444,0
SHP0490,Madurai,Mumbai,Mumbai,2026-04-28 06:42:00,2026-04-28 15:45:56.565091,2026-04-28 17:49:00.612016,2026-04-29 05:19:51.918167,22.63,Road,On Time,10,9.065712525277778,2.051124145833333,11.514251708611111,22.63108837972222,0
SHP0491,Madurai,Salem,Chennai,2026-02-18 09:07:00,2026-02-18 12:59:08.006166,2026-02-18 15:35:59.224768,2026-02-21 11:04:58.044804,73.97,Rail,Delayed,22,3.8688906016666667,2.6142273894444448,67.48300556555556,73.96612355666667,1
SHP0492,Coimbatore,Hyderabad,Chennai,2026-02-17 07:20:00,2026-02-17 13:05:54.989714,2026-02-17 19:33:56.330897,2026-02-19 13:32:20.410996,54.21,Rail,Delayed,24,5.765274920555555,6.4670392175,41.97335558305556,54.20566972111111,1
SHP0493,Hyderabad,Coimbatore,Chennai,2026-01-15 03:17:00,2026-01-15 06:08:59.503217,2026-01-15 08:09:49.206121,2026-01-16 23:11:42.218547,43.91,Road,Delayed,7,2.8665286713888887,2.013806362222222,39.031392340555556,43.91172737416667,1
SHP0494,Kochi,Coimbatore,Mumbai,2026-04-07 13:25:00,2026-04-07 21:20:50.763128,2026-04-08 11:58:36.598843,2026-04-11 01:24:22.587685,83.99,Rail,Delayed,27,7.930767535555555,14.629398809722222,61.429441345,83.98960769027777,1
SHP0495,Coimbatore,Chennai,Chennai,2026-01-13 11:26:00,2026-01-13 18:45:19.317226,2026-01-14 03:14:56.638622,2026-01-14 09:13:33.105030,21.79,Rail,On Time,2,7.322032562777777,8.493700387777778,5.976796224444445,21.792529175000002,0
SHP0496,Kochi,Kochi,Chennai,2026-02-01 19:24:00,2026-02-02 02:44:18.898569,2026-02-02 04:08:58.152971,2026-02-04 12:23:51.662236,65.0,Road,Delayed,10,7.338582935833333,1.4109040005555555,56.248197018055556,64.99768395444444,1
SHP0497,Pune,Mumbai,Chennai,2026-03-30 06:07:00,2026-03-30 23:46:19.967194,2026-03-31 03:20:13.396775,2026-04-01 09:59:11.857342,51.87,Road,Delayed,17,17.655546442777776,3.564841550277778,30.649572379722223,51.869960372777776,1
SHP0498,Coimbatore,Chennai,Chennai,2026-06-13 10:55:00,2026-06-13 16:27:19.584086,2026-06-13 20:09:56.542337,2026-06-16 10:55:21.535081,72.01,Road,Delayed,10,5.5387733572222215,3.7102661808333335,62.756942428888884,72.00598196694445,1
SHP0499,Salem,Pune,Chennai,2026-02-11 10:09:00,2026-02-11 16:47:08.406836,2026-02-12 01:37:18.467350,2026-02-13 04:29:05.557166,42.33,Road,Delayed,14,6.635668565555555,8.836127920555557,26.863080504444447,42.33487699055556,1
SHP0500,Kochi,Kochi,Chennai,2026-03-20 10:14:00,2026-03-20 18:10:32.660347,2026-03-20 20:55:46.085793,2026-03-21 15:04:08.288750,28.84,Road,On Time,13,7.942405651944445,2.7537292905555555,18.13950082138889,28.83563576388889,0
SHP0501,Hyderabad,Madurai,Bengaluru,2026-05-31 14:56:00,2026-06-01 01:03:58.272765,2026-06-01 03:46:30.156112,2026-06-02 19:10:04.665578,52.23,Rail,On Time,11,10.132853545833333,2.708856485277778,39.39291929611111,52.234629327222216,0
SHP0502,Kochi,Delhi,Coimbatore,2026-05-02 18:51:00,2026-05-02 19:40:48.810600,2026-05-02 20:15:49.494712,2026-05-04 05:37:16.151297,34.77,Road,On Time,1,0.8302251666666666,0.5835233644444444,33.35740460694444,34.77115313805556,0
SHP0503,Pune,Delhi,Chennai,2026-05-16 07:54:00,2026-05-16 13:45:22.514371,2026-05-16 20:07:00.338535,2026-05-17 15:30:04.895086,31.6,Road,On Time,23,5.8562539919444445,6.3605067122222225,19.384599041944444,31.60135974611111,0
SHP0504,Bengaluru,Pune,Coimbatore,2026-01-20 09:58:00,2026-01-20 13:22:48.859691,2026-01-20 17:01:37.081511,2026-01-20 22:00:16.282925,12.04,Road,On Time,13,3.413572136388889,3.6467282833333337,4.977555948333333,12.037856368055555,0
SHP0505,Coimbatore,Mumbai,Chennai,2026-04-29 22:31:00,2026-04-30 00:46:44.483482,2026-04-30 04:45:40.234196,2026-04-30 22:37:46.990613,24.11,Road,On Time,7,2.2623565227777775,3.982152976111111,17.868543449166665,24.113052948055557,0
SHP0506,Madurai,Delhi,Coimbatore,2026-04-12 05:03:00,2026-04-12 13:33:49.149207,2026-04-12 15:01:27.295590,2026-04-13 13:04:20.959794,32.02,Road,On Time,10,8.5136525575,1.4605962175,22.048240056666668,32.022488831666664,0
SHP0507,Salem,Chennai,Bengaluru,2026-01-19 13:20:00,2026-01-19 18:04:33.943139,2026-01-19 18:50:08.827372,2026-01-20 07:43:06.207074,18.39,Road,On Time,2,4.742761983055555,0.7596900647222223,12.882605472777778,18.385057520555556,0
SHP0508,Bengaluru,Mumbai,Chennai,2026-04-21 11:41:00,2026-04-21 14:39:03.188724,2026-04-22 01:10:16.806995,2026-04-22 11:40:37.376343,23.99,Road,On Time,20,2.9675524233333332,10.520449519722222,10.505713707777778,23.993715650833334,0
SHP0509,Hyderabad,Hyderabad,Hyderabad,2026-05-15 00:51:00,2026-05-15 09:48:22.741276,2026-05-15 12:52:29.525176,2026-05-16 09:04:34.019790,32.23,Road,On Time,6,8.956317021111111,3.0685510833333334,20.201248503888888,32.226116608333335,0
SHP0510,Coimbatore,Bengaluru,Chennai,2026-03-03 17:30:00,2026-03-03 20:09:03.184675,2026-03-03 23:02:04.638602,2026-03-04 02:19:29.904343,8.82,Rail,On Time,2,2.6508846319444443,2.8837372019444447,3.290351594722222,8.824973428611111,0
SHP0511,Salem,Hyderabad,Chennai,2026-01-22 15:59:00,2026-01-23 12:11:00.129888,2026-01-23 22:23:51.341554,2026-01-25 22:27:04.199880,78.47,Rail,Delayed,27,20.20003608,10.214225462777778,48.053571757222215,78.4678333,1
SHP0512,Pune,Salem,Chennai,2026-03-08 23:14:00,2026-03-09 05:47:30.695650,2026-03-09 12:14:28.957907,2026-03-09 22:49:32.753460,23.59,Road,On Time,6,6.558526569444445,6.449517293611111,10.584387653611111,23.592431516666668,0
SHP0513,Hyderabad,Madurai,Mumbai,2026-02-27 19:54:00,2026-02-27 22:45:53.664478,2026-02-28 04:26:10.092179,2026-02-28 21:49:12.870997,25.92,Air,Delayed,13,2.864906799444445,5.671229916944444,17.38410522722222,25.920241943611114,1
SHP0514,Madurai,Pune,Chennai,2026-03-19 09:26:00,2026-03-19 21:52:25.737491,2026-03-20 02:26:47.374147,2026-03-22 01:14:45.364026,63.81,Road,Delayed,15,12.44048263638889,4.5726768488888885,46.79944163305556,63.81260111833333,1
SHP0515,Chennai,Mumbai,Bengaluru,2026-05-18 04:19:00,2026-05-18 11:16:33.536591,2026-05-18 21:54:45.653327,2026-05-20 18:21:30.393540,62.04,Road,Delayed,22,6.959315719722222,10.636699093333334,44.445761170277784,62.04177598333333,1
SHP0516,Kochi,Madurai,Bengaluru,2026-06-27 20:55:00,2026-06-28 01:59:37.180954,2026-06-28 04:45:40.926914,2026-06-29 16:31:55.856804,43.62,Road,Delayed,14,5.0769947094444445,2.767707211111111,35.770813858333334,43.61551577888889,1
SHP0517,Pune,Chennai,Chennai,2026-03-22 06:58:00,2026-03-22 14:51:49.700406,2026-03-22 18:26:38.956945,2026-03-24 18:21:11.866843,59.39,Rail,Delayed,23,7.897139001666667,3.580349038611111,47.90914163833334,59.38662967861111,1
SHP0518,Madurai,Pune,Chennai,2026-05-31 12:44:00,2026-05-31 17:44:02.153639,2026-05-31 19:00:22.084556,2026-06-04 21:12:55.664183,104.48,Rail,Delayed,12,5.000598233055555,1.2722030325,98.20932767416667,104.48212893972222,1
SHP0519,Pune,Delhi,Hyderabad,2026-03-16 08:11:00,2026-03-16 13:37:54.300097,2026-03-16 18:42:43.837788,2026-03-17 15:10:23.880175,30.99,Rail,On Time,12,5.448416693611111,5.080427136388889,20.461122885277778,30.989966715277777,0
SHP0520,Madurai,Bengaluru,Mumbai,2026-06-20 21:44:00,2026-06-21 12:14:55.751574,2026-06-21 14:00:20.862393,2026-06-21 17:29:03.760614,19.75,Road,On Time,6,14.515486548333334,1.7569752275000001,3.4785828391666667,19.751044615,0
SHP0521,Pune,Coimbatore,Hyderabad,2026-06-19 19:24:00,2026-06-20 00:38:25.152917,2026-06-20 12:10:37.413732,2026-06-25 22:01:47.310771,146.63,Rail,Delayed,23,5.240320254722222,11.536739115277777,129.8527491775,146.6298085475,1
SHP0522,Chennai,Hyderabad,Hyderabad,2026-01-30 17:48:00,2026-01-30 21:49:40.909444,2026-01-31 01:27:36.651723,2026-02-01 07:10:53.280265,37.38,Road,On Time,1,4.028030401111112,3.6321506330555557,29.721285706111114,37.38146674027778,0
SHP0523,Kochi,Madurai,Bengaluru,2026-05-06 02:59:00,2026-05-06 09:11:01.427513,2026-05-06 13:46:38.164750,2026-05-09 05:32:33.460453,74.56,Road,Delayed,11,6.200396531388889,4.593538121388889,63.7653599175,74.55929457027777,1
SHP0524,Hyderabad,Hyderabad,Hyderabad,2026-03-04 14:13:00,2026-03-04 19:37:46.139731,2026-03-04 21:00:35.734889,2026-03-05 01:49:46.924427,11.61,Road,On Time,5,5.412816591944444,1.3804430994444445,4.819774871666667,11.613034563055555,0
SHP0525,Madurai,Kochi,Chennai,2026-03-15 02:06:00,2026-03-15 10:25:55.683821,2026-03-15 13:16:17.140443,2026-03-17 02:24:34.787444,48.31,Road,Delayed,11,8.332134394722221,2.839293506111111,37.138235278055554,48.30966317888888,1
SHP0526,Pune,Chennai,Hyderabad,2026-06-03 01:48:00,2026-06-03 10:15:52.475159,2026-06-03 17:37:55.678824,2026-06-05 19:56:19.054192,66.14,Road,Delayed,9,8.464576433055555,7.367556573611111,50.30649315777778,66.13862616444445,1
SHP0527,Bengaluru,Kochi,Coimbatore,2026-05-21 12:54:00,2026-05-21 22:16:33.522867,2026-05-22 01:25:11.877743,2026-05-22 22:36:08.491355,33.7,Rail,On Time,28,9.375978574166666,3.1439874655555555,21.18239267,33.702358709722226,0
SHP0528,Chennai,Chennai,Chennai,2026-03-28 21:37:00,2026-03-29 10:04:04.102791,2026-03-29 18:06:46.020831,2026-03-30 11:16:44.879253,37.66,Air,Delayed,27,12.451139664166666,8.044977233333334,17.166349561666667,37.662466459166666,1
SHP0529,Bengaluru,Mumbai,Chennai,2026-01-13 12:43:00,2026-01-13 17:24:42.518067,2026-01-14 04:14:12.579275,2026-01-16 22:34:55.767664,81.87,Road,Delayed,20,4.6951439075,10.825017002222221,66.34533010805555,81.86549101777777,1
SHP0530,Hyderabad,Hyderabad,Hyderabad,2026-02-19 04:46:00,2026-02-19 10:26:05.820149,2026-02-19 16:03:16.080898,2026-02-21 04:59:10.128811,48.22,Road,Delayed,8,5.668283374722222,5.619516874722223,36.93167997583333,48.21948022527778,1
SHP0531,Bengaluru,Bengaluru,Mumbai,2026-01-22 16:45:00,2026-01-22 20:56:30.365702,2026-01-23 05:07:00.845085,2026-01-24 19:39:32.700505,50.91,Road,Delayed,14,4.191768250555556,8.175133161944444,38.54218206111111,50.909083473611105,1
SHP0532,Madurai,Madurai,Bengaluru,2026-01-23 01:12:00,2026-01-23 18:16:12.043390,2026-01-23 23:23:25.907762,2026-01-25 22:45:57.818259,69.57,Road,Delayed,17,17.070012052777777,5.120517881111111,47.37553069361111,69.5660606275,1
SHP0533,Chennai,Kochi,Bengaluru,2026-05-07 08:56:00,2026-05-08 01:00:08.269375,2026-05-08 03:37:06.618369,2026-05-12 15:41:05.773605,126.75,Road,Delayed,22,16.06896371527778,2.6162080538888888,108.06643201,126.75160377916667,1
SHP0534,Kochi,Coimbatore,Hyderabad,2026-06-16 07:05:00,2026-06-16 15:18:13.645623,2026-06-16 18:13:23.178577,2026-06-19 02:41:03.731827,67.6,Road,Delayed,28,8.2204571175,2.9193147094444445,56.461264791666665,67.60103661861112,1
SHP0535,Chennai,Coimbatore,Coimbatore,2026-03-08 09:21:00,2026-03-08 17:31:48.148030,2026-03-08 19:43:13.289025,2026-03-09 17:52:55.859225,32.53,Road,On Time,22,8.180041119444445,2.1903169430555556,22.161825055555557,32.532183118055556,0
SHP0536,Bengaluru,Delhi,Hyderabad,2026-02-21 02:02:00,2026-02-21 09:50:58.972159,2026-02-21 12:06:15.600958,2026-02-22 05:29:06.876781,27.45,Rail,On Time,29,7.816381155277778,2.2546191108333336,17.380909950833335,27.451910216944444,0
SHP0537,Chennai,Pune,Hyderabad,2026-06-22 13:29:00,2026-06-22 22:18:32.444040,2026-06-23 03:35:51.929785,2026-06-26 06:08:42.212333,88.66,Road,Delayed,28,8.8256789,5.288746040277778,74.54730070777778,88.66172564805555,1
SHP0538,Pune,Salem,Chennai,2026-02-23 07:40:00,2026-02-23 19:23:08.454894,2026-02-23 23:41:34.022433,2026-02-24 03:34:36.306827,19.91,Rail,On Time,2,11.719015248333333,4.307102094166667,3.883967887222222,19.91008522972222,0
SHP0539,Pune,Chennai,Mumbai,2026-06-14 12:26:00,2026-06-14 19:33:19.435068,2026-06-15 00:59:24.006181,2026-06-15 13:34:18.732809,25.14,Road,On Time,21,7.122065296666666,5.434603086944445,12.581868507777777,25.13853689138889,0
SHP0540,Bengaluru,Bengaluru,Bengaluru,2026-02-17 02:22:00,2026-02-17 09:26:30.019288,2026-02-17 14:30:57.298945,2026-02-18 18:00:29.145208,39.64,Rail,On Time,28,7.075005357777778,5.0742443491666664,27.4921795175,39.641429224444444,0
SHP0541,Kochi,Madurai,Bengaluru,2026-03-06 02:22:00,2026-03-06 17:06:52.026165,2026-03-06 21:28:02.104859,2026-03-07 18:17:18.673493,39.92,Rail,On Time,8,14.747785045833334,4.352799637222222,20.821269065,39.92185374805556,0
SHP0542,Coimbatore,Salem,Coimbatore,2026-04-06 13:35:00,2026-04-06 17:35:14.165513,2026-04-06 23:09:02.751232,2026-04-07 19:13:13.642531,29.64,Rail,On Time,11,4.003934864722222,5.563496033055555,20.0696920275,29.63712292527778,0
SHP0543,Chennai,Coimbatore,Bengaluru,2026-02-07 00:44:00,2026-02-07 07:36:02.637811,2026-02-07 11:48:51.384868,2026-02-07 18:44:44.693569,18.01,Road,On Time,30,6.867399391944445,4.213540849166667,6.931474639166667,18.012414880277777,0
SHP0544,Salem,Coimbatore,Coimbatore,2026-06-03 17:20:00,2026-06-04 01:08:36.629259,2026-06-04 06:32:30.239285,2026-06-04 11:08:37.139051,17.81,Road,On Time,28,7.810174794166667,5.398225007222222,4.601916601666666,17.810316403055555,0
SHP0545,Hyderabad,Pune,Bengaluru,2026-03-10 00:09:00,2026-03-10 08:02:14.466962,2026-03-10 09:57:39.895991,2026-03-10 23:28:24.681586,23.32,Rail,On Time,23,7.887351933888889,1.9237302858333334,13.512440443055556,23.32352266277778,0
SHP0546,Chennai,Pune,Coimbatore,2026-04-15 06:23:00,2026-04-15 16:01:06.517642,2026-04-15 20:20:58.936870,2026-04-16 16:50:48.240862,34.46,Road,On Time,9,9.635143789444443,4.331227563333334,20.497028886666666,34.46340023944445,0
SHP0547,Madurai,Bengaluru,Chennai,2026-02-21 11:36:00,2026-02-21 23:17:01.951140,2026-02-22 02:48:32.392673,2026-02-25 01:20:13.104887,85.74,Rail,Delayed,27,11.683875316666667,3.5251226480555555,70.527975615,85.73697357972222,1
SHP0548,Pune,Salem,Chennai,2026-05-17 06:46:00,2026-05-17 10:06:27.875569,2026-05-17 12:41:01.141235,2026-05-17 23:16:55.748482,16.52,Air,On Time,8,3.3410765469444446,2.5759071294444444,10.598502013055555,16.515485689444446,0
SHP0549,Pune,Pune,Hyderabad,2026-01-02 01:07:00,2026-01-02 10:11:54.520833,2026-01-02 10:53:58.546506,2026-01-04 22:24:34.971782,69.29,Road,Delayed,4,9.0818113425,0.7011182425,59.51011813222222,69.29304771722222,1
SHP0550,Coimbatore,Bengaluru,Coimbatore,2026-03-22 22:50:00,2026-03-23 03:47:37.689912,2026-03-23 05:48:42.766800,2026-03-25 13:11:17.313887,62.35,Rail,Delayed,29,4.960469420000001,2.018076913333333,55.37626307972223,62.354809413055555,1
SHP0551,Madurai,Pune,Chennai,2026-02-13 19:46:00,2026-02-14 00:13:12.927823,2026-02-14 07:55:29.134730,2026-02-15 17:14:13.835133,45.47,Road,Delayed,20,4.4535910619444445,7.704501918611111,33.31241677861111,45.47050975916666,1
SHP0552,Madurai,Delhi,Mumbai,2026-03-19 15:03:00,2026-03-19 22:57:45.356248,2026-03-20 01:24:57.824012,2026-03-22 00:09:28.210898,57.11,Road,Delayed,17,7.912598957777778,2.453463267777778,46.741774135,57.10783636055555,1
SHP0553,Hyderabad,Madurai,Coimbatore,2026-06-07 02:59:00,2026-06-07 10:01:20.450886,2026-06-07 18:52:30.980701,2026-06-08 05:22:16.609565,26.39,Road,On Time,7,7.0390141349999995,8.852924948611111,10.496008017777777,26.38794710138889,0
SHP0554,Coimbatore,Hyderabad,Coimbatore,2026-06-08 08:30:00,2026-06-08 16:38:50.959844,2026-06-08 19:10:08.704751,2026-06-10 13:20:00.149765,52.83,Road,Delayed,19,8.147488845555555,2.5215958075000002,42.164290281666666,52.83337493472222,1
SHP0555,Kochi,Coimbatore,Chennai,2026-03-17 15:55:00,2026-03-17 23:52:01.545900,2026-03-18 03:23:00.793195,2026-03-19 08:15:56.577398,40.35,Road,On Time,21,7.950429416666667,3.516457581944444,28.882162278611112,40.34904927722222,0
SHP0556,Pune,Kochi,Bengaluru,2026-05-29 02:51:00,2026-05-29 04:41:51.220786,2026-05-29 07:14:33.644199,2026-05-30 09:51:46.714723,31.01,Road,On Time,7,1.8475613294444444,2.5451176147222223,26.620297367777777,31.012976311944442,0
SHP0557,Pune,Pune,Bengaluru,2026-06-23 04:13:00,2026-06-23 07:21:54.292141,2026-06-23 10:26:11.471890,2026-06-24 21:28:05.233088,41.25,Road,On Time,7,3.148414483611111,3.071438819166667,35.03160033277778,41.251453635555556,0
SHP0558,Madurai,Pune,Chennai,2026-06-28 23:13:00,2026-06-29 06:41:10.375732,2026-06-29 12:40:04.587723,2026-06-30 00:27:40.190858,25.24,Road,On Time,21,7.469548814444445,5.981725553055556,11.793223093055555,25.244497460555557,0
SHP0559,Pune,Bengaluru,Coimbatore,2026-04-23 11:48:00,2026-04-23 20:10:36.046597,2026-04-24 00:06:25.621373,2026-04-27 03:43:37.665973,87.93,Road,Delayed,28,8.376679610277778,3.9304374377777775,75.6200123888889,87.92712943694444,1
SHP0560,Hyderabad,Salem,Coimbatore,2026-05-31 00:21:00,2026-05-31 05:52:44.967998,2026-05-31 07:59:30.372828,2026-06-01 14:05:26.223087,37.74,Road,On Time,1,5.529157777222222,2.112612452777778,30.098847294166667,37.740617524166666,0
SHP0561,Salem,Pune,Hyderabad,2026-01-02 07:24:00,2026-01-02 09:34:26.881850,2026-01-02 14:01:36.293581,2026-01-03 01:32:49.085171,18.15,Rail,On Time,9,2.174133847222222,4.452614369722222,11.52021988611111,18.146968103055556,0
SHP0562,Pune,Pune,Bengaluru,2026-03-22 16:57:00,2026-03-23 02:45:42.455056,2026-03-23 07:09:19.497803,2026-03-23 12:47:09.003912,19.84,Air,On Time,26,9.811793071111111,4.393622985277777,5.630418363611112,19.83583442,0
SHP0563,Pune,Salem,Chennai,2026-02-10 15:58:00,2026-02-10 21:14:14.650518,2026-02-11 03:05:12.039867,2026-02-13 16:30:02.463452,72.53,Rail,Delayed,30,5.270736254999999,5.849274819166667,61.414006551388894,72.53401762555555,1
SHP0564,Kochi,Delhi,Hyderabad,2026-06-29 13:49:00,2026-06-29 20:13:19.174878,2026-06-30 00:13:24.817157,2026-06-30 19:22:32.417611,29.56,Rail,On Time,10,6.405326355000001,4.001567299722222,19.152111237222222,29.559004891944443,0
SHP0565,Hyderabad,Salem,Mumbai,2026-06-23 14:58:00,2026-06-23 23:45:26.365826,2026-06-24 01:56:08.578132,2026-06-25 05:22:16.240242,38.4,Road,On Time,21,8.790657173888889,2.1783923072222224,27.435461697222223,38.40451117833334,0
SHP0566,Madurai,Hyderabad,Chennai,2026-06-18 11:42:00,2026-06-19 04:21:39.945844,2026-06-19 08:38:03.694769,2026-06-20 08:16:39.349488,44.58,Road,Delayed,29,16.661096067777777,4.273263590277778,23.643237421944445,44.577597080000004,1
SHP0567,Salem,Chennai,Coimbatore,2026-05-16 02:19:00,2026-05-16 04:34:12.479319,2026-05-16 11:09:51.432264,2026-05-18 03:55:11.998871,49.6,Road,Delayed,15,2.2534664775,6.594153595833333,40.75571294638888,49.60333301972222,1
SHP0568,Hyderabad,Hyderabad,Bengaluru,2026-05-28 00:03:00,2026-05-28 07:14:34.204318,2026-05-28 13:02:24.767965,2026-05-30 11:21:41.171899,59.31,Rail,Delayed,25,7.192834532777778,5.797378790833333,46.321223315,59.31143663861111,1
SHP0569,Pune,Pune,Hyderabad,2026-03-11 04:02:00,2026-03-11 15:33:24.904126,2026-03-11 17:52:48.550307,2026-03-11 23:34:50.325813,19.55,Road,On Time,30,11.523584479444445,2.323235050277778,5.700493196111111,19.547312725833333,0
SHP0570,Kochi,Delhi,Hyderabad,2026-05-17 19:03:00,2026-05-18 00:13:10.390837,2026-05-18 01:58:55.738248,2026-05-19 03:37:31.554426,32.58,Road,On Time,25,5.169553010277777,1.7625965030555555,25.643282271666664,32.575431785,0
SHP0571,Coimbatore,Mumbai,Coimbatore,2026-06-10 14:29:00,2026-06-10 22:54:24.165353,2026-06-11 02:44:30.705267,2026-06-11 17:27:08.981069,26.97,Road,On Time,13,8.423379264722222,3.8351499761111114,14.71063216722222,26.969161408055555,0
SHP0572,Hyderabad,Delhi,Chennai,2026-05-28 01:54:00,2026-05-28 07:48:58.394307,2026-05-28 09:21:34.405234,2026-05-30 03:20:23.181337,49.44,Rail,On Time,16,5.916220640833333,1.5433363686111112,41.98021558416667,49.43977259361111,0
SHP0573,Bengaluru,Madurai,Bengaluru,2026-04-02 02:39:00,2026-04-02 06:48:11.808542,2026-04-02 16:47:24.339832,2026-04-04 07:44:28.487610,53.09,Road,Delayed,21,4.153280150555556,9.986814247222222,38.95115216055556,53.09124655833334,1
SHP0574,Pune,Madurai,Coimbatore,2026-03-12 12:03:00,2026-03-12 19:55:49.383200,2026-03-13 00:05:18.689849,2026-03-13 21:24:14.850935,33.35,Rail,On Time,21,7.880384222222222,4.158140735833333,21.315600301666663,33.354125259722224,0
SHP0575,Kochi,Pune,Bengaluru,2026-02-19 07:38:00,2026-02-19 10:53:02.888501,2026-02-19 17:57:09.789347,2026-02-20 22:33:45.107122,38.93,Road,On Time,12,3.250802361388889,7.068583568333334,28.609810493055555,38.92919642277777,0
SHP0576,Kochi,Madurai,Chennai,2026-05-03 17:40:00,2026-05-03 22:03:58.088290,2026-05-04 03:24:24.858821,2026-05-07 03:17:34.995926,81.63,Rail,Delayed,30,4.399468969444444,5.340769591944444,71.88614919583334,81.62638775722222,1
SHP0577,Pune,Pune,Coimbatore,2026-03-26 21:13:00,2026-03-27 03:14:14.616963,2026-03-27 04:43:46.359332,2026-03-29 11:33:38.911161,62.34,Road,Delayed,19,6.0207269341666665,1.4921506580555555,54.83126439694445,62.344141989166665,1
SHP0578,Bengaluru,Kochi,Chennai,2026-04-20 12:11:00,2026-04-20 18:28:19.926969,2026-04-21 00:44:22.835080,2026-04-21 05:04:31.339517,16.89,Road,On Time,20,6.2888686025,6.267474475277778,4.335695676944444,16.892038754722222,0
SHP0579,Bengaluru,Salem,Coimbatore,2026-02-07 02:19:00,2026-02-07 08:36:28.281254,2026-02-07 09:30:13.658508,2026-02-07 22:59:16.896631,20.67,Road,On Time,10,6.2911892372222225,0.8959381261111111,13.484232811944445,20.671360175277776,0
SHP0580,Bengaluru,Salem,Hyderabad,2026-01-22 10:10:00,2026-01-22 15:04:10.754658,2026-01-22 17:59:57.126073,2026-01-24 02:20:33.908729,40.18,Road,On Time,29,4.902987405,2.9295476152777775,32.343550737777775,40.17608575805555,0
SHP0581,Salem,Delhi,Coimbatore,2026-02-07 07:39:00,2026-02-07 12:59:00.770985,2026-02-07 16:01:34.580169,2026-02-08 15:32:52.307417,31.9,Road,On Time,25,5.333547495833333,3.042724773333333,23.521590902222222,31.89786317138889,0
SHP0582,Salem,Hyderabad,Chennai,2026-05-10 17:43:00,2026-05-11 20:09:27.907786,2026-05-12 01:48:59.484949,2026-05-14 14:19:38.587224,92.61,Road,Delayed,29,26.44108549611111,5.658771434166667,60.51086174305556,92.61071867333334,1
SHP0583,Kochi,Kochi,Hyderabad,2026-04-07 04:47:00,2026-04-07 10:07:26.940937,2026-04-07 14:57:12.293776,2026-04-08 04:37:11.606365,23.84,Road,On Time,14,5.340816926944444,4.829264677499999,13.666475719166668,23.83655732361111,0
SHP0584,Pune,Delhi,Hyderabad,2026-01-21 18:39:00,2026-01-21 23:26:09.881792,2026-01-22 12:34:31.520327,2026-01-23 01:57:46.346787,31.31,Road,On Time,30,4.786078275555556,13.139344037499999,13.387451794444443,31.3128741075,0
SHP0585,Pune,Hyderabad,Hyderabad,2026-04-24 03:39:00,2026-04-24 08:41:28.485156,2026-04-24 10:49:15.400535,2026-04-25 09:02:28.672432,29.39,Rail,On Time,18,5.041245876666666,2.129698716388889,22.22035330472222,29.39129789777778,0
SHP0586,Coimbatore,Bengaluru,Coimbatore,2026-02-13 06:20:00,2026-02-13 13:55:55.588141,2026-02-13 17:43:26.221815,2026-02-15 04:29:32.238740,46.16,Road,Delayed,14,7.598774483611111,3.791842687222222,34.76833803472222,46.15895520555556,1
SHP0587,Bengaluru,Hyderabad,Bengaluru,2026-01-15 14:27:00,2026-01-15 15:41:19.278617,2026-01-15 22:08:40.736609,2026-01-16 16:24:30.804177,25.96,Road,On Time,5,1.2386885047222223,6.455960553333333,18.26390765777778,25.958556715833332,0
SHP0588,Madurai,Hyderabad,Hyderabad,2026-03-12 04:52:00,2026-03-12 08:40:10.758189,2026-03-12 14:00:27.858913,2026-03-13 14:22:57.391064,33.52,Road,On Time,2,3.8029883858333333,5.338083534444444,24.374870041944448,33.51594196222222,0
SHP0589,Hyderabad,Salem,Coimbatore,2026-01-25 13:05:00,2026-01-25 23:53:56.735235,2026-01-26 05:43:36.556326,2026-01-27 19:48:05.666952,54.72,Road,Delayed,17,10.8157597875,5.827728080833333,38.07475295166667,54.71824082,1
SHP0590,Coimbatore,Mumbai,Bengaluru,2026-03-29 01:22:00,2026-03-29 05:50:13.107375,2026-03-29 12:32:12.436888,2026-03-31 19:04:00.557780,65.7,Road,Delayed,21,4.470307604166667,6.699813753611111,54.53003358111111,65.70015493888889,1
SHP0591,Chennai,Delhi,Hyderabad,2026-01-14 06:58:00,2026-01-14 10:13:21.991537,2026-01-14 11:59:15.104799,2026-01-15 07:54:13.138772,24.94,Road,On Time,4,3.256108760277778,1.7647536838888889,19.916120548055556,24.936982992222223,0
SHP0592,Bengaluru,Kochi,Hyderabad,2026-06-24 23:07:00,2026-06-25 05:58:49.315621,2026-06-25 08:01:05.650909,2026-06-26 07:32:01.736566,32.42,Rail,On Time,22,6.863698783611111,2.0378709133333333,23.515579349166668,32.41714904611111,0
SHP0593,Coimbatore,Kochi,Mumbai,2026-04-04 06:25:00,2026-04-04 14:03:39.041349,2026-04-04 21:36:19.222092,2026-04-05 08:32:53.132248,26.13,Air,Delayed,27,7.644178152499999,7.544494650833333,10.94275282111111,26.131425624444443,1
SHP0594,Coimbatore,Mumbai,Chennai,2026-01-09 23:23:00,2026-01-10 06:25:55.807994,2026-01-10 12:48:52.129711,2026-01-11 23:28:13.021128,48.09,Road,Delayed,14,7.048835553888889,6.382311588055555,34.65580317138889,48.08695031333333,1
SHP0595,Hyderabad,Chennai,Hyderabad,2026-05-22 01:21:00,2026-05-22 06:35:18.062361,2026-05-22 15:59:02.235028,2026-05-23 00:39:41.512578,23.31,Air,Delayed,16,5.238350655833333,9.39560351861111,8.677577097222223,23.311531271666666,1
SHP0596,Salem,Pune,Hyderabad,2026-02-17 15:11:00,2026-02-17 21:22:10.530804,2026-02-18 01:23:45.636882,2026-02-19 03:33:40.874626,36.38,Road,On Time,1,6.186258556666667,4.026418355000001,26.165343817777778,36.378020729444444,0
SHP0597,Kochi,Coimbatore,Chennai,2026-05-30 12:58:00,2026-05-31 15:23:11.228531,2026-05-31 16:58:49.405777,2026-06-01 16:13:59.114008,51.27,Road,Delayed,10,26.419785703055556,1.593938123888889,23.252696730833332,51.26642055777778,1
SHP0598,Chennai,Chennai,Chennai,2026-01-19 15:44:00,2026-01-19 22:50:40.424659,2026-01-20 00:59:01.772883,2026-01-20 10:26:49.992544,18.71,Road,On Time,25,7.111229071944445,2.1392633955555556,9.46339435027778,18.713886817777777,0
SHP0599,Salem,Chennai,Coimbatore,2026-06-19 21:06:00,2026-06-20 03:11:45.920589,2026-06-20 09:03:19.977043,2026-06-22 06:15:40.046790,57.16,Road,Delayed,3,6.0960890525,5.859460126111111,45.205574929722225,57.16112410833333,1
SHP0600,Chennai,Salem,Coimbatore,2026-02-01 22:55:00,2026-02-02 02:33:42.353443,2026-02-02 06:21:17.080197,2026-02-02 18:07:47.220907,19.21,Road,On Time,30,3.645098178611111,3.7929796538888887,11.77503908611111,19.21311691861111,0
SHP0601,Coimbatore,Delhi,Hyderabad,2026-06-09 05:23:00,2026-06-09 19:23:29.235346,2026-06-10 06:33:19.860674,2026-06-10 19:39:57.144205,38.28,Road,On Time,30,14.008120929444445,11.164062591111112,13.110356536388888,38.28254005694444,0
SHP0602,Bengaluru,Madurai,Mumbai,2026-01-14 12:51:00,2026-01-14 19:34:06.131698,2026-01-15 05:13:56.956453,2026-01-15 23:47:49.171674,34.95,Road,On Time,23,6.7183699161111115,9.664117987500001,18.564504228055558,34.94699213166667,0
SHP0603,Salem,Hyderabad,Bengaluru,2026-02-14 20:05:00,2026-02-15 01:07:38.109170,2026-02-15 01:49:28.731287,2026-02-16 00:01:42.353934,27.95,Road,On Time,10,5.043919213888889,0.6973950325,22.20378406861111,27.945098315,0
SHP0604,Madurai,Madurai,Bengaluru,2026-02-19 10:28:00,2026-02-19 18:58:48.527734,2026-02-19 21:55:15.774263,2026-02-21 04:05:31.853357,41.63,Road,On Time,29,8.513479926111112,2.940901813611111,30.171133081666667,41.62551482138889,0
SHP0605,Bengaluru,Hyderabad,Coimbatore,2026-03-13 16:35:00,2026-03-14 01:32:38.762786,2026-03-14 03:53:06.212451,2026-03-15 10:30:00.001613,41.92,Rail,On Time,24,8.960767440555555,2.3409582402777778,30.614941433888887,41.91666711472222,0
SHP0606,Salem,Chennai,Bengaluru,2026-02-18 12:17:00,2026-02-18 14:41:49.135417,2026-02-18 21:09:34.182679,2026-02-21 00:58:38.667292,60.69,Road,Delayed,1,2.4136487269444444,6.462513128333334,51.817912392500006,60.69407424777778,1
SHP0607,Hyderabad,Hyderabad,Coimbatore,2026-06-24 19:17:00,2026-06-25 02:00:00.297136,2026-06-25 06:09:17.178053,2026-06-25 20:51:56.872250,25.58,Road,On Time,11,6.716749204444445,4.154689143611111,14.711026165833333,25.58246451388889,0
SHP0608,Salem,Mumbai,Coimbatore,2026-06-25 05:38:00,2026-06-25 11:41:14.288051,2026-06-25 13:44:29.287415,2026-06-27 03:03:36.315049,45.43,Road,Delayed,12,6.053968903055555,2.05416649,37.31861878722222,45.426754180277776,1
SHP0609,Chennai,Kochi,Coimbatore,2026-05-08 15:31:00,2026-05-08 18:32:16.260348,2026-05-08 21:56:18.780172,2026-05-09 14:20:35.524911,22.83,Road,On Time,19,3.02118343,3.4006999511111116,16.40465131638889,22.8265346975,0
SHP0610,Chennai,Coimbatore,Hyderabad,2026-06-26 10:46:00,2026-06-27 01:37:28.673916,2026-06-27 06:46:24.925190,2026-06-27 16:42:53.801748,29.95,Road,On Time,14,14.857964976666667,5.148958687222222,9.941354599444445,29.948278263333332,0
SHP0611,Chennai,Madurai,Chennai,2026-04-04 21:49:00,2026-04-05 05:44:31.686796,2026-04-05 10:30:42.594363,2026-04-07 20:52:39.745404,71.06,Rail,Delayed,1,7.9254685544444445,4.7696965463888885,58.36587528916667,71.06104039,1
SHP0612,Coimbatore,Coimbatore,Bengaluru,2026-02-19 21:30:00,2026-02-20 04:59:52.394113,2026-02-20 06:05:21.093264,2026-02-20 17:48:09.150732,20.3,Road,On Time,17,7.49788725361111,1.0913053197222222,11.713349296666667,20.30254187,0
SHP0613,Bengaluru,Coimbatore,Mumbai,2026-06-23 14:15:00,2026-06-23 18:45:28.127884,2026-06-23 21:03:10.096530,2026-06-25 15:00:58.019276,48.77,Road,Delayed,25,4.507813301111111,2.294991290555555,41.96331187388889,48.766116465555555,1
SHP0614,Bengaluru,Pune,Coimbatore,2026-03-18 23:49:00,2026-03-19 02:28:45.351556,2026-03-19 07:34:52.441579,2026-03-19 19:35:39.398579,19.78,Road,On Time,2,2.6625976544444443,5.101969450833334,12.013043611111112,19.77761071638889,0
SHP0615,Salem,Bengaluru,Hyderabad,2026-03-25 17:39:00,2026-03-26 06:50:06.883179,2026-03-26 10:39:16.091204,2026-03-30 23:29:31.545360,125.84,Road,Delayed,13,13.185245327499999,3.8192244513888887,108.83762615444444,125.84209593333333,1
SHP0616,Pune,Madurai,Hyderabad,2026-04-29 18:37:00,2026-04-29 21:09:20.294006,2026-04-30 04:30:53.062046,2026-04-30 13:27:14.303417,18.84,Road,On Time,2,2.538970557222222,7.359102233333333,8.939233714166667,18.83730650472222,0
SHP0617,Salem,Chennai,Bengaluru,2026-04-22 05:05:00,2026-04-22 10:44:59.482357,2026-04-22 12:29:13.369906,2026-04-24 00:36:46.467070,43.53,Road,Delayed,18,5.666522876944445,1.7371909858333334,36.125860323333335,43.52957418611111,1
SHP0618,Bengaluru,Chennai,Hyderabad,2026-05-17 11:49:00,2026-05-17 20:25:47.423677,2026-05-18 01:44:29.018471,2026-05-18 11:34:26.321908,23.76,Road,On Time,12,8.613173243611111,5.311554109444445,9.832584288055557,23.757311641111112,0
SHP0619,Madurai,Delhi,Coimbatore,2026-06-04 09:47:00,2026-06-05 00:31:58.710063,2026-06-05 06:59:34.602473,2026-06-05 12:25:34.907336,26.64,Air,Delayed,28,14.749641684166667,6.459970113888889,5.4334180175,26.643029815555558,1
SHP0620,Bengaluru,Mumbai,Chennai,2026-06-02 03:30:00,2026-06-02 08:25:36.106953,2026-06-02 10:29:01.977032,2026-06-05 15:51:48.075054,84.36,Road,Delayed,16,4.926696375833333,2.0571861330555556,77.37947167277777,84.36335418166666,1
SHP0621,Chennai,Kochi,Chennai,2026-01-08 16:58:00,2026-01-09 02:39:24.528716,2026-01-09 08:10:43.254032,2026-01-13 12:17:49.378647,115.33,Rail,Delayed,29,9.690146865555556,5.521868143333333,100.11836794861111,115.3303829575,1
SHP0622,Pune,Hyderabad,Chennai,2026-05-13 20:30:00,2026-05-14 11:57:14.236594,2026-05-14 16:13:58.310510,2026-05-17 19:41:00.439064,95.18,Road,Delayed,26,15.453954609444445,4.278909421111111,75.450591265,95.18345529555555,1
SHP0623,Chennai,Madurai,Bengaluru,2026-02-18 12:47:00,2026-02-18 19:13:59.146170,2026-02-18 20:29:58.821904,2026-02-19 13:11:50.138614,24.41,Air,Delayed,16,6.449762825,1.266576592777778,16.697587975,24.413927392777776,1
SHP0624,Kochi,Mumbai,Hyderabad,2026-03-16 09:44:00,2026-03-16 14:14:43.802249,2026-03-16 15:27:40.528801,2026-03-18 04:25:54.507772,42.7,Road,Delayed,9,4.512167291388889,1.2157573755555555,36.970549714166665,42.69847438111111,1
SHP0625,Coimbatore,Mumbai,Hyderabad,2026-05-21 22:50:00,2026-05-22 01:58:32.360808,2026-05-22 09:55:11.244146,2026-05-23 14:01:03.417878,39.18,Road,On Time,9,3.1423224466666664,7.944134260555556,28.097826036666664,39.18428274388889,0
SHP0626,Bengaluru,Salem,Hyderabad,2026-04-23 19:17:00,2026-04-24 04:36:38.286042,2026-04-24 06:53:18.145748,2026-04-26 08:45:22.982950,61.47,Road,Delayed,13,9.327301678333333,2.277738807222222,49.86801033388889,61.473050819444445,1
SHP0627,Pune,Madurai,Chennai,2026-02-15 16:17:00,2026-02-16 03:15:52.176075,2026-02-16 13:46:09.025308,2026-02-18 01:30:29.262204,57.22,Rail,Delayed,9,10.981160020833334,10.5046803425,35.73895469333333,57.224795056666665,1
SHP0628,Salem,Delhi,Chennai,2026-06-15 19:58:00,2026-06-16 02:13:56.931708,2026-06-16 07:37:36.621793,2026-06-17 07:20:33.933088,35.38,Road,On Time,30,6.265814363333333,5.394358356944444,23.715919804166667,35.376092524444445,0
SHP0629,Chennai,Kochi,Hyderabad,2026-01-05 02:43:00,2026-01-05 06:07:44.052618,2026-01-05 13:07:10.699008,2026-01-06 06:11:59.849413,27.48,Road,On Time,17,3.4122368383333335,6.990735108333334,17.080319556944445,27.483291503611113,0
SHP0630,Chennai,Kochi,Mumbai,2026-03-24 06:37:00,2026-03-25 00:01:29.610242,2026-03-25 03:50:52.936308,2026-03-27 06:16:02.571480,71.65,Road,Delayed,20,17.408225067222222,3.8231461294444444,50.41934310333333,71.6507143,1
SHP0631,Kochi,Salem,Bengaluru,2026-01-22 18:15:00,2026-01-22 22:46:22.856150,2026-01-23 02:13:29.518980,2026-01-23 22:01:58.971642,27.78,Road,On Time,27,4.523015597222222,3.4518507861111107,19.808181294999997,27.783047678333336,0
SHP0632,Kochi,Chennai,Chennai,2026-01-24 13:54:00,2026-01-24 20:37:43.597127,2026-01-25 02:18:30.948066,2026-01-26 15:30:41.247443,49.61,Road,Delayed,15,6.728776979722222,5.679819705277778,37.20286093805555,49.61145762305556,1
SHP0633,Pune,Bengaluru,Bengaluru,2026-06-07 02:44:00,2026-06-07 14:17:28.728038,2026-06-07 20:31:48.124137,2026-06-09 12:08:40.178448,57.41,Road,Delayed,26,11.557980010555555,6.238721138611112,39.61445953083334,57.411160679999995,1
SHP0634,Chennai,Salem,Coimbatore,2026-01-02 21:13:00,2026-01-03 03:13:01.812502,2026-01-03 05:56:03.289273,2026-01-04 09:24:42.047469,36.2,Road,On Time,21,6.000503472777778,2.7170768808333334,27.47743283222222,36.19501318583333,0
SHP0635,Kochi,Kochi,Bengaluru,2026-05-26 19:41:00,2026-05-27 06:16:09.242885,2026-05-27 16:08:58.631845,2026-05-28 21:24:19.208750,49.72,Rail,On Time,16,10.585900801388888,9.880385822222221,29.255715806944444,49.722002430555555,0
SHP0636,Bengaluru,Delhi,Chennai,2026-04-22 13:19:00,2026-04-22 17:14:39.282532,2026-04-23 00:29:22.435251,2026-04-24 14:14:00.759371,48.92,Rail,On Time,29,3.927578481111111,7.245320199722222,37.743978922222226,48.91687760305555,0
SHP0637,Bengaluru,Madurai,Bengaluru,2026-01-18 23:13:00,2026-01-19 02:49:10.773828,2026-01-19 04:23:30.366788,2026-01-20 18:31:48.891658,43.31,Rail,On Time,14,3.60299273,1.5721091555555555,38.13847913055555,43.313581016111115,0
SHP0638,Bengaluru,Chennai,Mumbai,2026-04-29 01:39:00,2026-04-29 13:37:16.225303,2026-04-29 23:48:07.726573,2026-04-30 20:41:36.328135,43.04,Road,Delayed,20,11.971173695277777,10.180972575,20.891278211666666,43.04342448194444,1
SHP0639,Salem,Bengaluru,Coimbatore,2026-01-13 10:40:00,2026-01-13 19:54:21.470448,2026-01-13 22:26:03.720463,2026-01-14 11:27:51.364840,24.8,Air,Delayed,10,9.239297346666667,2.528402781944444,13.029901215833332,24.797601344444445,1
SHP0640,Pune,Pune,Coimbatore,2026-01-03 00:18:00,2026-01-03 06:31:00.891909,2026-01-03 10:01:34.880956,2026-01-08 16:36:33.599112,136.31,Rail,Delayed,5,6.216914419166667,3.509441401944444,126.58297726555556,136.30933308666667,1
SHP0641,Hyderabad,Madurai,Bengaluru,2026-02-13 16:15:00,2026-02-14 03:32:58.494283,2026-02-14 08:22:58.375917,2026-02-14 16:56:32.120691,24.69,Air,Delayed,14,11.299581745277777,4.8333004538888895,8.559373548333333,24.692255747500003,1
SHP0642,Madurai,Madurai,Mumbai,2026-05-19 13:51:00,2026-05-20 03:55:34.387036,2026-05-20 17:09:06.977441,2026-05-22 07:43:42.143114,65.88,Rail,Delayed,2,14.076218621111112,13.225719556944446,38.57643490916667,65.87837308722223,1
SHP0643,Madurai,Delhi,Chennai,2026-05-10 07:03:00,2026-05-10 13:57:49.389070,2026-05-10 16:26:59.311664,2026-05-10 19:16:44.967049,12.23,Air,On Time,16,6.913719186111112,2.4860896094444445,2.8293487180555554,12.229157513611112,0
SHP0644,Madurai,Delhi,Chennai,2026-06-16 21:55:00,2026-06-17 05:39:09.712159,2026-06-17 06:39:39.641899,2026-06-18 17:27:00.527489,43.53,Rail,On Time,3,7.736031155277778,1.0083138166666668,34.789134886111114,43.53347985805556,0
SHP0645,Salem,Coimbatore,Bengaluru,2026-04-06 11:13:00,2026-04-06 21:47:55.819297,2026-04-07 00:45:05.966058,2026-04-07 07:59:11.283271,20.77,Road,On Time,29,10.582172026944445,2.952818544722222,7.234810336944444,20.76980090861111,0
SHP0646,Madurai,Hyderabad,Coimbatore,2026-02-18 10:27:00,2026-02-18 14:33:17.562225,2026-02-18 20:19:06.404953,2026-02-19 06:52:43.053593,20.43,Road,On Time,19,4.1048783958333335,5.763567424444444,10.560180177777777,20.42862599805556,0
SHP0647,Madurai,Delhi,Coimbatore,2026-02-13 09:42:00,2026-02-13 21:49:58.774753,2026-02-14 00:29:56.768857,2026-02-15 10:18:27.944656,48.61,Rail,On Time,6,12.132992986944444,2.666109473333333,33.80865994416667,48.60776240444444,0
SHP0648,Bengaluru,Coimbatore,Hyderabad,2026-05-20 02:26:00,2026-05-20 12:37:09.656816,2026-05-20 14:23:52.140004,2026-05-20 21:29:22.593268,19.06,Air,On Time,11,10.186015782222222,1.7784675522222222,7.091792573333334,19.056275907777778,0
SHP0649,Kochi,Madurai,Chennai,2026-01-15 09:20:00,2026-01-15 19:06:13.233675,2026-01-16 01:00:56.924556,2026-01-19 09:35:09.839812,96.25,Rail,Delayed,4,9.770342687500001,5.912136355833333,80.57025423777777,96.2527332811111,1
SHP0650,Bengaluru,Pune,Chennai,2026-05-11 09:09:00,2026-05-11 13:26:58.999321,2026-05-11 20:09:58.699765,2026-05-12 02:35:23.445991,17.44,Air,On Time,4,4.299722033611111,6.716583456666666,6.423540618333333,17.43984610861111,0
SHP0651,Salem,Chennai,Bengaluru,2026-02-06 07:12:00,2026-02-06 13:32:24.998535,2026-02-06 22:46:08.126141,2026-02-07 19:21:06.806942,36.15,Road,On Time,28,6.340277370833333,9.228646557222223,20.582966889166666,36.151890817222224,0
SHP0652,Pune,Delhi,Coimbatore,2026-03-23 12:47:00,2026-03-24 05:40:16.492867,2026-03-24 10:12:48.171573,2026-03-26 02:00:08.333126,61.22,Rail,Delayed,8,16.887914685277778,4.542132973888889,39.78893376472222,61.21898142388889,1
SHP0653,Coimbatore,Madurai,Bengaluru,2026-01-18 01:31:00,2026-01-18 04:53:47.821374,2026-01-18 07:36:14.235972,2026-01-19 02:36:59.708195,25.1,Road,On Time,3,3.3799503816666663,2.7073373883333334,19.012631173055556,25.099918943055556,0
SHP0654,Pune,Hyderabad,Coimbatore,2026-06-15 12:30:00,2026-06-15 15:41:00.455845,2026-06-15 21:21:52.468092,2026-06-16 06:49:59.320902,18.33,Road,On Time,12,3.1834599569444446,5.681114513055555,9.468570224999999,18.333144695,0
SHP0655,Madurai,Salem,Hyderabad,2026-05-10 16:15:00,2026-05-11 00:04:03.904067,2026-05-11 07:48:07.281058,2026-05-16 16:06:55.318602,143.87,Road,Delayed,22,7.817751129722222,7.7342713863888894,128.31334376222222,143.86536627833334,1
SHP0656,Pune,Pune,Bengaluru,2026-01-09 01:48:00,2026-01-09 05:07:08.004047,2026-01-09 07:05:46.765652,2026-01-11 06:38:42.928244,52.85,Rail,On Time,5,3.318890013055556,1.9774337791666665,47.54893405333333,52.84525784555556,0
SHP0657,Bengaluru,Pune,Hyderabad,2026-02-27 15:27:00,2026-02-27 22:01:57.076267,2026-02-28 04:24:07.820449,2026-03-02 08:39:15.680999,65.2,Road,Delayed,11,6.582521185277778,6.369651161666666,52.252183486111115,65.20435583305556,1
SHP0658,Salem,Delhi,Hyderabad,2026-01-05 19:10:00,2026-01-06 05:18:04.133890,2026-01-06 07:53:50.055114,2026-01-08 14:42:04.702409,67.53,Road,Delayed,9,10.13448163611111,2.596089228888889,54.804068693055555,67.53463955805556,1
SHP0659,Bengaluru,Mumbai,Chennai,2026-06-10 12:45:00,2026-06-10 18:53:47.841912,2026-06-10 20:27:37.219985,2026-06-12 13:21:35.287618,48.61,Road,Delayed,15,6.146622753333333,1.5637161313888888,40.899463231388886,48.60980211611111,1
SHP0660,Kochi,Bengaluru,Coimbatore,2026-03-11 05:00:00,2026-03-11 11:18:39.633595,2026-03-11 14:46:31.389576,2026-03-12 05:35:58.856808,24.6,Road,On Time,26,6.311009331944445,3.464376661388889,14.824296453333334,24.599682446666666,0
SHP0661,Madurai,Coimbatore,Bengaluru,2026-02-15 07:45:00,2026-02-15 13:20:49.230655,2026-02-15 18:13:59.851694,2026-02-18 04:39:50.912666,68.91,Road,Delayed,9,5.5970085152777775,4.886283621944445,58.43085027,68.91414240722222,1
SHP0662,Bengaluru,Chennai,Mumbai,2026-06-15 05:21:00,2026-06-15 10:03:48.558675,2026-06-15 20:22:57.624772,2026-06-16 13:52:36.619535,32.53,Road,On Time,18,4.713488520833334,10.319185026944446,17.494165211944445,32.526838759722224,0
SHP0663,Kochi,Chennai,Chennai,2026-01-16 23:55:00,2026-01-17 02:18:59.523751,2026-01-17 07:20:20.935403,2026-01-18 06:00:50.345487,30.1,Road,On Time,16,2.399867708611111,5.022614347777777,22.674836134444444,30.097318190833334,0
SHP0664,Bengaluru,Coimbatore,Chennai,2026-02-22 21:46:00,2026-02-23 07:42:55.319986,2026-02-23 15:45:01.360359,2026-02-24 13:12:32.417596,39.44,Rail,On Time,27,9.948699996111111,8.035011214722223,21.458627010277777,39.442338221111115,0
SHP0665,Pune,Bengaluru,Coimbatore,2026-03-06 23:44:00,2026-03-07 07:52:15.505136,2026-03-07 12:38:29.100677,2026-03-09 23:18:30.106663,71.58,Rail,Delayed,15,8.137640315555556,4.770443205833333,58.66694610722222,71.57502962861112,1
SHP0666,Chennai,Pune,Bengaluru,2026-01-11 04:25:00,2026-01-11 10:37:53.183715,2026-01-11 21:10:00.331319,2026-01-13 00:07:08.597702,43.7,Road,Delayed,17,6.2147732541666665,10.535318778888888,26.9522962175,43.70238825055556,1
SHP0667,Chennai,Coimbatore,Coimbatore,2026-02-13 16:08:00,2026-02-14 03:44:59.480940,2026-02-14 06:33:01.888230,2026-02-16 09:47:08.043492,65.65,Rail,Delayed,26,11.616522483333334,2.8006686916666665,51.23504312833333,65.65223430333333,1
SHP0668,Kochi,Salem,Coimbatore,2026-03-29 23:30:00,2026-03-30 03:23:57.745007,2026-03-30 06:42:39.514870,2026-03-31 02:14:42.903712,26.75,Road,On Time,13,3.8993736130555554,3.3116027397222223,19.534274678333333,26.74525103111111,0
SHP0669,Chennai,Mumbai,Bengaluru,2026-05-18 02:30:00,2026-05-18 06:07:16.959894,2026-05-18 08:15:35.825299,2026-05-19 02:05:52.412740,23.6,Rail,On Time,6,3.6213777483333334,2.138573723611111,17.837940955833336,23.59789242777778,0
SHP0670,Coimbatore,Salem,Chennai,2026-03-08 10:38:00,2026-03-08 15:25:38.019565,2026-03-08 21:35:12.312220,2026-03-09 03:34:46.716090,16.95,Air,On Time,20,4.793894323611111,6.1595257375,5.992889963888889,16.946310025,0
SHP0671,Pune,Delhi,Coimbatore,2026-05-16 08:53:00,2026-05-16 10:31:41.678106,2026-05-16 12:39:15.969835,2026-05-17 13:47:34.250010,28.91,Rail,On Time,15,1.644910585,2.1261921469444443,25.138411159722224,28.909513891666666,0
SHP0672,Salem,Hyderabad,Mumbai,2026-05-11 23:55:00,2026-05-12 03:57:47.832713,2026-05-12 17:32:09.821525,2026-05-14 01:22:58.081680,49.47,Rail,On Time,22,4.046620198055556,13.572774670000001,31.846738931944444,49.4661338,0
SHP0673,Coimbatore,Madurai,Mumbai,2026-05-31 09:50:00,2026-05-31 12:31:28.869871,2026-05-31 15:51:59.094640,2026-06-01 06:41:10.813547,20.85,Air,On Time,12,2.6913527419444447,3.3417291025,14.819921918611112,20.853003763055554,0
SHP0674,Coimbatore,Madurai,Chennai,2026-05-30 20:48:00,2026-05-31 01:29:49.187284,2026-05-31 05:28:00.218572,2026-06-01 01:49:54.947228,29.03,Road,On Time,28,4.696996467777778,3.969730913333333,20.365202404444446,29.03192978555556,0
SHP0675,Bengaluru,Hyderabad,Coimbatore,2026-03-10 08:34:00,2026-03-10 11:30:43.430806,2026-03-10 13:28:46.901272,2026-03-11 13:09:40.054622,28.59,Rail,On Time,18,2.945397446111111,1.9676306849999998,23.68143148611111,28.59445961722222,0
SHP0676,Pune,Hyderabad,Chennai,2026-06-08 03:57:00,2026-06-08 12:16:32.820908,2026-06-08 14:50:44.505791,2026-06-09 08:41:36.323584,28.74,Road,On Time,20,8.325783585555556,2.5699124675,17.847727164722222,28.743423217777778,0
SHP0677,Hyderabad,Hyderabad,Coimbatore,2026-03-27 17:11:00,2026-03-27 20:30:41.583926,2026-03-28 00:30:31.308889,2026-03-30 05:57:27.826501,60.77,Road,Delayed,10,3.3282177572222222,3.997145823055556,53.44903267,60.77439625027778,1
SHP0678,Hyderabad,Hyderabad,Mumbai,2026-05-21 14:48:00,2026-05-21 20:23:14.143579,2026-05-22 02:33:04.833924,2026-05-25 08:49:17.754094,90.02,Road,Delayed,16,5.587262105277778,6.164080651388889,78.27025560277778,90.02159835944444,1
SHP0679,Hyderabad,Mumbai,Bengaluru,2026-02-12 19:49:00,2026-02-13 00:13:40.197638,2026-02-13 05:55:10.310143,2026-02-14 09:37:18.577690,37.81,Rail,On Time,19,4.411166010555555,5.691697918055556,27.70229654083333,37.805160469444445,0
SHP0680,Coimbatore,Kochi,Hyderabad,2026-03-25 17:00:00,2026-03-25 20:44:38.728038,2026-03-26 00:12:25.381225,2026-03-26 17:43:40.094852,24.73,Road,On Time,16,3.7440911216666666,3.462959218611111,17.520753785277776,24.727804125555554,0
SHP0681,Pune,Madurai,Hyderabad,2026-02-19 00:19:00,2026-02-19 05:41:06.613918,2026-02-19 08:53:11.516661,2026-02-22 18:54:45.503221,90.6,Road,Delayed,21,5.368503866111111,3.2013618730555558,82.02610737777778,90.59597311694445,1
SHP0682,Madurai,Kochi,Bengaluru,2026-02-22 15:43:00,2026-02-22 22:20:34.508888,2026-02-23 00:22:17.744035,2026-02-23 13:35:13.405609,21.87,Road,On Time,18,6.626252468888889,2.028676429722222,13.215461548333332,21.87039044694444,0
SHP0683,Kochi,Pune,Mumbai,2026-06-09 10:04:00,2026-06-09 13:52:12.212897,2026-06-09 17:24:35.981768,2026-06-09 21:50:14.909485,11.77,Road,On Time,19,3.803392471388889,3.5399357975,4.427479921388889,11.770808190277776,0
SHP0684,Madurai,Bengaluru,Chennai,2026-03-20 21:44:00,2026-03-21 06:02:58.340507,2026-03-21 10:31:43.622993,2026-03-22 05:36:33.771385,31.88,Road,On Time,12,8.31620569638889,4.479245135,19.080596775555556,31.876047606944443,0
SHP0685,Kochi,Bengaluru,Chennai,2026-02-23 04:59:00,2026-02-23 11:44:32.511921,2026-02-23 18:41:17.636285,2026-02-24 12:14:37.072140,31.26,Air,Delayed,17,6.759031089166667,6.945867878888889,17.555398848611112,31.260297816666668,1
SHP0686,Chennai,Mumbai,Chennai,2026-06-29 12:55:00,2026-06-29 19:39:57.389305,2026-06-30 00:36:33.260020,2026-06-30 23:06:45.405138,34.2,Rail,On Time,10,6.749274806944444,4.943297420833334,22.50337364388889,34.195945871666666,0
SHP0687,Chennai,Madurai,Mumbai,2026-05-20 12:38:00,2026-05-21 10:59:10.423405,2026-05-21 16:31:39.776252,2026-05-21 19:55:48.858041,31.3,Road,On Time,24,22.352895390277776,5.541486901944444,3.4025227191666665,31.29690501138889,0
SHP0688,Chennai,Mumbai,Coimbatore,2026-01-01 19:37:00,2026-01-02 05:06:12.769407,2026-01-02 09:58:22.771190,2026-01-03 18:51:51.673730,47.25,Road,Delayed,27,9.486880390833333,4.869444939722222,32.89136181666667,47.24768714722222,1
SHP0689,Kochi,Mumbai,Chennai,2026-05-16 00:30:00,2026-05-16 10:26:15.051939,2026-05-16 13:36:05.036722,2026-05-17 17:15:39.393765,40.76,Rail,On Time,8,9.9375144275,3.1638846619444445,27.659543623055555,40.7609427125,0
SHP0690,Coimbatore,Mumbai,Bengaluru,2026-04-18 08:10:00,2026-04-18 12:19:12.838828,2026-04-18 15:33:09.011495,2026-04-19 09:21:20.744290,25.19,Road,On Time,4,4.1535663411111114,3.2322701852777778,17.803259109722223,25.189095636111112,0
SHP0691,Coimbatore,Madurai,Chennai,2026-04-06 23:20:00,2026-04-07 05:20:00.122068,2026-04-07 15:57:36.884675,2026-04-08 11:52:05.795762,36.53,Road,On Time,5,6.000033907777778,10.626878501944443,19.908030857500002,36.53494326722222,0
SHP0692,Chennai,Salem,Chennai,2026-01-19 01:28:00,2026-01-19 15:35:42.767852,2026-01-20 01:30:45.875338,2026-01-21 00:32:48.882040,47.08,Road,Delayed,29,14.128546625555554,9.917529857222222,23.034168528333332,47.08024501111111,1
SHP0693,Madurai,Madurai,Bengaluru,2026-01-08 09:51:00,2026-01-08 15:24:15.156035,2026-01-08 18:08:15.298529,2026-01-09 12:35:00.571389,26.73,Road,On Time,4,5.5542100097222225,2.733372915,18.445909127777778,26.7334920525,0
SHP0694,Hyderabad,Chennai,Chennai,2026-03-11 06:15:00,2026-03-11 18:05:06.471582,2026-03-11 21:22:36.358156,2026-03-13 21:38:11.595504,63.39,Road,Delayed,12,11.835130995,3.2916351594444446,48.25978815222222,63.38655430666667,1
SHP0695,Hyderabad,Madurai,Bengaluru,2026-02-15 03:43:00,2026-02-15 08:05:31.125707,2026-02-15 10:36:07.398325,2026-02-16 00:24:10.912782,20.69,Road,On Time,24,4.375312696388889,2.5100757272222225,13.800976238055554,20.686364661666666,0
SHP0696,Madurai,Delhi,Hyderabad,2026-06-19 04:17:00,2026-06-19 10:27:03.298302,2026-06-19 15:51:26.782703,2026-06-21 08:59:17.385439,52.7,Road,Delayed,19,6.167582861666666,5.406523444722223,41.130722982222224,52.704829288611116,1
SHP0697,Pune,Pune,Hyderabad,2026-06-14 05:04:00,2026-06-14 10:21:07.721722,2026-06-14 18:38:51.476038,2026-06-16 00:54:55.609780,43.85,Rail,On Time,21,5.28547825611111,8.29548731,30.267814928333333,43.84878049444444,0
SHP0698,Hyderabad,Madurai,Coimbatore,2026-05-24 18:52:00,2026-05-24 21:46:10.953576,2026-05-24 22:51:37.450731,2026-05-26 02:20:43.556079,31.48,Road,On Time,9,2.90304266,1.0906936541666667,27.48502926333333,31.4787655775,0
SHP0699,Coimbatore,Pune,Coimbatore,2026-05-21 03:09:00,2026-05-21 08:50:57.332136,2026-05-21 11:26:23.029857,2026-05-22 03:34:28.718445,24.42,Road,On Time,25,5.699258926666667,2.590471589166667,16.134913496666666,24.4246440125,0
SHP0700,Pune,Chennai,Mumbai,2026-02-09 10:14:00,2026-02-09 23:24:36.612824,2026-02-10 10:26:46.575940,2026-02-13 06:15:52.725576,92.03,Rail,Delayed,9,13.176836895555557,11.036100865555555,67.81837489888889,92.03131266,1
SHP0701,Bengaluru,Hyderabad,Chennai,2026-01-05 20:34:00,2026-01-06 00:40:16.541873,2026-01-06 04:13:30.032857,2026-01-08 21:36:49.701196,73.05,Road,Delayed,10,4.104594964722223,3.5537474955555557,65.38879676083333,73.04713922111111,1
SHP0702,Bengaluru,Chennai,Hyderabad,2026-01-27 19:25:00,2026-01-28 01:17:05.241303,2026-01-28 02:46:07.821359,2026-01-30 07:29:17.509556,60.07,Rail,Delayed,11,5.868122584166667,1.4840500155555556,52.7193578325,60.071530432222225,1
SHP0703,Salem,Kochi,Hyderabad,2026-03-23 10:15:00,2026-03-23 13:45:15.350170,2026-03-23 15:01:19.312142,2026-03-23 18:02:24.045948,7.79,Air,On Time,6,3.504263936111111,1.2677672144444445,3.0179816127777777,7.790012763333333,0
SHP0704,Chennai,Coimbatore,Coimbatore,2026-03-30 13:56:00,2026-03-30 18:37:43.190040,2026-03-30 23:40:08.489012,2026-03-31 19:28:19.266833,29.54,Road,On Time,17,4.695330566666667,5.040360825555556,19.802993839166664,29.53868523138889,0
SHP0705,Salem,Chennai,Chennai,2026-06-26 18:19:00,2026-06-27 00:13:28.069711,2026-06-27 03:39:54.753305,2026-06-27 05:39:54.753305,11.35,Air,On Time,28,5.907797141944444,3.4407454427777777,2.0,11.348542584722221,0
SHP0706,Chennai,Coimbatore,Chennai,2026-02-24 17:41:00,2026-02-24 22:15:14.455162,2026-02-25 02:35:02.144957,2026-02-27 20:36:39.752264,74.93,Road,Delayed,5,4.570681989444444,4.329913831944444,66.02711314083334,74.92770896222223,1
SHP0707,Madurai,Mumbai,Chennai,2026-02-16 01:48:00,2026-02-16 07:26:49.932015,2026-02-16 09:29:14.754985,2026-02-20 06:56:15.811571,101.14,Rail,Delayed,22,5.6472033375,2.040228602777778,93.45029349611112,101.13772543638889,1
SHP0708,Kochi,Coimbatore,Coimbatore,2026-06-11 16:30:00,2026-06-12 03:27:34.804182,2026-06-12 05:29:07.362327,2026-06-12 13:42:15.161058,21.2,Road,On Time,6,10.959667828333334,2.0257105958333335,8.218832980833334,21.204211405,0
SHP0709,Hyderabad,Chennai,Coimbatore,2026-06-17 02:17:00,2026-06-17 10:56:44.816876,2026-06-17 20:25:42.211990,2026-06-19 11:34:28.777060,57.29,Rail,Delayed,9,8.662449132222223,9.48260975388889,39.146268075,57.29132696111111,1
SHP0710,Pune,Salem,Chennai,2026-06-03 18:59:00,2026-06-04 11:46:54.878262,2026-06-05 01:10:39.213042,2026-06-05 05:05:57.134626,34.12,Road,On Time,6,16.798577295,13.395648549999999,3.9216448844444445,34.115870729444445,0
SHP0711,Coimbatore,Kochi,Bengaluru,2026-05-29 09:36:00,2026-05-29 13:49:12.738554,2026-05-29 17:09:52.878342,2026-05-31 03:57:28.566930,42.36,Road,Delayed,15,4.220205153888889,3.3444832744444444,34.79324683,42.357935258333335,1
SHP0712,Pune,Mumbai,Hyderabad,2026-06-02 17:01:00,2026-06-03 03:08:34.002795,2026-06-03 07:19:50.032086,2026-06-03 09:33:15.884996,16.54,Road,On Time,24,10.1261118875,4.187785914166667,2.2238480305555552,16.53774583222222,0
SHP0713,Coimbatore,Chennai,Bengaluru,2026-06-11 17:39:00,2026-06-12 05:09:07.978666,2026-06-12 12:16:31.081268,2026-06-12 20:03:26.214427,26.41,Air,Delayed,22,11.502216296111111,7.123084056111111,7.781981433055556,26.407281785277778,1
SHP0714,Salem,Chennai,Bengaluru,2026-03-07 20:23:00,2026-03-08 00:08:52.906776,2026-03-08 03:41:21.308589,2026-03-10 13:45:37.217379,65.38,Road,Delayed,28,3.7646963266666664,3.5412227258333333,58.07108577499999,65.3770048275,1
SHP0715,Salem,Kochi,Bengaluru,2026-04-07 11:07:00,2026-04-07 14:28:23.838324,2026-04-07 22:02:19.972306,2026-04-09 05:49:23.696995,42.71,Rail,On Time,19,3.3566217566666667,7.565592772777777,31.784367969166667,42.70658249861111,0
SHP0716,Salem,Mumbai,Hyderabad,2026-03-01 17:37:00,2026-03-02 03:16:36.802695,2026-03-02 07:25:25.190690,2026-03-03 06:37:36.500792,37.01,Road,On Time,18,9.660222970833333,4.1467744430555555,23.203141695,37.01013910888889,0
SHP0717,Pune,Mumbai,Coimbatore,2026-04-22 15:47:00,2026-04-22 22:44:48.110340,2026-04-23 03:33:39.953468,2026-04-24 16:30:50.764564,48.73,Road,Delayed,28,6.963363983333333,4.814400868888889,36.95300308222222,48.73076793444445,1
SHP0718,Hyderabad,Coimbatore,Chennai,2026-05-20 05:11:00,2026-05-20 11:44:58.745970,2026-05-20 14:26:50.599555,2026-05-27 03:02:09.024395,165.85,Rail,Delayed,4,6.566318325,2.6977371069444445,156.58845134444445,165.85250677638888,1
SHP0719,Coimbatore,Salem,Hyderabad,2026-01-05 11:10:00,2026-01-05 19:45:45.731746,2026-01-06 01:45:41.630936,2026-01-06 07:33:58.293639,20.4,Air,On Time,14,8.596036596111112,5.998860886111111,5.8046285286111114,20.39952601083333,0
SHP0720,Coimbatore,Bengaluru,Mumbai,2026-01-26 16:00:00,2026-01-27 00:41:23.875689,2026-01-27 04:54:39.222923,2026-01-29 02:26:30.780814,58.44,Road,Delayed,9,8.689965469166667,4.2209297872222225,45.53098830305556,58.44188355944444,1
SHP0721,Kochi,Mumbai,Coimbatore,2026-01-06 16:23:00,2026-01-06 21:06:38.002376,2026-01-07 00:27:09.115817,2026-01-08 19:42:26.304876,51.32,Road,Delayed,4,4.727222882222223,3.341975955833333,43.25477473861111,51.32397357666667,1
SHP0722,Pune,Pune,Bengaluru,2026-04-12 13:33:00,2026-04-12 18:47:54.790027,2026-04-12 21:14:50.558532,2026-04-15 11:59:58.099911,70.45,Road,Delayed,8,5.248552785277777,2.4488245847222223,62.7520948275,70.4494721975,1
SHP0723,Kochi,Bengaluru,Coimbatore,2026-01-04 07:25:00,2026-01-04 13:00:17.395138,2026-01-04 16:27:03.287156,2026-01-06 07:13:07.323604,47.8,Road,Delayed,9,5.588165316111111,3.4460811161111113,38.767787902222224,47.80203433444444,1
SHP0724,Salem,Chennai,Chennai,2026-03-21 07:31:00,2026-03-21 12:32:56.782457,2026-03-21 15:38:03.547808,2026-03-25 01:27:14.025667,89.94,Rail,Delayed,28,5.032439571388889,3.0852125975,81.81957718305554,89.93722935194444,1
SHP0725,Pune,Salem,Chennai,2026-03-19 01:53:00,2026-03-19 12:17:56.001109,2026-03-19 16:51:49.928008,2026-03-19 20:57:57.285584,19.08,Air,On Time,13,10.415555863611111,4.5649796941666665,4.102043771111111,19.082579328888887,0
SHP0726,Salem,Kochi,Coimbatore,2026-03-28 09:43:00,2026-03-28 11:19:25.119988,2026-03-28 13:05:38.943336,2026-03-28 19:02:14.798787,9.32,Road,On Time,2,1.6069777744444445,1.7705064855555555,5.943293180833333,9.320777440833334,0
SHP0727,Kochi,Delhi,Bengaluru,2026-04-19 21:58:00,2026-04-20 06:07:56.905094,2026-04-20 10:48:25.567294,2026-04-21 09:01:46.913394,35.06,Road,On Time,30,8.165806970555556,4.674628388888888,22.22259613888889,35.06303149833333,0
SHP0728,Hyderabad,Chennai,Mumbai,2026-06-13 07:55:00,2026-06-13 19:07:50.164744,2026-06-14 03:20:06.574332,2026-06-14 17:43:59.093741,33.82,Road,On Time,18,11.213934651111112,8.204558218888888,14.397922058055556,33.81641492805556,0
SHP0729,Madurai,Delhi,Chennai,2026-05-08 12:54:00,2026-05-08 18:44:58.959824,2026-05-08 21:02:16.348637,2026-05-10 22:33:20.295779,57.66,Rail,Delayed,14,5.849711062222223,2.2881635591666667,49.517763095,57.65563771638889,1
SHP0730,Coimbatore,Salem,Coimbatore,2026-06-18 05:29:00,2026-06-18 10:32:21.286025,2026-06-18 14:13:19.754274,2026-06-18 20:43:55.777168,15.25,Air,On Time,25,5.0559127847222225,3.6829078469444445,6.510006359444445,15.24882699111111,0
SHP0731,Bengaluru,Bengaluru,Chennai,2026-03-12 03:05:00,2026-03-12 17:38:49.924134,2026-03-12 21:43:55.119835,2026-03-13 09:05:25.370220,30.01,Air,Delayed,27,14.563867815,4.084776583611111,11.358402884722222,30.007047283333332,1
SHP0732,Madurai,Bengaluru,Bengaluru,2026-04-07 20:04:00,2026-04-08 03:24:52.822559,2026-04-08 08:56:47.959733,2026-04-09 20:07:11.459478,48.05,Road,Delayed,8,7.3480062663888885,5.531982548333334,35.17319437361111,48.053183188333335,1
SHP0733,Coimbatore,Delhi,Chennai,2026-04-09 03:02:00,2026-04-09 16:11:33.761550,2026-04-09 19:29:43.818926,2026-04-11 07:58:04.160333,52.93,Rail,On Time,15,13.159378208333335,3.3027937155555556,36.4723170575,52.93448898138889,0
SHP0734,Chennai,Salem,Hyderabad,2026-03-03 07:56:00,2026-03-03 16:40:45.897156,2026-03-03 18:13:29.932336,2026-03-05 03:39:03.899298,43.72,Road,Delayed,6,8.746082543333333,1.5455653277777777,33.42610193388889,43.717749805000004,1
SHP0735,Bengaluru,Madurai,Bengaluru,2026-04-06 09:11:00,2026-04-06 15:45:23.918953,2026-04-06 18:29:07.025878,2026-04-07 02:04:34.816240,16.89,Air,On Time,16,6.5733108202777775,2.7286408125,7.5910528783333335,16.893004511111112,0
SHP0736,Bengaluru,Salem,Chennai,2026-03-22 10:39:00,2026-03-22 19:48:01.207458,2026-03-23 00:24:08.581127,2026-03-24 00:17:46.527576,37.65,Air,Delayed,30,9.150335405,4.602048241388889,23.89387401361111,37.646257659999996,1
SHP0737,Coimbatore,Hyderabad,Chennai,2026-04-13 20:01:00,2026-04-14 03:05:59.062343,2026-04-14 07:13:41.233704,2026-04-14 16:34:07.501060,20.55,Road,On Time,22,7.083072873055556,4.128380933611111,9.34062982111111,20.552083627777776,0
SHP0738,Pune,Hyderabad,Coimbatore,2026-05-07 12:02:00,2026-05-07 16:20:04.593958,2026-05-07 22:45:54.904948,2026-05-12 14:10:42.099691,122.15,Road,Delayed,17,4.301276099444444,6.430641941666667,111.41310965083332,122.14502769194445,1
SHP0739,Kochi,Bengaluru,Chennai,2026-04-08 15:39:00,2026-04-08 19:05:34.298079,2026-04-08 21:03:33.570799,2026-04-10 13:32:58.723907,45.9,Road,Delayed,11,3.4428605775,1.9664646444444445,40.49032030777778,45.89964552972222,1
SHP0740,Pune,Bengaluru,Chennai,2026-05-19 01:20:00,2026-05-19 05:52:40.816247,2026-05-19 11:46:42.738334,2026-05-20 10:51:44.867039,33.53,Road,On Time,3,4.544671179722222,5.900533913055555,23.083924640277775,33.529129733055555,0
SHP0741,Chennai,Salem,Chennai,2026-04-28 07:42:00,2026-04-28 13:06:15.497072,2026-04-28 19:45:07.647367,2026-04-29 01:43:40.456147,18.03,Air,On Time,12,5.404304742222222,6.647819526388889,5.975780216666666,18.027904485277777,0
SHP0742,Madurai,Salem,Chennai,2026-04-13 14:25:00,2026-04-14 00:09:32.297593,2026-04-14 07:14:59.027211,2026-04-16 13:48:43.199605,71.4,Rail,Delayed,21,9.742304886944446,7.0907582272222225,54.56227010944444,71.39533322361112,1
SHP0743,Coimbatore,Delhi,Hyderabad,2026-01-14 11:40:00,2026-01-14 13:13:30.048956,2026-01-14 15:53:03.715370,2026-01-14 20:04:30.848494,8.41,Air,On Time,9,1.558346932222222,2.6593517816666665,4.190870312222223,8.408569026111111,0
SHP0744,Salem,Mumbai,Mumbai,2026-01-24 18:46:00,2026-01-25 03:36:07.192671,2026-01-25 08:24:03.879862,2026-01-26 17:07:51.224257,46.36,Rail,On Time,29,8.8353312975,4.799079775277778,32.7298178875,46.36422896027778,0
SHP0745,Pune,Chennai,Bengaluru,2026-05-04 06:04:00,2026-05-04 15:39:25.763546,2026-05-04 18:42:43.727297,2026-05-05 23:58:13.349953,41.9,Road,On Time,26,9.59048987388889,3.054989930833333,29.258228515555558,41.90370832027778,0
SHP0746,Pune,Hyderabad,Bengaluru,2026-04-23 11:23:00,2026-04-23 14:55:17.033866,2026-04-23 22:09:12.700694,2026-04-24 15:39:39.666223,28.28,Road,On Time,28,3.538064962777778,7.232129674444445,17.50749042472222,28.277685061944442,0
SHP0747,Chennai,Mumbai,Mumbai,2026-03-17 09:57:00,2026-03-17 15:51:23.333601,2026-03-17 20:51:20.110543,2026-03-19 10:25:47.806247,48.48,Road,Delayed,18,5.906481555833333,4.999104706111111,37.574359917777784,48.47994617972222,1
SHP0748,Bengaluru,Kochi,Hyderabad,2026-03-11 00:52:00,2026-03-11 05:47:33.556803,2026-03-11 07:56:03.859186,2026-03-15 02:46:36.270659,97.91,Rail,Delayed,13,4.925988000833333,2.1417506619444446,90.84233652027778,97.91007518305555,1
SHP0749,Coimbatore,Bengaluru,Hyderabad,2026-05-03 05:26:00,2026-05-03 08:10:57.578106,2026-05-03 09:39:16.945246,2026-05-04 22:21:32.205565,40.93,Road,On Time,5,2.7493272516666667,1.4720464277777778,36.7042389775,40.925612656944445,0
SHP0750,Bengaluru,Pune,Coimbatore,2026-04-23 18:23:00,2026-04-24 03:52:20.187975,2026-04-24 09:09:45.199499,2026-04-25 12:23:30.194848,42.01,Rail,On Time,18,9.488941104166667,5.290280978888889,27.229165374722225,42.00838745777778,0
SHP0751,Chennai,Bengaluru,Coimbatore,2026-01-16 08:17:00,2026-01-16 13:48:43.966936,2026-01-16 19:22:42.759592,2026-01-18 09:53:53.985082,49.61,Rail,On Time,8,5.528879704444445,5.5663312933333335,38.51978485833334,49.61499585611111,0
SHP0752,Kochi,Chennai,Chennai,2026-02-06 14:10:00,2026-02-06 22:56:10.281466,2026-02-07 02:23:03.403110,2026-02-10 10:39:31.064340,92.49,Rail,Delayed,24,8.769522629444445,3.4480893455555557,80.27435034166668,92.49196231666666,1
SHP0753,Pune,Mumbai,Chennai,2026-05-25 04:55:00,2026-05-25 17:44:46.020031,2026-05-25 23:06:30.609508,2026-05-26 17:44:09.191677,36.82,Road,On Time,24,12.829450008611111,5.362385965833334,18.627383935833333,36.81921991027777,0
SHP0754,Coimbatore,Coimbatore,Bengaluru,2026-02-18 18:38:00,2026-02-18 20:53:08.710539,2026-02-18 22:24:46.717756,2026-02-19 18:41:27.872499,24.06,Road,On Time,8,2.2524195941666667,1.5272242269444445,20.278098539722222,24.057742360833334,0
SHP0755,Pune,Delhi,Bengaluru,2026-04-30 17:05:00,2026-04-30 21:20:10.120736,2026-04-30 23:48:19.838295,2026-05-01 18:48:48.958669,25.73,Rail,On Time,12,4.252811315555555,2.4693659886111115,19.00808899277778,25.730266296944443,0
SHP0756,Madurai,Pune,Bengaluru,2026-02-08 12:17:00,2026-02-08 14:19:49.847089,2026-02-08 18:01:15.197323,2026-02-10 01:36:51.165209,37.33,Rail,On Time,4,2.0471797469444444,3.690375065,31.59332441277778,37.330879224722224,0
SHP0757,Hyderabad,Pune,Chennai,2026-04-14 14:15:00,2026-04-14 22:40:17.241004,2026-04-15 04:32:45.359109,2026-04-17 23:09:12.099887,80.9,Road,Delayed,12,8.421455834444444,5.874477251388889,66.60742799388889,80.90336107972222,1
SHP0758,Hyderabad,Chennai,Coimbatore,2026-05-16 15:31:00,2026-05-16 20:06:44.244262,2026-05-17 04:27:38.020251,2026-05-19 05:42:58.773956,62.2,Rail,Delayed,24,4.595623406111111,8.348271108055556,49.25576491805556,62.19965943222222,1
SHP0759,Kochi,Bengaluru,Chennai,2026-06-16 09:47:00,2026-06-16 15:46:16.073292,2026-06-16 19:00:42.056974,2026-06-19 17:38:55.043903,79.87,Road,Delayed,19,5.987798136666667,3.240551022777778,70.63694081361112,79.86528997305555,1
SHP0760,Coimbatore,Bengaluru,Hyderabad,2026-02-16 00:18:00,2026-02-16 07:07:43.967947,2026-02-16 11:41:45.572042,2026-02-17 16:02:28.564613,39.74,Road,On Time,3,6.828879985277778,4.567112248611111,28.345275714166664,39.74126794805555,0
SHP0761,Pune,Pune,Coimbatore,2026-01-02 04:01:00,2026-01-02 07:11:48.362291,2026-01-02 09:29:02.248264,2026-01-02 15:43:26.372671,11.71,Road,On Time,9,3.1801006363888886,2.2871905480555554,6.2400345575,11.707325741944445,0
SHP0762,Chennai,Mumbai,Chennai,2026-02-22 09:56:00,2026-02-22 19:36:28.812263,2026-02-23 01:20:18.787113,2026-02-23 23:00:35.049843,37.08,Road,On Time,11,9.674670073055555,5.730548569444444,21.671184091666667,37.07640273416666,0
SHP0763,Madurai,Chennai,Hyderabad,2026-02-17 08:30:00,2026-02-17 19:07:45.022589,2026-02-17 21:16:32.799468,2026-02-18 15:00:56.192867,30.52,Road,On Time,30,10.62917294138889,2.146604688611111,17.73983149972222,30.515609129722225,0
SHP0764,Kochi,Coimbatore,Chennai,2026-04-30 15:40:00,2026-05-01 03:58:58.667820,2026-05-01 06:52:05.005591,2026-05-01 17:15:25.936525,25.59,Rail,On Time,7,12.316296616666667,2.885093825277778,10.389147481666667,25.59053792361111,0
SHP0765,Hyderabad,Mumbai,Coimbatore,2026-05-03 21:04:00,2026-05-03 23:43:41.684116,2026-05-04 03:06:37.237115,2026-05-06 14:50:48.756534,65.78,Rail,Delayed,17,2.6615789211111114,3.3820980552777775,59.736533171944444,65.78021014833332,1
SHP0766,Salem,Kochi,Chennai,2026-01-09 14:10:00,2026-01-09 19:25:26.221664,2026-01-09 22:22:32.537274,2026-01-10 18:15:07.367048,28.09,Rail,On Time,12,5.257283795555556,2.951754336111111,19.87634160388889,28.085379735555556,0
SHP0767,Pune,Hyderabad,Hyderabad,2026-02-23 03:52:00,2026-02-23 10:07:22.851879,2026-02-23 15:17:16.558715,2026-02-24 16:57:18.988964,37.09,Road,On Time,29,6.256347744166667,5.164918565555556,25.667341735833332,37.08860804555555,0
SHP0768,Coimbatore,Bengaluru,Coimbatore,2026-03-07 20:43:00,2026-03-08 00:19:53.584113,2026-03-08 03:40:55.834204,2026-03-09 14:06:53.332481,41.4,Rail,On Time,30,3.6148844758333336,3.3506250252777776,34.43263841027778,41.39814791138889,0
SHP0769,Coimbatore,Madurai,Hyderabad,2026-03-14 17:29:00,2026-03-15 03:15:09.411244,2026-03-15 05:58:24.072735,2026-03-17 15:30:53.817847,70.03,Road,Delayed,25,9.769280901111111,2.720739303055556,57.541595864444446,70.03161606861111,1
SHP0770,Bengaluru,Bengaluru,Chennai,2026-03-02 23:16:00,2026-03-03 02:55:56.477304,2026-03-03 07:41:09.316476,2026-03-04 06:15:44.772100,31.0,Rail,On Time,23,3.66568814,4.753566436666667,22.57651545111111,30.995770027777777,0
SHP0771,Chennai,Madurai,Bengaluru,2026-03-23 22:01:00,2026-03-24 07:17:27.043641,2026-03-24 09:02:48.592747,2026-03-26 13:18:42.443589,63.3,Road,Delayed,7,9.274178789166665,1.7559858627777778,52.26495856722222,63.29512321916667,1
SHP0772,Hyderabad,Kochi,Chennai,2026-05-14 14:58:00,2026-05-15 05:46:32.581447,2026-05-15 09:23:52.774533,2026-05-15 17:23:54.106995,26.43,Road,On Time,26,14.809050401944443,3.6222758572222222,8.000370128333333,26.431696387499997,0
SHP0773,Kochi,Salem,Coimbatore,2026-06-04 16:57:00,2026-06-04 22:28:51.041255,2026-06-04 22:58:51.041255,2026-06-05 06:52:31.353060,13.93,Rail,On Time,2,5.5308447930555555,0.5,7.8945310569444445,13.92537585,0
SHP0774,Chennai,Kochi,Mumbai,2026-01-24 01:06:00,2026-01-24 05:33:42.687223,2026-01-24 11:51:52.123684,2026-01-25 03:56:46.081922,26.85,Air,Delayed,9,4.461857561944445,6.302621239166667,16.08165506611111,26.84613386722222,1
SHP0775,Madurai,Madurai,Coimbatore,2026-01-15 09:47:00,2026-01-15 14:36:21.332388,2026-01-15 17:27:26.839069,2026-01-16 18:48:57.942865,33.03,Rail,On Time,17,4.82259233,2.8515296336111113,25.358639943333333,33.032761906944444,0
SHP0776,Salem,Chennai,Mumbai,2026-03-06 16:40:00,2026-03-07 03:49:55.916428,2026-03-07 06:13:38.172175,2026-03-07 15:04:03.275920,22.4,Road,On Time,11,11.16553234111111,2.3950710408333333,8.840306595833333,22.40090997777778,0
SHP0777,Kochi,Delhi,Bengaluru,2026-06-20 03:50:00,2026-06-20 12:10:14.513212,2026-06-20 23:08:20.111102,2026-06-23 18:06:11.603214,86.27,Road,Delayed,30,8.337364781111111,10.96822163611111,66.96430336444445,86.26988978166666,1
SHP0778,Madurai,Coimbatore,Coimbatore,2026-06-04 01:04:00,2026-06-04 05:12:39.032239,2026-06-04 07:38:20.089016,2026-06-05 01:36:11.649008,24.54,Road,On Time,25,4.144175621944444,2.4280713269444445,17.96432222,24.53656916888889,0
SHP0779,Salem,Hyderabad,Chennai,2026-05-22 04:06:00,2026-05-22 11:55:35.382524,2026-05-22 15:02:37.420655,2026-05-24 06:11:39.787122,50.09,Road,Delayed,3,7.826495145555556,3.1172328141666665,39.150657351944446,50.09438531166667,1
SHP0780,Chennai,Hyderabad,Chennai,2026-01-14 04:17:00,2026-01-14 12:43:04.109286,2026-01-14 17:30:10.923323,2026-01-15 13:49:58.208367,33.55,Road,On Time,21,8.434474801666667,4.785226121388889,20.329801401111112,33.54950232416667,0
SHP0781,Bengaluru,Mumbai,Coimbatore,2026-02-21 07:16:00,2026-02-21 11:38:14.845749,2026-02-21 16:42:10.335167,2026-02-22 17:30:47.012033,34.25,Road,On Time,27,4.370790485833333,5.065413727222222,24.81018801833333,34.24639223138889,0
SHP0782,Madurai,Mumbai,Chennai,2026-02-20 22:49:00,2026-02-21 04:32:38.625731,2026-02-21 13:28:49.143555,2026-02-21 22:59:19.136476,24.17,Road,On Time,21,5.727396036388889,8.936254951111112,9.508331366944443,24.171982354444445,0
SHP0783,Bengaluru,Chennai,Coimbatore,2026-03-30 14:49:00,2026-03-30 19:37:21.964964,2026-03-30 22:31:37.246526,2026-04-03 20:52:52.126639,102.06,Road,Delayed,16,4.806101378888888,2.9042448783333334,94.35413336472222,102.06447962194446,1
SHP0784,Bengaluru,Coimbatore,Bengaluru,2026-03-23 18:38:00,2026-03-23 22:34:08.856863,2026-03-24 02:22:29.407910,2026-03-24 14:29:00.179709,19.85,Rail,On Time,28,3.9357935730555558,3.805708624166667,12.108547721944445,19.85004991916667,0
SHP0785,Bengaluru,Delhi,Coimbatore,2026-02-18 07:56:00,2026-02-18 10:02:27.657850,2026-02-18 15:03:13.994740,2026-02-18 17:17:05.705651,9.35,Air,On Time,3,2.107682736111111,5.012871358333333,2.231030808611111,9.351584903055555,0
SHP0786,Pune,Mumbai,Coimbatore,2026-06-21 08:15:00,2026-06-21 13:57:46.681370,2026-06-21 15:28:39.352703,2026-06-24 01:50:16.435320,65.59,Rail,Delayed,9,5.712967047222222,1.5146309258333335,58.360300726944445,65.5878987,1
SHP0787,Salem,Pune,Mumbai,2026-01-16 18:20:00,2026-01-17 08:46:46.262285,2026-01-17 16:51:52.081413,2026-01-21 19:22:14.112143,121.04,Rail,Delayed,21,14.446183968055555,8.084949757777778,98.50611964722222,121.03725337305556,1
SHP0788,Coimbatore,Hyderabad,Chennai,2026-02-20 02:17:00,2026-02-20 09:09:09.019240,2026-02-21 01:03:36.620332,2026-02-22 14:56:26.539874,60.66,Road,Delayed,29,6.869172011111112,15.90766697,37.88053320611111,60.65737218722222,1
SHP0789,Hyderabad,Pune,Coimbatore,2026-01-27 03:37:00,2026-01-27 08:25:59.387239,2026-01-27 09:32:57.352563,2026-01-27 22:57:29.543652,19.34,Road,On Time,17,4.816496455277778,1.1161014788888888,13.408941969166667,19.34153990333333,0
SHP0790,Salem,Delhi,Chennai,2026-04-18 08:03:00,2026-04-18 18:57:09.602171,2026-04-19 05:08:25.808076,2026-04-19 10:07:17.147924,26.07,Road,On Time,26,10.902667269722222,10.187834973611112,4.9809277355555555,26.07142997888889,0
SHP0791,Bengaluru,Hyderabad,Bengaluru,2026-06-21 15:48:00,2026-06-22 03:50:22.849065,2026-06-22 06:37:19.820724,2026-06-23 09:17:38.542672,41.49,Rail,On Time,28,12.039680295833334,2.7824921275000003,26.67186720777778,41.494039631111114,0
SHP0792,Coimbatore,Delhi,Coimbatore,2026-02-03 13:52:00,2026-02-03 19:06:14.513165,2026-02-03 22:08:15.129932,2026-02-04 14:05:10.380085,24.22,Road,On Time,17,5.2373647680555555,3.0335046575,15.948680598055557,24.21955002361111,0
SHP0793,Madurai,Mumbai,Bengaluru,2026-06-25 12:11:00,2026-06-25 20:44:44.340701,2026-06-26 02:52:34.779414,2026-06-26 08:56:29.453587,20.76,Road,On Time,7,8.56231686138889,6.130677420277777,6.065187270277778,20.758181551944443,0
SHP0794,Pune,Hyderabad,Chennai,2026-05-20 12:04:00,2026-05-20 16:16:59.258935,2026-05-20 18:36:09.434997,2026-05-21 07:58:23.644596,19.91,Road,On Time,4,4.216460815277777,2.3194933505555557,13.370613777500001,19.906567943333332,0
SHP0795,Pune,Chennai,Chennai,2026-03-21 11:31:00,2026-03-21 21:27:02.786614,2026-03-21 23:48:36.604794,2026-03-22 13:54:12.570356,26.39,Air,Delayed,2,9.934107392777777,2.359393938888889,14.093323767222222,26.386825098888888,1
SHP0796,Pune,Salem,Hyderabad,2026-02-10 22:05:00,2026-02-11 03:33:07.953077,2026-02-11 05:12:54.782311,2026-02-12 05:12:38.378316,31.13,Rail,On Time,21,5.468875854722222,1.6630081205555556,23.99544333472222,31.127327310000002,0
SHP0797,Pune,Madurai,Mumbai,2026-06-17 12:54:00,2026-06-17 23:52:04.934849,2026-06-18 00:37:29.090891,2026-06-18 07:48:03.371859,18.9,Rail,On Time,4,10.968037458055555,0.7567100116666667,7.176189157777777,18.900936627500002,0
SHP0798,Kochi,Pune,Coimbatore,2026-06-19 02:57:00,2026-06-19 06:39:00.650807,2026-06-19 09:36:15.157768,2026-06-19 23:30:06.027043,20.55,Road,On Time,29,3.7001807797222224,2.9540297113888885,13.897463687499998,20.55167417861111,0
SHP0799,Kochi,Mumbai,Hyderabad,2026-05-26 16:37:00,2026-05-26 23:19:33.469316,2026-05-27 02:54:27.961067,2026-05-27 11:41:16.155306,19.07,Rail,On Time,8,6.709297032222222,3.5818032641666666,8.780053955277777,19.071154251666666,0
SHP0800,Madurai,Madurai,Chennai,2026-05-17 02:32:00,2026-05-17 19:40:55.487466,2026-05-18 01:24:16.336341,2026-05-18 06:24:13.455503,27.87,Road,On Time,19,17.148746518333333,5.722458020833333,4.999199767222222,27.87040430638889,0
SHP0801,Salem,Pune,Coimbatore,2026-02-10 20:17:00,2026-02-10 23:04:50.898679,2026-02-11 01:01:59.857201,2026-02-11 16:42:21.565794,20.42,Rail,On Time,19,2.7974718552777778,1.9524884783333334,15.67269683138889,20.422657164999997,0
SHP0802,Coimbatore,Pune,Chennai,2026-06-15 14:56:00,2026-06-15 23:45:55.837327,2026-06-16 06:21:38.710392,2026-06-17 05:08:37.024262,38.21,Road,On Time,12,8.832177035277779,6.595242518055556,22.782864963888887,38.21028451722222,0
SHP0803,Pune,Hyderabad,Coimbatore,2026-02-05 03:00:00,2026-02-05 07:36:18.335521,2026-02-05 08:50:58.259818,2026-02-06 12:51:02.706788,33.85,Road,On Time,3,4.6050932002777785,1.2444234158333332,28.001235269444447,33.85075188555555,0
SHP0804,Kochi,Kochi,Bengaluru,2026-04-07 12:51:00,2026-04-07 16:52:41.682022,2026-04-07 21:29:56.562055,2026-04-08 13:02:21.208053,24.19,Road,On Time,12,4.028245006111112,4.620800009166667,15.540179443888888,24.189224459166667,0
SHP0805,Kochi,Delhi,Chennai,2026-06-02 04:11:00,2026-06-02 13:59:39.080394,2026-06-02 18:35:17.429655,2026-06-03 00:20:10.954784,20.15,Air,On Time,28,9.810855664999998,4.593985905833333,5.748201424722223,20.153042995555555,0
SHP0806,Salem,Mumbai,Chennai,2026-06-13 10:25:00,2026-06-13 12:32:54.311992,2026-06-13 13:41:17.464883,2026-06-13 21:51:52.566902,11.45,Road,On Time,10,2.131753331111111,1.1397646919444444,8.1764172275,11.447935250555556,0
SHP0807,Salem,Mumbai,Coimbatore,2026-02-12 00:15:00,2026-02-12 03:01:29.096313,2026-02-12 04:00:33.742735,2026-02-12 20:46:52.212021,20.53,Road,On Time,8,2.7747489758333335,0.984624006111111,16.77179702388889,20.53117000583333,0
SHP0808,Kochi,Kochi,Bengaluru,2026-02-06 20:16:00,2026-02-07 02:21:37.095431,2026-02-07 06:45:47.704579,2026-02-07 16:29:02.302362,20.22,Air,On Time,9,6.093637619722223,4.402946985555555,9.720721606388889,20.217306211666667,0
SHP0809,Coimbatore,Madurai,Mumbai,2026-06-15 01:41:00,2026-06-15 18:29:13.251813,2026-06-15 23:45:57.773454,2026-06-16 02:50:16.112882,25.15,Road,On Time,27,16.803681059166667,5.279033789166666,3.0717609522222222,25.154475800555556,0
SHP0810,Chennai,Mumbai,Mumbai,2026-01-06 06:51:00,2026-01-06 19:38:57.112809,2026-01-07 03:43:26.523653,2026-01-08 17:40:30.907143,58.83,Road,Delayed,29,12.799198002499999,8.074836345555555,37.95121763611111,58.82525198416666,1
SHP0811,Salem,Salem,Hyderabad,2026-01-13 17:24:00,2026-01-14 05:18:26.848390,2026-01-14 07:37:34.922148,2026-01-16 11:57:35.848494,66.56,Rail,Delayed,21,11.90745788611111,2.3189093772222225,52.33359065166667,66.559957915,1
SHP0812,Bengaluru,Mumbai,Coimbatore,2026-04-21 00:19:00,2026-04-21 12:02:18.312880,2026-04-21 17:49:59.488027,2026-04-22 03:30:22.628911,27.19,Air,Delayed,29,11.721753577777777,5.794770874166667,9.67309469,27.189619141944448,1
SHP0813,Pune,Kochi,Chennai,2026-06-02 21:19:00,2026-06-03 01:02:10.322633,2026-06-03 02:53:31.855321,2026-06-04 02:54:08.523941,29.59,Road,On Time,13,3.719534064722222,1.8559813022222222,24.010185727777777,29.585701094722225,0
SHP0814,Pune,Salem,Bengaluru,2026-01-13 10:20:00,2026-01-15 00:12:53.582125,2026-01-15 04:10:03.608960,2026-01-15 09:01:34.395614,46.69,Air,Delayed,11,37.881550590277776,3.9527852319444445,4.858551848333334,46.69288767055556,1
SHP0815,Chennai,Madurai,Chennai,2026-06-29 03:15:00,2026-06-29 10:22:26.913851,2026-06-29 20:49:13.207412,2026-06-30 01:30:58.236334,22.27,Road,On Time,22,7.124142736388889,10.446192655833332,4.695841367222223,22.266176759444445,0
SHP0816,Bengaluru,Hyderabad,Bengaluru,2026-05-29 22:18:00,2026-05-30 08:44:37.560138,2026-05-30 11:45:17.978700,2026-05-30 17:24:58.063356,19.12,Air,On Time,27,10.443766705,3.0112273783333334,5.661134626666667,19.116128709999998,0
SHP0817,Chennai,Delhi,Bengaluru,2026-06-24 23:14:00,2026-06-25 08:06:57.755048,2026-06-25 09:40:59.482836,2026-06-25 15:18:29.351274,16.07,Road,On Time,2,8.882709735555554,1.5671466077777778,5.6249634550000005,16.074819798333333,0
SHP0818,Chennai,Pune,Hyderabad,2026-02-24 01:37:00,2026-02-24 05:43:25.528637,2026-02-24 07:07:59.898308,2026-02-25 23:03:14.375120,45.44,Road,Delayed,6,4.107091288055555,1.4095471308333334,39.92068800333334,45.43732642222223,1
SHP0819,Madurai,Salem,Bengaluru,2026-03-28 09:26:00,2026-03-28 19:20:29.482267,2026-03-29 01:51:22.505381,2026-03-30 09:45:29.939678,48.32,Rail,On Time,5,9.908189518611112,6.5147286427777775,31.9020650825,48.32498324388889,0
SHP0820,Pune,Salem,Chennai,2026-05-08 11:25:00,2026-05-08 19:04:23.574453,2026-05-09 04:37:09.645706,2026-05-09 15:11:13.316995,27.77,Road,On Time,28,7.656548459166667,9.546130903611111,10.567686469166667,27.770365831944446,0
SHP0821,Hyderabad,Salem,Hyderabad,2026-05-25 22:55:00,2026-05-26 02:07:38.349223,2026-05-26 03:19:26.227297,2026-05-30 03:11:50.833990,100.28,Road,Delayed,6,3.2106525619444444,1.1966327983333334,95.87350185916667,100.28078721944445,1
SHP0822,Madurai,Kochi,Bengaluru,2026-03-02 02:02:00,2026-03-02 06:03:25.477905,2026-03-02 09:07:34.736541,2026-03-03 21:00:31.378397,42.98,Road,Delayed,13,4.0237438625,3.06923851,35.88240051555556,42.975382888055556,1
SHP0823,Salem,Delhi,Bengaluru,2026-05-01 00:10:00,2026-05-01 07:14:18.502863,2026-05-01 12:20:53.171800,2026-05-02 11:18:08.825296,35.14,Road,On Time,15,7.0718063508333335,5.109630260277777,22.954348193333335,35.13578480444444,0
SHP0824,Madurai,Pune,Bengaluru,2026-01-15 15:53:00,2026-01-16 01:06:07.486998,2026-01-16 07:02:05.700583,2026-01-18 12:34:14.313164,68.69,Road,Delayed,21,9.218746388333333,5.9328371069444445,53.53572571694444,68.68730921222222,1
SHP0825,Pune,Kochi,Mumbai,2026-03-19 19:48:00,2026-03-20 04:02:39.225523,2026-03-20 09:51:11.568420,2026-03-23 20:35:32.751934,96.79,Rail,Delayed,16,8.244229311944444,5.808984138055555,82.73921764277777,96.79243109277778,1
SHP0826,Madurai,Kochi,Hyderabad,2026-06-21 14:22:00,2026-06-21 20:34:29.738001,2026-06-22 01:59:11.564915,2026-06-22 12:47:56.804046,22.43,Rail,On Time,21,6.208260555833334,5.411618587222223,10.812566425277778,22.432445568333335,0
SHP0827,Kochi,Delhi,Bengaluru,2026-02-11 20:11:00,2026-02-11 22:39:45.257447,2026-02-12 00:29:23.387954,2026-02-13 23:38:20.255296,51.46,Road,Delayed,9,2.479238179722222,1.8272584741666666,47.149129817222224,51.45562647111111,1
SHP0828,Coimbatore,Madurai,Mumbai,2026-02-01 22:19:00,2026-02-02 05:26:36.574504,2026-02-02 09:31:35.342586,2026-02-03 07:30:38.612097,33.19,Road,On Time,1,7.126826251111111,4.082991133888889,21.984241530833334,33.19405891583334,0
SHP0829,Bengaluru,Kochi,Mumbai,2026-05-10 03:50:00,2026-05-10 07:59:22.952338,2026-05-10 13:52:49.127543,2026-05-11 18:24:34.207056,38.58,Road,On Time,23,4.156375649444445,5.890604223611111,28.529188753611113,38.57616862666667,0
SHP0830,Coimbatore,Hyderabad,Chennai,2026-06-27 19:58:00,2026-06-28 11:35:55.843105,2026-06-28 15:16:24.379687,2026-06-29 14:25:16.300328,42.45,Rail,On Time,29,15.632178640277777,3.6745934950000003,23.147755733611113,42.454527868888896,0
SHP0831,Madurai,Delhi,Coimbatore,2026-01-07 10:10:00,2026-01-07 17:12:42.638768,2026-01-07 19:20:13.571069,2026-01-08 20:01:16.874726,33.85,Road,On Time,28,7.045177435555556,2.1252589724999997,24.684251015833333,33.85468742388889,0
SHP0832,Chennai,Pune,Coimbatore,2026-02-25 08:31:00,2026-02-25 12:45:43.894668,2026-02-25 17:03:07.693580,2026-03-02 22:33:01.398236,134.03,Road,Delayed,14,4.245526296666667,4.289944142222223,125.49825129333334,134.0337217322222,1
SHP0833,Bengaluru,Coimbatore,Chennai,2026-01-20 00:27:00,2026-01-20 09:30:49.897540,2026-01-20 14:27:40.204104,2026-01-21 16:17:37.248591,39.84,Rail,On Time,1,9.063860427777778,4.947307378888889,25.8325123575,39.84368016416667,0
SHP0834,Hyderabad,Chennai,Hyderabad,2026-03-03 13:17:00,2026-03-03 16:25:41.407423,2026-03-03 19:05:29.119608,2026-03-04 20:04:35.508140,30.79,Rail,On Time,7,3.144835395277778,2.663253384722222,24.985107925555553,30.793196705555555,0
SHP0835,Salem,Mumbai,Coimbatore,2026-06-15 17:05:00,2026-06-15 19:39:22.786596,2026-06-16 01:00:35.598129,2026-06-17 14:40:50.219262,45.6,Road,Delayed,1,2.5729962766666667,5.353558759166667,37.6707280925,45.59728312833333,1
SHP0836,Coimbatore,Madurai,Mumbai,2026-03-01 16:21:00,2026-03-01 20:42:13.626592,2026-03-01 22:07:27.126695,2026-03-04 16:55:44.942830,72.58,Rail,Delayed,9,4.353785164444445,1.420416695277778,66.80494892638889,72.57915078611111,1
SHP0837,Salem,Salem,Coimbatore,2026-03-27 19:42:00,2026-03-28 03:31:12.101860,2026-03-28 04:56:18.306644,2026-03-28 20:53:35.138141,25.19,Road,On Time,19,7.820028294444444,1.4183902177777776,15.954675415833334,25.193093928055557,0
SHP0838,Pune,Madurai,Coimbatore,2026-06-14 11:42:00,2026-06-14 18:51:43.693357,2026-06-15 05:17:15.921253,2026-06-18 05:13:34.748121,89.53,Road,Delayed,6,7.162137043611111,10.425618859999998,71.93856301888889,89.5263189225,1
SHP0839,Salem,Madurai,Chennai,2026-02-21 23:46:00,2026-02-22 14:55:15.006564,2026-02-22 18:59:36.244644,2026-02-23 10:28:23.323956,34.71,Road,On Time,10,15.15416849,4.072566133333333,15.479744253333333,34.706478876666665,0
SHP0840,Pune,Hyderabad,Coimbatore,2026-02-16 02:41:00,2026-02-16 06:06:26.526666,2026-02-16 09:19:36.504967,2026-02-16 17:25:02.443338,14.73,Road,On Time,24,3.424035185,3.219438416944444,8.090538436388888,14.734012038333333,0
SHP0841,Kochi,Delhi,Bengaluru,2026-06-22 01:37:00,2026-06-22 20:31:23.523355,2026-06-22 23:32:48.667496,2026-06-24 22:06:21.904897,68.49,Road,Delayed,27,18.906534265277777,3.023651150277778,46.559232611388886,68.48941802694445,1
SHP0842,Salem,Kochi,Coimbatore,2026-06-20 22:44:00,2026-06-21 05:46:51.465193,2026-06-21 10:39:28.717906,2026-06-21 19:50:26.868171,21.11,Air,On Time,25,7.047629220277778,4.877014642500001,9.182819518055554,21.10746338083333,0
SHP0843,Chennai,Salem,Coimbatore,2026-02-25 14:36:00,2026-02-25 20:04:17.076915,2026-02-25 21:19:24.590810,2026-02-28 14:48:43.295911,72.21,Road,Delayed,17,5.471410254166667,1.2520871930555555,65.48852919472222,72.21202664194445,1
SHP0844,Kochi,Hyderabad,Coimbatore,2026-03-11 13:16:00,2026-03-11 21:00:48.464099,2026-03-12 00:22:14.992218,2026-03-12 21:47:22.293499,32.52,Road,On Time,27,7.7467955830555555,3.3573689219444445,21.418694800277777,32.52285930527778,0
SHP0845,Chennai,Coimbatore,Coimbatore,2026-02-06 11:23:00,2026-02-06 13:40:06.220124,2026-02-06 15:45:50.649307,2026-02-07 10:05:01.984604,22.7,Road,On Time,9,2.2850611455555554,2.095674773055556,18.319815360277776,22.700551278888888,0
SHP0846,Madurai,Salem,Hyderabad,2026-06-05 04:29:00,2026-06-05 12:43:46.978825,2026-06-05 17:40:18.773020,2026-06-06 06:32:52.807563,26.06,Road,On Time,3,8.246383006944445,4.942165054166666,12.876120706388889,26.0646687675,0
SHP0847,Chennai,Mumbai,Coimbatore,2026-04-26 23:44:00,2026-04-27 09:02:47.946866,2026-04-27 13:17:36.960815,2026-04-28 19:29:24.208754,43.76,Road,Delayed,21,9.313318573888889,4.246948319166667,30.196457760833333,43.75672465388889,1
SHP0848,Salem,Pune,Bengaluru,2026-06-16 15:56:00,2026-06-17 07:28:08.745588,2026-06-17 11:54:30.726372,2026-06-18 02:01:52.291721,34.1,Road,On Time,20,15.535762663333333,4.439439106666667,14.122657041388887,34.09785881138889,0
SHP0849,Salem,Madurai,Mumbai,2026-02-04 16:14:00,2026-02-05 02:58:54.742533,2026-02-05 04:51:24.800363,2026-02-07 22:26:50.588973,78.21,Road,Delayed,10,10.748539592499998,1.8750160638888889,65.59049683611111,78.2140524925,1
SHP0850,Madurai,Bengaluru,Mumbai,2026-03-16 16:19:00,2026-03-16 18:18:10.720324,2026-03-17 01:40:54.344393,2026-03-17 04:58:45.120770,12.66,Air,On Time,4,1.986311201111111,7.378784463611112,3.2974378825,12.662533547222223,0
SHP0851,Madurai,Madurai,Chennai,2026-03-04 01:00:00,2026-03-04 05:56:10.922386,2026-03-04 09:49:47.433781,2026-03-04 12:09:06.720758,11.15,Air,On Time,28,4.936367329444444,3.8934753874999997,2.3220241602777776,11.151866877222224,0
SHP0852,Chennai,Chennai,Bengaluru,2026-03-24 02:04:00,2026-03-24 07:26:38.517126,2026-03-24 11:58:23.699513,2026-03-24 22:22:50.352141,20.31,Air,On Time,6,5.377365868333333,4.529217329722222,10.40740350777778,20.313986705833333,0
SHP0853,Salem,Salem,Coimbatore,2026-02-25 18:42:00,2026-02-25 22:29:33.718745,2026-02-26 02:00:42.252320,2026-02-27 19:03:59.895085,48.37,Rail,On Time,26,3.792699651388889,3.5190371041666664,41.05490076805555,48.36663752361111,0
SHP0854,Hyderabad,Pune,Bengaluru,2026-05-02 04:32:00,2026-05-02 07:29:59.906611,2026-05-02 11:24:04.085958,2026-05-03 22:24:22.075854,41.87,Road,On Time,2,2.966640725277778,3.901160929722222,35.00499719333333,41.87279884833333,0
SHP0855,Bengaluru,Madurai,Coimbatore,2026-05-07 01:49:00,2026-05-07 12:16:33.271350,2026-05-07 15:22:53.546155,2026-05-08 04:39:52.903871,26.85,Road,On Time,11,10.459242041666668,3.1056318902777775,13.28315492111111,26.848028853055556,0
SHP0856,Coimbatore,Kochi,Chennai,2026-01-17 12:10:00,2026-01-17 19:45:38.127806,2026-01-17 22:11:14.502904,2026-01-19 01:37:37.919584,37.46,Rail,On Time,22,7.593924390555555,2.4267708605555556,27.439837966666666,37.46053321777777,0
SHP0857,Bengaluru,Delhi,Bengaluru,2026-02-23 00:40:00,2026-02-23 08:01:46.070123,2026-02-23 11:17:05.432651,2026-02-24 22:32:48.732098,45.88,Rail,On Time,23,7.362797256388889,3.25537848,35.26202762416666,45.880203360555555,0
SHP0858,Chennai,Madurai,Coimbatore,2026-05-15 04:36:00,2026-05-15 09:17:37.586058,2026-05-15 14:04:36.197875,2026-05-16 21:24:43.461322,40.81,Road,On Time,15,4.6937739050000005,4.782947726944444,31.3353509575,40.81207258944444,0
SHP0859,Bengaluru,Chennai,Coimbatore,2026-05-12 20:51:00,2026-05-13 07:05:01.588607,2026-05-13 12:53:07.505799,2026-05-14 09:36:44.448213,36.76,Road,On Time,22,10.233774613055555,5.801643664444445,20.726928448333336,36.76234672583333,0
SHP0860,Coimbatore,Kochi,Bengaluru,2026-02-07 11:59:00,2026-02-07 19:32:47.817579,2026-02-08 00:37:52.575137,2026-02-09 04:29:06.862746,40.5,Rail,On Time,25,7.563282660833333,5.084654877222222,27.85396878027778,40.50190631833333,0
SHP0861,Kochi,Pune,Chennai,2026-01-28 16:21:00,2026-01-28 23:23:05.130534,2026-01-29 08:01:18.159025,2026-01-30 01:41:10.315609,33.34,Road,On Time,20,7.034758481666667,8.636952358611111,17.66448794,33.336198780277776,0
SHP0862,Kochi,Salem,Mumbai,2026-03-31 02:49:00,2026-03-31 07:24:24.483592,2026-03-31 09:57:08.233833,2026-03-31 14:34:46.399220,11.76,Rail,On Time,23,4.590134331111111,2.5454861780555555,4.627268163055556,11.762888672222221,0
SHP0863,Madurai,Pune,Chennai,2026-01-25 07:26:00,2026-01-25 23:26:46.190124,2026-01-26 00:22:46.450762,2026-01-26 03:49:13.720023,20.39,Air,On Time,8,16.01283059,0.9334057327777778,3.4409081280555553,20.387144450833333,0
SHP0864,Hyderabad,Delhi,Hyderabad,2026-04-11 05:50:00,2026-04-11 14:44:40.531972,2026-04-11 17:26:23.631724,2026-04-12 20:26:50.815581,38.61,Road,On Time,23,8.911258881111111,2.695305486666667,27.00755107138889,38.61411543916667,0
SHP0865,Salem,Salem,Chennai,2026-06-25 06:20:00,2026-06-25 13:12:20.277062,2026-06-25 18:30:26.935584,2026-06-26 10:21:06.967602,28.02,Road,On Time,7,6.872299183888889,5.301849589444445,15.844453338333333,28.018602111666667,0
SHP0866,Kochi,Delhi,Mumbai,2026-01-02 06:41:00,2026-01-02 13:31:31.164732,2026-01-03 04:50:17.293639,2026-01-03 21:55:10.328794,39.24,Road,On Time,29,6.841990203333333,15.312813585277777,17.081398654166666,39.23620244277778,0
SHP0867,Chennai,Bengaluru,Bengaluru,2026-05-16 18:56:00,2026-05-17 02:09:22.856584,2026-05-17 09:59:27.957126,2026-05-18 07:59:22.105296,37.06,Road,On Time,23,7.223015717777778,7.834750150555555,21.998374491666667,37.05614036,0
SHP0868,Chennai,Chennai,Coimbatore,2026-04-14 05:29:00,2026-04-14 10:29:58.808944,2026-04-14 14:19:43.582430,2026-04-15 03:48:43.208132,22.33,Road,On Time,18,5.016335817777778,3.829103746111111,13.483229361666666,22.328668925555554,0
SHP0869,Chennai,Salem,Chennai,2026-06-11 15:23:00,2026-06-11 23:48:29.873162,2026-06-12 07:43:16.790659,2026-06-12 23:23:40.317995,32.01,Road,On Time,18,8.424964767222223,7.913032638055555,15.673202037777777,32.01119944305556,0
SHP0870,Madurai,Bengaluru,Chennai,2026-05-13 03:33:00,2026-05-13 09:14:26.201665,2026-05-13 13:35:52.861298,2026-05-14 15:32:41.442045,35.99,Road,On Time,18,5.690611573611111,4.357405453611111,25.94682798527778,35.9948450125,0
SHP0871,Coimbatore,Madurai,Bengaluru,2026-03-14 11:40:00,2026-03-14 20:44:39.782158,2026-03-15 00:01:40.288763,2026-03-16 16:44:23.068241,53.07,Rail,On Time,18,9.077717266111112,3.2834740569444447,40.71188318833334,53.07307451138889,0
SHP0872,Hyderabad,Pune,Hyderabad,2026-01-08 06:39:00,2026-01-08 14:55:06.065336,2026-01-08 19:04:41.012058,2026-01-09 22:09:29.310618,39.51,Road,On Time,24,8.268351482222222,4.159707422777778,27.080082933333333,39.50814183833333,0
SHP0873,Madurai,Mumbai,Coimbatore,2026-01-27 12:22:00,2026-01-27 19:36:18.645963,2026-01-27 21:05:32.339533,2026-01-29 01:28:15.707141,37.1,Road,On Time,15,7.2385127675,1.4871371027777778,28.378713224444443,37.10436309472222,0
SHP0874,Chennai,Kochi,Hyderabad,2026-02-05 23:31:00,2026-02-06 02:00:35.537612,2026-02-06 04:38:16.191943,2026-02-06 15:39:18.241209,16.14,Road,On Time,12,2.4932048922222223,2.627959536388889,11.017235907222222,16.13840033583333,0
SHP0875,Bengaluru,Mumbai,Hyderabad,2026-03-02 19:17:00,2026-03-03 06:53:20.731827,2026-03-03 14:51:13.899920,2026-03-03 22:02:03.438756,26.75,Road,On Time,29,11.605758840833333,7.964768914722223,7.180427454444445,26.75095521,0
SHP0876,Madurai,Pune,Coimbatore,2026-05-22 06:28:00,2026-05-22 10:54:30.790811,2026-05-22 13:14:43.013098,2026-05-22 20:27:15.396141,13.99,Road,On Time,13,4.441886336388889,2.336728413055556,7.208995289722223,13.987610039166666,0
SHP0877,Pune,Kochi,Chennai,2026-05-03 22:58:00,2026-05-04 03:51:32.060019,2026-05-04 14:11:41.420181,2026-05-04 20:14:08.325488,21.27,Road,On Time,14,4.892238894166667,10.335933378333333,6.040807029722222,21.268979302222224,0
SHP0878,Hyderabad,Madurai,Chennai,2026-04-24 02:49:00,2026-04-24 18:03:46.595579,2026-04-25 00:08:55.413602,2026-04-25 13:33:56.412955,34.75,Air,Delayed,25,15.246276549722223,6.085782784166667,13.416944264722222,34.74900359861111,1
SHP0879,Salem,Salem,Chennai,2026-06-07 12:19:00,2026-06-07 17:25:52.166348,2026-06-08 04:51:44.720688,2026-06-10 09:35:47.138347,69.28,Rail,Delayed,24,5.114490652222222,11.431265094444445,52.73400490527778,69.27976065194444,1
SHP0880,Chennai,Pune,Bengaluru,2026-05-03 09:07:00,2026-05-03 11:07:58.424400,2026-05-03 16:05:13.660944,2026-05-03 18:05:13.660944,8.97,Air,On Time,15,2.016229,4.954232373333333,2.0,8.970461373333332,0
SHP0881,Kochi,Bengaluru,Coimbatore,2026-04-27 22:41:00,2026-04-28 02:25:37.824814,2026-04-28 08:47:30.559111,2026-04-28 22:54:28.042416,24.22,Road,On Time,12,3.743840226111111,6.364648415833333,14.115967584722222,24.224456226666664,0
SHP0882,Hyderabad,Bengaluru,Hyderabad,2026-01-24 15:39:00,2026-01-24 21:32:06.920836,2026-01-25 01:00:45.780916,2026-01-26 02:09:36.516936,34.51,Road,On Time,9,5.885255787777778,3.4774611333333336,25.14742667222222,34.51014359333333,0
SHP0883,Hyderabad,Pune,Coimbatore,2026-03-31 23:22:00,2026-04-01 01:52:58.984513,2026-04-01 03:43:12.968761,2026-04-02 18:54:54.100344,43.55,Rail,On Time,18,2.516384586944444,1.8372178466666667,39.19475877305556,43.54836120666667,0
SHP0884,Kochi,Salem,Chennai,2026-01-08 12:02:00,2026-01-08 20:47:14.655219,2026-01-09 00:11:53.147513,2026-01-11 19:57:06.107190,79.92,Road,Delayed,13,8.754070894166667,3.4106923038888888,67.75359991027779,79.91836310833334,1
SHP0885,Bengaluru,Chennai,Chennai,2026-05-27 23:20:00,2026-05-28 11:25:44.872759,2026-05-28 14:18:03.666204,2026-05-31 04:29:36.594416,77.16,Rail,Delayed,4,12.09579798861111,2.8718870680555555,62.19248005888889,77.16016511555556,1
SHP0886,Chennai,Madurai,Mumbai,2026-02-10 05:45:00,2026-02-10 11:57:21.582580,2026-02-10 17:58:02.761032,2026-02-15 13:17:26.159575,127.54,Rail,Delayed,20,6.205995161111111,6.011438458888889,115.32316626194444,127.54059988194444,1
SHP0887,Bengaluru,Coimbatore,Hyderabad,2026-02-08 16:05:00,2026-02-08 19:45:26.347291,2026-02-08 21:40:48.117799,2026-02-10 08:11:13.570165,40.1,Road,On Time,23,3.673985358611111,1.9227140299999999,34.50707010166666,40.103769490277784,0
SHP0888,Chennai,Delhi,Bengaluru,2026-04-10 20:28:00,2026-04-11 06:50:36.295043,2026-04-11 13:37:13.912685,2026-04-12 12:58:18.359194,40.51,Road,On Time,28,10.376748623055555,6.777116011666667,23.35123514138889,40.50509977611111,0
SHP0889,Pune,Hyderabad,Bengaluru,2026-03-27 09:22:00,2026-03-27 13:35:55.652568,2026-03-27 18:37:58.552167,2026-03-28 04:36:58.871927,19.25,Road,On Time,8,4.232125713333333,5.0341387775,9.983422155555555,19.249686646388888,0
SHP0890,Coimbatore,Kochi,Hyderabad,2026-04-05 05:41:00,2026-04-05 07:57:42.594682,2026-04-05 16:28:48.599848,2026-04-06 04:10:23.730409,22.49,Air,Delayed,20,2.278498522777778,8.518334768333332,11.6930918225,22.48992511361111,1
SHP0891,Salem,Kochi,Chennai,2026-02-18 20:25:00,2026-02-19 07:49:56.216952,2026-02-19 09:35:13.478830,2026-02-20 20:50:25.537297,48.42,Road,Delayed,11,11.415615820000001,1.754794966111111,35.25334957416666,48.423760360277775,1
SHP0892,Salem,Hyderabad,Hyderabad,2026-03-05 06:47:00,2026-03-05 16:42:15.282414,2026-03-05 19:52:35.459171,2026-03-08 13:44:20.461197,78.96,Road,Delayed,25,9.920911781666668,3.1722713213888887,65.86250056277778,78.95568366583333,1
SHP0893,Kochi,Madurai,Chennai,2026-04-09 20:47:00,2026-04-09 23:15:22.447090,2026-04-10 01:25:44.464439,2026-04-11 01:13:48.833550,28.45,Road,On Time,8,2.4729019694444445,2.1727825969444443,23.801213641944447,28.446898208333334,0
SHP0894,Chennai,Madurai,Coimbatore,2026-01-22 07:21:00,2026-01-22 10:57:04.742392,2026-01-22 13:05:02.704875,2026-01-24 07:01:14.650673,47.67,Road,Delayed,12,3.6013173311111113,2.132767356388889,41.93665161055556,47.67073629805555,1
SHP0895,Coimbatore,Kochi,Hyderabad,2026-04-06 12:52:00,2026-04-06 23:39:03.899166,2026-04-07 01:39:42.192362,2026-04-07 07:30:00.300222,18.63,Road,On Time,14,10.784416435,2.010636998888889,5.838363294444444,18.633416728333334,0
SHP0896,Chennai,Coimbatore,Hyderabad,2026-01-26 17:16:00,2026-01-26 19:37:16.788003,2026-01-26 21:12:03.479370,2026-01-28 09:53:40.479185,40.63,Road,On Time,18,2.3546633341666667,1.5796364908333334,36.69361105972222,40.627910884722226,0
SHP0897,Pune,Madurai,Coimbatore,2026-02-08 00:27:00,2026-02-08 03:54:18.449692,2026-02-08 08:53:54.110883,2026-02-09 16:50:29.435295,40.39,Road,On Time,20,3.4551249144444447,4.993239219722222,31.94314567,40.39150980416667,0
SHP0898,Chennai,Coimbatore,Coimbatore,2026-06-19 19:32:00,2026-06-19 22:09:31.899833,2026-06-19 22:59:50.319786,2026-06-20 18:15:20.939836,22.72,Road,On Time,5,2.625527731388889,0.8384499869444445,19.258505569444445,22.72248328777778,0
SHP0899,Bengaluru,Madurai,Bengaluru,2026-02-09 09:24:00,2026-02-09 11:30:57.345783,2026-02-09 14:36:52.029229,2026-02-12 12:54:12.952274,75.5,Road,Delayed,4,2.1159293841666664,3.0985231794444443,70.28914529027777,75.50359785388888,1
SHP0900,Pune,Coimbatore,Chennai,2026-02-07 22:14:00,2026-02-08 11:11:27.873740,2026-02-08 19:08:43.249967,2026-02-10 17:06:24.026948,66.87,Road,Delayed,13,12.957742705555557,7.954271174166667,45.96132693916667,66.87334081888889,1
SHP0901,Kochi,Hyderabad,Chennai,2026-05-11 03:20:00,2026-05-11 09:10:41.407747,2026-05-11 12:45:50.313594,2026-05-12 12:23:37.131500,33.06,Road,On Time,10,5.844835485277778,3.5858071797222224,23.629671640555554,33.06031430555556,0
SHP0902,Chennai,Coimbatore,Bengaluru,2026-03-02 19:21:00,2026-03-03 01:37:38.840355,2026-03-03 05:39:58.828217,2026-03-04 14:49:43.357292,43.48,Rail,On Time,2,6.277455654166666,4.038885517222222,33.1623691875,43.47871035888889,0
SHP0903,Bengaluru,Kochi,Coimbatore,2026-03-27 23:38:00,2026-03-28 02:07:17.469740,2026-03-28 06:43:19.585257,2026-03-28 10:10:55.639384,10.55,Rail,On Time,20,2.4881860388888892,4.600587643611111,3.4600150352777774,10.548788717777779,0
SHP0904,Bengaluru,Pune,Chennai,2026-05-14 06:31:00,2026-05-14 10:25:11.495640,2026-05-14 17:31:16.451363,2026-05-15 11:06:18.657691,28.59,Road,On Time,15,3.903193233333333,7.101376589722222,17.583946202222222,28.588516025277777,0
SHP0905,Kochi,Hyderabad,Bengaluru,2026-02-12 20:16:00,2026-02-13 10:12:10.879018,2026-02-13 14:53:07.255928,2026-02-14 18:20:53.534202,46.08,Road,Delayed,23,13.936355282777777,4.682326919444444,27.46285507611111,46.081537278333336,1
SHP0906,Kochi,Mumbai,Mumbai,2026-05-11 10:19:00,2026-05-11 11:06:08.922377,2026-05-11 21:00:40.156594,2026-05-12 22:59:21.837384,36.67,Rail,On Time,5,0.7858117713888888,9.908676171388889,25.978244663888887,36.67273260666667,0
SHP0907,Kochi,Mumbai,Hyderabad,2026-02-17 23:02:00,2026-02-18 02:43:39.359440,2026-02-18 07:05:27.939339,2026-02-23 17:45:43.664112,138.73,Rail,Delayed,12,3.694266511111111,4.363494416388889,130.67103465916668,138.72879558666668,1
SHP0908,Madurai,Bengaluru,Coimbatore,2026-04-29 19:20:00,2026-04-30 03:06:20.317844,2026-04-30 07:19:14.993295,2026-05-04 01:38:34.013891,102.31,Rail,Delayed,29,7.772310512222223,4.215187625277777,90.32195016555556,102.30944830305556,1
SHP0909,Kochi,Bengaluru,Coimbatore,2026-02-11 15:09:00,2026-02-11 17:33:38.545161,2026-02-11 21:41:49.435726,2026-02-12 09:58:22.472070,18.82,Rail,On Time,8,2.4107069891666666,4.136358490277778,12.275843428888889,18.822908908333336,0
SHP0910,Salem,Mumbai,Bengaluru,2026-03-14 22:47:00,2026-03-15 08:06:31.607071,2026-03-15 10:42:59.220642,2026-03-15 22:10:16.417557,23.39,Road,On Time,30,9.32544640861111,2.6076704363888887,11.454776920833334,23.387893765833333,0
SHP0911,Pune,Delhi,Mumbai,2026-02-15 07:23:00,2026-02-15 12:16:51.191651,2026-02-15 18:46:38.284197,2026-02-17 18:46:00.779851,59.38,Rail,Delayed,2,4.897553236388889,6.496414596111111,47.98958212611111,59.38354995861111,1
SHP0912,Salem,Chennai,Bengaluru,2026-04-11 17:01:00,2026-04-11 20:54:04.290322,2026-04-12 04:14:36.757204,2026-04-12 16:10:23.870919,23.16,Air,Delayed,29,3.8845250894444447,7.3423519116666665,11.929753809722222,23.15663081083333,1
SHP0913,Chennai,Pune,Bengaluru,2026-06-18 18:57:00,2026-06-18 23:27:59.226883,2026-06-19 01:46:59.646214,2026-06-19 21:57:06.910182,27.0,Road,On Time,13,4.516451911944444,2.3167831475,20.168684435555555,27.001919495000003,0
SHP0914,Pune,Mumbai,Coimbatore,2026-02-22 23:01:00,2026-02-23 02:09:12.564590,2026-02-23 04:18:03.736445,2026-02-25 08:56:53.347766,57.93,Road,Delayed,24,3.136823497222222,2.1475477375,52.64711425583334,57.93148549055555,1
SHP0915,Coimbatore,Mumbai,Bengaluru,2026-05-18 02:58:00,2026-05-18 07:00:24.907778,2026-05-18 15:46:02.346488,2026-05-19 04:53:16.538724,25.92,Road,On Time,7,4.040252160555556,8.760399641666666,13.120608954444446,25.921260756666666,0
SHP0916,Hyderabad,Bengaluru,Hyderabad,2026-01-24 01:04:00,2026-01-24 08:01:21.395032,2026-01-24 13:25:00.681153,2026-01-26 01:18:33.317876,48.24,Road,Delayed,23,6.955943064444445,5.3942461447222225,35.892399089722225,48.24258829888888,1
SHP0917,Kochi,Chennai,Chennai,2026-01-09 18:07:00,2026-01-10 03:24:51.655169,2026-01-10 06:12:22.076146,2026-01-10 09:32:45.481441,15.43,Road,On Time,19,9.297681991388888,2.791783604722222,3.339834804166667,15.429300400277778,0
SHP0918,Hyderabad,Pune,Coimbatore,2026-02-02 18:53:00,2026-02-02 22:41:28.640315,2026-02-03 03:35:22.832067,2026-02-03 15:56:50.598066,21.06,Road,On Time,2,3.8079556430555557,4.898386597777778,12.357712777500002,21.064055018333335,0
SHP0919,Madurai,Delhi,Coimbatore,2026-01-12 18:25:00,2026-01-13 00:14:24.161387,2026-01-13 01:57:36.142710,2026-01-15 03:08:37.600118,56.73,Road,Delayed,24,5.823378163055556,1.7199948119444444,49.18373816888889,56.72711114388889,1
SHP0920,Chennai,Hyderabad,Coimbatore,2026-05-14 07:34:00,2026-05-14 10:09:09.960713,2026-05-14 13:35:19.712497,2026-05-15 11:26:24.878438,27.87,Road,On Time,9,2.5861001980555556,3.4360421622222224,21.85143498361111,27.87357734388889,0
SHP0921,Bengaluru,Delhi,Hyderabad,2026-02-07 08:47:00,2026-02-07 22:59:15.924673,2026-02-08 07:08:32.087393,2026-02-09 11:19:24.097292,50.54,Rail,On Time,27,14.204423520277778,8.154489644444444,28.18111386083333,50.54002702555555,0
SHP0922,Salem,Salem,Bengaluru,2026-06-24 23:07:00,2026-06-25 09:18:09.129121,2026-06-25 12:54:09.512680,2026-06-26 05:36:17.822093,30.49,Road,On Time,15,10.185869200277777,3.6001065441666666,16.702308170277778,30.48828391472222,0
SHP0923,Kochi,Chennai,Coimbatore,2026-02-15 12:51:00,2026-02-15 21:41:45.630329,2026-02-16 00:18:30.543149,2026-02-20 01:48:32.148756,108.96,Rail,Delayed,17,8.846008424722221,2.612475783333333,97.50044600194444,108.95893020999999,1
SHP0924,Kochi,Hyderabad,Coimbatore,2026-03-19 10:31:00,2026-03-19 18:43:35.691547,2026-03-19 19:54:59.032532,2026-03-21 07:30:25.189343,44.99,Rail,On Time,16,8.20991431861111,1.1898169402777776,35.590599114166665,44.990330373055556,0
SHP0925,Kochi,Hyderabad,Bengaluru,2026-01-10 14:53:00,2026-01-10 17:36:40.592524,2026-01-10 19:18:00.016474,2026-01-14 02:10:14.803682,83.29,Road,Delayed,8,2.7279423677777777,1.688728875,78.87077422444445,83.28744546722223,1
SHP0926,Bengaluru,Chennai,Coimbatore,2026-02-21 11:57:00,2026-02-21 16:28:22.414004,2026-02-21 18:54:48.934103,2026-02-24 03:32:32.953145,63.59,Road,Delayed,19,4.522892778888889,2.4407000274999997,56.62889417833333,63.59248698472222,1
SHP0927,Pune,Madurai,Coimbatore,2026-06-18 13:38:00,2026-06-18 18:31:38.337593,2026-06-18 22:16:41.416619,2026-06-19 09:50:15.419009,20.2,Road,On Time,24,4.893982664722222,3.7508552849999997,11.559445108333334,20.204283058055555,0
SHP0928,Salem,Mumbai,Coimbatore,2026-03-29 19:41:00,2026-03-30 00:33:18.940407,2026-03-30 04:29:45.745608,2026-03-31 06:03:38.066552,34.38,Road,On Time,22,4.871927890833333,3.9407792225,25.564533595555556,34.37724070888889,0
SHP0929,Bengaluru,Hyderabad,Coimbatore,2026-04-17 19:25:00,2026-04-18 01:44:01.513159,2026-04-18 06:24:10.498004,2026-04-18 23:14:50.728581,27.83,Road,On Time,7,6.317086988611111,4.669162456944444,16.844508493611112,27.830757939166666,0
SHP0930,Salem,Salem,Mumbai,2026-06-29 09:20:00,2026-06-29 13:19:19.587235,2026-06-29 19:14:16.393417,2026-06-30 03:02:53.606251,17.71,Road,On Time,7,3.988774231944445,5.915779495,7.8103368983333334,17.71489062527778,0
SHP0931,Hyderabad,Chennai,Bengaluru,2026-05-10 21:59:00,2026-05-11 04:33:06.107531,2026-05-11 08:27:44.604949,2026-05-11 16:32:52.986649,18.56,Air,On Time,17,6.568363203055556,3.9106937272222226,8.085661583333334,18.564718513611112,0
SHP0932,Chennai,Pune,Mumbai,2026-04-19 16:56:00,2026-04-20 04:37:48.580769,2026-04-20 06:39:27.895956,2026-04-20 13:55:43.531442,21.0,Air,On Time,12,11.696827991388888,2.0275875519444444,7.271009857222222,20.995425400555558,0
SHP0933,Coimbatore,Salem,Mumbai,2026-03-22 07:54:00,2026-03-22 15:45:25.594010,2026-03-22 18:13:27.505021,2026-03-23 19:35:17.143209,35.69,Road,On Time,21,7.857109447222222,2.4671975030555555,25.363788385555555,35.68809533583333,0
SHP0934,Pune,Salem,Hyderabad,2026-01-30 01:35:00,2026-01-30 08:37:57.852579,2026-01-30 15:21:47.409768,2026-02-01 05:35:04.013690,52.0,Road,Delayed,18,7.049403494166667,6.7304325525,38.221278867222225,52.001114913888884,1
SHP0935,Bengaluru,Bengaluru,Bengaluru,2026-06-03 12:15:00,2026-06-03 19:55:09.605877,2026-06-04 00:15:58.043530,2026-06-04 08:06:50.690917,19.86,Road,On Time,28,7.669334965833333,4.346788236944445,7.847957607500001,19.864080810277777,0
SHP0936,Chennai,Chennai,Hyderabad,2026-03-12 16:31:00,2026-03-12 22:54:24.810158,2026-03-13 01:30:25.216488,2026-03-13 05:17:03.579922,12.77,Road,On Time,17,6.390225043888889,2.600112869444444,3.7773231761111115,12.767661089444443,0
SHP0937,Salem,Chennai,Mumbai,2026-02-20 03:57:00,2026-02-20 11:56:34.251305,2026-02-20 16:31:43.285808,2026-02-20 20:37:26.028436,16.67,Air,On Time,14,7.992847584722223,4.5858429175,4.095206285555555,16.673896787777778,0
SHP0938,Coimbatore,Salem,Mumbai,2026-01-30 22:58:00,2026-01-31 03:21:17.306217,2026-01-31 08:41:47.120799,2026-02-01 13:23:36.712912,38.43,Road,On Time,19,4.388140615833334,5.341615161666667,28.69710892027778,38.42686469777777,0
SHP0939,Bengaluru,Hyderabad,Coimbatore,2026-04-07 08:07:00,2026-04-07 12:01:54.810638,2026-04-07 13:31:08.649552,2026-04-08 23:29:35.114745,39.38,Road,On Time,2,3.9152251772222226,1.4871774761111112,33.974018109166664,39.3764207625,0
SHP0940,Chennai,Hyderabad,Chennai,2026-03-13 20:17:00,2026-03-13 23:27:03.635302,2026-03-14 02:30:16.273129,2026-03-15 00:29:57.466930,28.22,Rail,On Time,13,3.167676472777778,3.0535105075,21.994776055833334,28.21596303611111,0
SHP0941,Coimbatore,Chennai,Coimbatore,2026-06-23 01:09:00,2026-06-23 10:28:05.946503,2026-06-23 16:45:37.588157,2026-06-24 14:24:27.937133,37.26,Road,On Time,7,9.318318473055555,6.292122681666666,21.64731916,37.25776031472222,0
SHP0942,Kochi,Salem,Hyderabad,2026-01-20 01:24:00,2026-01-20 07:48:17.927763,2026-01-20 12:42:40.826538,2026-01-22 02:15:04.557433,48.85,Road,Delayed,28,6.404979934166667,4.906360770833333,37.539925248611105,48.85126595361111,1
SHP0943,Salem,Pune,Chennai,2026-06-26 23:22:00,2026-06-27 03:44:42.474471,2026-06-27 07:50:07.981196,2026-07-04 09:30:40.557752,178.14,Rail,Delayed,12,4.378465130833333,4.090418534722222,169.67571571000002,178.14459937555557,1
SHP0944,Pune,Mumbai,Coimbatore,2026-03-19 01:48:00,2026-03-19 04:15:21.692548,2026-03-19 07:04:40.190053,2026-03-21 05:33:45.429296,51.76,Road,Delayed,8,2.456025707777778,2.8218048624999996,46.48478867861111,51.76261924888888,1
SHP0945,Pune,Kochi,Mumbai,2026-05-15 22:20:00,2026-05-16 01:56:27.503240,2026-05-16 07:56:28.392465,2026-05-16 16:17:09.172647,17.95,Rail,On Time,24,3.6076397888888887,6.000247006944444,8.344661161666666,17.9525479575,0
SHP0946,Pune,Bengaluru,Coimbatore,2026-06-30 04:06:00,2026-06-30 13:16:22.561926,2026-06-30 17:45:22.909061,2026-07-01 13:19:21.640839,33.22,Road,On Time,18,9.172933868333335,4.483429759722222,19.56631438277778,33.222678010833334,0
SHP0947,Kochi,Salem,Hyderabad,2026-04-02 18:44:00,2026-04-03 00:06:49.526656,2026-04-03 01:35:40.531787,2026-04-03 12:22:36.046662,17.64,Road,On Time,13,5.38042407111111,1.480834758611111,10.782087465277778,17.643346295,0
SHP0948,Coimbatore,Hyderabad,Hyderabad,2026-01-15 06:49:00,2026-01-15 10:17:26.932757,2026-01-15 12:56:36.573917,2026-01-17 06:21:29.358765,47.54,Rail,On Time,13,3.474147988055556,2.6526780999999997,41.41466245777778,47.54148854583334,0
SHP0949,Bengaluru,Delhi,Chennai,2026-02-18 06:56:00,2026-02-18 17:49:15.438893,2026-02-18 21:42:31.384388,2026-02-19 14:20:48.003367,31.41,Rail,On Time,29,10.887621914722223,3.8877626375,16.63794971638889,31.41333426861111,0
SHP0950,Chennai,Coimbatore,Chennai,2026-02-14 21:57:00,2026-02-15 08:53:19.689618,2026-02-15 15:50:14.493470,2026-02-18 16:00:04.043092,90.05,Road,Delayed,22,10.938802671666666,6.948556625555556,72.16376378388888,90.05112308111111,1
SHP0951,Coimbatore,Salem,Chennai,2026-05-11 20:25:00,2026-05-12 15:51:56.577033,2026-05-12 18:14:47.582912,2026-05-13 01:22:39.150359,28.96,Rail,On Time,26,19.44904917583333,2.380834966388889,7.130990957500001,28.960875099722223,0
SHP0952,Kochi,Pune,Bengaluru,2026-02-14 11:59:00,2026-02-14 17:08:18.813584,2026-02-14 20:04:52.851838,2026-02-16 15:38:04.035492,51.65,Road,Delayed,13,5.155225995555555,2.9427884038888887,43.553106570555556,51.65112097,1
SHP0953,Coimbatore,Bengaluru,Chennai,2026-04-17 01:46:00,2026-04-17 12:33:06.049391,2026-04-17 15:39:13.810670,2026-04-18 04:07:45.959105,26.36,Rail,On Time,28,10.785013719722222,3.1021559108333334,12.4755967875,26.362766418055557,0
SHP0954,Pune,Chennai,Bengaluru,2026-04-26 01:58:00,2026-04-26 09:48:51.586268,2026-04-26 11:04:19.333239,2026-04-27 00:10:30.640039,22.21,Road,On Time,3,7.847662852222222,1.2577074919444444,13.103140777777778,22.208511121944447,0
SHP0955,Chennai,Madurai,Chennai,2026-05-14 08:59:00,2026-05-14 16:43:47.174165,2026-05-15 02:22:57.555781,2026-05-15 12:34:06.862272,27.59,Road,On Time,29,7.746437268055556,9.652883782222222,10.185918469722223,27.58523952,0
SHP0956,Pune,Chennai,Chennai,2026-02-19 21:07:00,2026-02-20 05:04:50.662196,2026-02-20 08:47:09.080151,2026-02-21 03:41:24.670880,30.57,Road,On Time,20,7.9640728322222225,3.705116098611111,18.904330758055558,30.57351968888889,0
SHP0957,Salem,Hyderabad,Hyderabad,2026-04-22 14:21:00,2026-04-22 17:31:11.558182,2026-04-22 18:24:25.252192,2026-04-23 02:06:56.340811,11.77,Rail,On Time,4,3.1698772727777778,0.887137225,7.7086357275,11.765650225277778,0
SHP0958,Kochi,Kochi,Coimbatore,2026-05-13 21:16:00,2026-05-14 01:27:17.682900,2026-05-14 12:33:31.866875,2026-05-15 01:38:07.848003,28.37,Road,On Time,8,4.18824525,11.103939993055555,13.076661424444444,28.3688466675,0
SHP0959,Kochi,Madurai,Coimbatore,2026-03-14 09:15:00,2026-03-14 16:46:29.741079,2026-03-14 18:03:36.322827,2026-03-17 00:00:13.728832,62.75,Rail,Delayed,3,7.5249280775,1.2851615966666665,53.943723890277774,62.75381356444444,1
SHP0960,Bengaluru,Salem,Coimbatore,2026-02-27 10:33:00,2026-02-27 15:11:26.178505,2026-02-27 18:20:30.520372,2026-03-01 09:17:24.739617,46.74,Rail,On Time,25,4.640605140277778,3.1512060741666663,38.948394234722215,46.74020544916667,0
SHP0961,Bengaluru,Madurai,Bengaluru,2026-05-02 22:41:00,2026-05-03 02:02:18.115931,2026-05-03 08:38:32.743499,2026-05-05 08:39:34.824382,57.98,Road,Delayed,28,3.3550322030555555,6.604063213333333,48.01724468972222,57.97634010611111,1
SHP0962,Hyderabad,Chennai,Chennai,2026-02-02 09:07:00,2026-02-02 18:59:47.345435,2026-02-02 22:21:47.841298,2026-02-03 08:21:51.102438,23.25,Road,On Time,13,9.87981817638889,3.366804406388889,10.000905872222223,23.247528455,0
SHP0963,Coimbatore,Hyderabad,Chennai,2026-03-01 00:15:00,2026-03-01 13:46:47.564936,2026-03-01 18:57:04.974996,2026-03-02 09:40:10.330149,33.42,Road,On Time,24,13.52987914888889,5.171502794444444,14.718154209166666,33.4195361525,0
SHP0964,Salem,Chennai,Chennai,2026-01-18 07:01:00,2026-01-19 00:34:28.832393,2026-01-19 04:32:32.045783,2026-01-20 05:16:15.635939,46.25,Road,Delayed,27,17.558008998055556,3.967559275,24.728775043333336,46.25434331638889,1
SHP0965,Hyderabad,Mumbai,Bengaluru,2026-05-05 02:45:00,2026-05-05 13:12:25.250136,2026-05-05 20:56:06.027087,2026-05-08 18:38:48.946752,87.9,Road,Delayed,16,10.457013926666667,7.7279935975,69.71192212916667,87.89692965333334,1
SHP0966,Coimbatore,Salem,Bengaluru,2026-04-03 02:42:00,2026-04-03 16:16:49.421596,2026-04-03 22:53:25.768657,2026-04-04 08:44:56.724725,30.05,Rail,On Time,29,13.580394887777778,6.610096405833334,9.858598907777777,30.049090201388886,0
SHP0967,Kochi,Delhi,Bengaluru,2026-01-03 16:41:00,2026-01-03 21:16:38.959859,2026-01-03 21:46:38.959859,2026-01-06 06:04:54.345466,61.4,Road,Delayed,2,4.594155516388889,0.5,56.30427377972222,61.39842929611111,1
SHP0968,Kochi,Hyderabad,Coimbatore,2026-01-31 08:55:00,2026-01-31 15:50:16.040850,2026-01-31 17:56:44.406877,2026-02-01 03:19:16.949216,18.4,Road,On Time,16,6.9211224583333335,2.1078794519444446,9.375706205277778,18.404708115555554,0
SHP0969,Coimbatore,Chennai,Hyderabad,2026-01-17 13:39:00,2026-01-17 19:04:40.753579,2026-01-18 01:29:27.313579,2026-01-18 07:46:46.466017,18.13,Road,On Time,28,5.4279871052777775,6.412933333333334,6.288653455,18.12957389361111,0
SHP0970,Salem,Delhi,Hyderabad,2026-02-20 13:29:00,2026-02-21 01:43:58.757730,2026-02-21 05:36:34.609348,2026-02-22 23:13:15.429033,57.74,Road,Delayed,11,12.249654925,3.8766254494444445,41.61133880138889,57.73761917583333,1
SHP0971,Salem,Kochi,Hyderabad,2026-01-05 01:39:00,2026-01-05 13:31:26.309884,2026-01-05 18:08:30.135252,2026-01-06 10:53:13.281764,33.24,Road,On Time,28,11.873974967777778,4.61772926888889,16.745318475555557,33.23702271222222,0
SHP0972,Coimbatore,Hyderabad,Hyderabad,2026-03-01 10:54:00,2026-03-01 22:04:36.863536,2026-03-02 00:09:17.762061,2026-03-09 19:48:02.042648,200.9,Rail,Delayed,28,11.176906537777777,2.0780273680555554,187.64563349638888,200.9005674022222,1
SHP0973,Chennai,Pune,Hyderabad,2026-05-31 22:44:00,2026-06-01 11:05:08.342503,2026-06-01 15:05:34.323126,2026-06-03 21:58:18.679521,71.24,Road,Delayed,26,12.352317361944444,4.007216839722222,54.8789878875,71.23852208916666,1
SHP0974,Bengaluru,Pune,Bengaluru,2026-05-22 20:31:00,2026-05-23 09:20:40.465640,2026-05-23 17:26:06.125188,2026-05-25 03:30:16.282096,54.99,Road,Delayed,27,12.827907122222223,8.090460985555556,34.06948803,54.98785613777778,1
SHP0975,Salem,Kochi,Bengaluru,2026-05-25 00:09:00,2026-05-25 13:41:50.932946,2026-05-25 17:54:46.187282,2026-05-27 00:44:28.185717,48.59,Road,Delayed,21,13.547481373888889,4.215348426666667,30.828332898611112,48.59116269916666,1
SHP0976,Pune,Kochi,Coimbatore,2026-05-26 02:03:00,2026-05-26 09:13:24.701559,2026-05-26 11:37:03.330472,2026-05-27 02:37:42.080649,24.58,Air,Delayed,7,7.173528210833334,2.3940635869444447,15.010763938055556,24.57835573583333,1
SHP0977,Chennai,Hyderabad,Coimbatore,2026-04-15 03:31:00,2026-04-15 08:24:19.692789,2026-04-15 14:33:07.932220,2026-04-15 19:13:13.068335,15.7,Road,On Time,30,4.8888035525,6.146733175277778,4.6680933652777785,15.703630093055557,0
SHP0978,Chennai,Coimbatore,Bengaluru,2026-05-21 05:20:00,2026-05-21 11:45:47.501973,2026-05-21 15:44:40.945157,2026-05-21 21:51:06.038919,16.52,Road,On Time,14,6.429861659166666,3.9815119955555556,6.1069704894444445,16.518344144166665,0
SHP0979,Hyderabad,Salem,Coimbatore,2026-05-01 17:20:00,2026-05-02 01:17:26.623681,2026-05-02 04:17:29.739667,2026-05-04 21:55:50.942393,76.6,Rail,Delayed,3,7.957395466944445,3.0008655516666667,65.63922297944444,76.59748399805555,1
SHP0980,Chennai,Salem,Chennai,2026-05-05 02:44:00,2026-05-05 17:06:29.626354,2026-05-05 22:59:10.259676,2026-05-09 01:27:55.506331,94.73,Road,Delayed,1,14.374896209444444,5.8779537005555555,74.47923518194445,94.73208509194444,1
SHP0981,Pune,Bengaluru,Bengaluru,2026-03-30 15:33:00,2026-03-30 16:43:18.838068,2026-03-31 00:06:13.900554,2026-03-31 08:21:42.337521,16.81,Road,On Time,11,1.1718994633333333,7.381961801666666,8.2578991575,16.8117604225,0
SHP0982,Salem,Bengaluru,Bengaluru,2026-02-08 18:17:00,2026-02-09 06:35:14.664698,2026-02-09 12:26:47.941020,2026-02-11 06:51:47.401211,60.58,Rail,Delayed,22,12.304073527222222,5.859243422777778,42.41651671972222,60.57983366972222,1
SHP0983,Madurai,Salem,Bengaluru,2026-01-15 07:55:00,2026-01-15 13:32:46.060589,2026-01-15 16:11:15.427737,2026-01-17 08:02:41.335763,48.13,Rail,On Time,16,5.629461274722223,2.641490874444444,39.857196673888886,48.12814882305556,0
SHP0984,Bengaluru,Madurai,Hyderabad,2026-06-19 02:46:00,2026-06-19 10:24:23.529792,2026-06-19 11:17:34.842846,2026-06-20 08:50:13.648271,30.07,Road,On Time,9,7.639869386666667,0.8864758483333334,21.544112618055554,30.070457853055554,0
SHP0985,Hyderabad,Delhi,Coimbatore,2026-02-26 06:55:00,2026-02-26 10:20:32.497289,2026-02-26 12:13:28.373985,2026-02-28 11:19:39.589559,52.41,Road,Delayed,23,3.425693691388889,1.8821879711111111,47.10311543722222,52.410997099722216,1
SHP0986,Salem,Coimbatore,Coimbatore,2026-01-20 09:19:00,2026-01-20 11:03:44.638099,2026-01-20 15:18:57.231237,2026-01-22 21:31:39.379219,60.21,Rail,Delayed,10,1.7457328052777776,4.253498093888889,54.21170777277778,60.21093867194444,1
SHP0987,Pune,Chennai,Coimbatore,2026-05-26 19:50:00,2026-05-27 00:16:55.319926,2026-05-27 03:59:39.554749,2026-05-27 11:27:36.052953,15.63,Road,On Time,26,4.448699979444444,3.7122874508333337,7.4656939455555555,15.626681375833332,0
SHP0988,Chennai,Coimbatore,Hyderabad,2026-02-21 01:11:00,2026-02-21 05:52:52.544397,2026-02-21 08:46:11.734862,2026-02-21 23:30:31.951844,22.33,Road,On Time,18,4.697928999166667,2.8886640180555556,14.738949161666666,22.325542178888888,0
SHP0989,Coimbatore,Mumbai,Bengaluru,2026-04-06 08:47:00,2026-04-06 10:18:20.040817,2026-04-06 12:16:11.420509,2026-04-10 00:35:06.917761,87.8,Rail,Delayed,6,1.522233560277778,1.964272136666667,84.31541590333333,87.80192160027778,1
SHP0990,Kochi,Madurai,Chennai,2026-01-24 14:49:00,2026-01-24 20:22:20.735460,2026-01-25 02:48:37.569458,2026-01-25 04:48:37.569458,13.99,Air,On Time,20,5.55575985,6.438009443888888,2.0,13.993769293888889,0
SHP0991,Hyderabad,Salem,Chennai,2026-01-22 01:06:00,2026-01-22 09:40:46.430634,2026-01-22 17:05:12.038153,2026-01-24 03:27:38.435501,50.36,Road,Delayed,27,8.579564065,7.407113199722223,34.37399926333333,50.360676528055556,1
SHP0992,Kochi,Delhi,Coimbatore,2026-05-19 15:11:00,2026-05-19 22:35:33.079497,2026-05-20 00:03:14.425240,2026-05-20 11:35:29.418314,20.41,Road,On Time,10,7.409188749166666,1.4614849286111111,11.537498076111111,20.408171753888887,0
SHP0993,Bengaluru,Delhi,Chennai,2026-04-27 23:35:00,2026-04-28 10:10:42.229133,2026-04-28 14:02:56.904583,2026-04-29 00:21:16.264960,24.77,Road,On Time,29,10.595063648055556,3.870743180555556,10.305377882499998,24.77118471111111,0
SHP0994,Chennai,Salem,Chennai,2026-02-22 16:30:00,2026-02-23 00:59:41.557679,2026-02-23 04:15:36.415897,2026-02-26 00:03:29.647013,79.56,Road,Delayed,1,8.494877133055557,3.2652383938888887,67.79811975444444,79.55823528138889,1
SHP0995,Pune,Delhi,Coimbatore,2026-02-26 15:33:00,2026-02-26 21:17:22.979983,2026-02-27 00:55:58.911359,2026-02-27 09:18:02.964264,17.75,Road,On Time,23,5.739716661944445,3.643314271111111,8.367792473611111,17.75082340666667,0
SHP0996,Pune,Pune,Mumbai,2026-01-16 21:10:00,2026-01-17 04:18:14.386123,2026-01-17 04:57:50.304994,2026-01-17 21:25:51.381765,24.26,Road,On Time,2,7.137329478611111,0.6599774641666666,16.466965769722222,24.2642727125,0
SHP0997,Bengaluru,Bengaluru,Bengaluru,2026-01-15 11:59:00,2026-01-15 22:48:05.747173,2026-01-16 02:28:22.810467,2026-01-17 03:57:43.927585,39.98,Road,On Time,24,10.818263103611113,3.6714064705555556,25.489199199444442,39.97886877361111,0
SHP0998,Chennai,Salem,Mumbai,2026-03-25 16:23:00,2026-03-26 00:57:06.048882,2026-03-26 05:37:43.236218,2026-03-26 12:44:34.677833,20.36,Air,On Time,25,8.568346911666666,4.676996482222222,7.1142893375,20.35963273138889,0
SHP0999,Salem,Madurai,Coimbatore,2026-04-04 23:55:00,2026-04-05 06:38:00.023330,2026-04-05 08:07:14.574283,2026-04-07 15:43:34.159638,63.81,Road,Delayed,22,6.716673147222222,1.4873752647222223,55.605440376388884,63.80948878833334,1
SHP1000,Madurai,Chennai,Chennai,2026-06-28 01:43:00,2026-06-28 03:00:16.106478,2026-06-28 09:26:54.709916,2026-06-28 22:22:22.710369,20.66,Road,On Time,11,1.287807355,6.444056510555555,12.924444570277778,20.65630843583333,0
