Shipment_ID,Origin,Destination,Warehouse,Pickup_Time,Sorting_Time,Dispatch_Time,Delivery_Time,Transit_Time,Transport_Mode,Delivery_Status,Shipment_Volume
SHP0001,Chennai,Kochi,Bengaluru,2026-01-16 17:17:00,2026-01-17 00:33:42.566529,2026-01-17 04:48:57.239204,2026-01-19 21:54:00.942118,76.62,Rail,Delayed,21
SHP0002,Hyderabad,Hyderabad,Hyderabad,2026-03-23 07:59:00,2026-03-23 14:00:03.916083,2026-03-23 19:28:34.859220,2026-03-24 17:12:16.766471,33.22,Road,On Time,7
SHP0003,Chennai,Mumbai,Hyderabad,2026-05-18 00:45:00,2026-05-18 07:16:24.435907,2026-05-18 11:16:45.310488,2026-05-19 10:16:03.618757,33.52,Rail,On Time,6
SHP0004,Chennai,Coimbatore,Chennai,2026-05-04 19:35:00,2026-05-04 23:54:34.588232,2026-05-05 07:02:20.010364,2026-05-05 15:49:33.407911,20.24,Road,On Time,15
SHP0005,Hyderabad,Delhi,Hyderabad,2026-06-11 21:44:00,2026-06-12 05:57:20.400706,2026-06-12 10:54:33.899040,2026-06-13 18:06:59.542739,44.38,Road,Delayed,9
SHP0006,Bengaluru,Kochi,Hyderabad,2026-04-02 06:13:00,2026-04-02 11:21:02.130850,2026-04-02 13:35:50.016590,2026-04-02 18:28:40.437042,12.26,Road,On Time,18
SHP0007,Coimbatore,Hyderabad,Coimbatore,2026-05-24 08:01:00,2026-05-24 11:50:50.219386,2026-05-24 16:56:07.287306,2026-05-25 00:40:31.076512,16.66,Road,On Time,10
SHP0008,Hyderabad,Chennai,Chennai,2026-03-20 10:14:00,2026-03-20 16:13:05.054842,2026-03-20 23:09:29.897750,2026-03-22 10:29:16.617993,48.25,Road,Delayed,20
SHP0009,Madurai,Chennai,Chennai,2026-05-06 16:02:00,2026-05-06 21:16:56.654700,2026-05-07 03:17:47.918667,2026-05-09 11:53:32.870376,67.86,Rail,Delayed,14
SHP0010,Salem,Bengaluru,Coimbatore,2026-06-22 23:52:00,2026-06-23 01:18:53.965028,2026-06-23 04:44:41.215963,2026-06-23 23:10:24.449382,23.31,Road,On Time,3
SHP0011,Madurai,Kochi,Coimbatore,2026-05-13 21:29:00,2026-05-14 00:03:32.377293,2026-05-14 05:02:03.513651,2026-05-15 15:36:20.835907,42.12,Road,Delayed,9
SHP0012,Coimbatore,Salem,Hyderabad,2026-03-30 22:44:00,2026-03-31 05:46:47.367477,2026-03-31 14:59:49.930708,2026-04-01 05:22:34.221333,30.64,Rail,On Time,22
SHP0013,Hyderabad,Chennai,Bengaluru,2026-04-30 03:47:00,2026-04-30 16:05:05.263278,2026-04-30 18:04:58.204353,2026-05-01 12:22:06.488660,32.59,Road,On Time,5
SHP0014,Coimbatore,Pune,Chennai,2026-03-17 12:25:00,2026-03-17 20:49:57.467443,2026-03-18 10:59:37.637400,2026-03-18 22:17:54.804819,33.88,Air,Delayed,15
SHP0015,Coimbatore,Coimbatore,Chennai,2026-04-09 08:25:00,2026-04-09 13:25:45.685174,2026-04-09 22:06:03.009404,2026-04-10 20:28:22.773682,36.06,Road,On Time,16
SHP0016,Madurai,Salem,Coimbatore,2026-02-14 03:31:00,2026-02-14 16:21:17.051996,2026-02-14 22:25:38.395052,2026-02-15 07:11:07.730659,27.67,Road,On Time,20
SHP0017,Salem,Pune,Bengaluru,2026-03-25 01:20:00,2026-03-25 06:04:19.095615,2026-03-25 11:40:43.906467,2026-03-26 22:05:07.242335,44.75,Rail,On Time,25
SHP0018,Salem,Salem,Chennai,2026-06-24 17:41:00,2026-06-25 02:57:27.222879,2026-06-25 08:48:48.368112,2026-06-26 16:22:01.079647,46.68,Road,Delayed,30
SHP0019,Chennai,Kochi,Coimbatore,2026-06-09 18:47:00,2026-06-10 04:41:05.678307,2026-06-10 05:33:26.219479,2026-06-13 06:09:05.567015,83.37,Road,Delayed,3
SHP0020,Kochi,Salem,Chennai,2026-05-10 20:05:00,2026-05-11 12:12:32.076474,2026-05-11 19:38:28.183268,2026-05-12 21:04:55.590982,49.0,Road,Delayed,27
SHP0021,Kochi,Chennai,Chennai,2026-01-04 11:35:00,2026-01-04 14:22:31.945406,2026-01-04 17:14:57.845066,2026-01-05 05:13:42.226587,17.65,Road,On Time,21
SHP0022,Chennai,Kochi,Hyderabad,2026-03-20 08:10:00,2026-03-20 14:19:25.160214,2026-03-20 16:33:06.636284,2026-03-22 05:34:02.279631,45.4,Road,Delayed,4
SHP0023,Coimbatore,Madurai,Mumbai,2026-04-18 16:45:00,2026-04-19 00:16:32.692185,2026-04-19 04:50:54.651815,2026-04-23 21:29:36.518598,124.74,Road,Delayed,17
SHP0024,Salem,Mumbai,Hyderabad,2026-04-25 10:10:00,2026-04-25 17:41:48.802836,2026-04-25 20:29:06.567327,2026-04-25 23:10:36.109999,13.01,Road,On Time,24
SHP0025,Hyderabad,Hyderabad,Hyderabad,2026-02-22 10:10:00,2026-02-22 13:27:40.787893,2026-02-22 14:36:16.052232,2026-02-26 11:55:11.136483,97.75,Road,Delayed,13
SHP0026,Kochi,Kochi,Hyderabad,2026-06-08 22:39:00,2026-06-09 01:56:46.540879,2026-06-09 10:33:07.494008,2026-06-10 07:08:12.309544,32.49,Road,On Time,2
SHP0027,Coimbatore,Salem,Chennai,2026-03-24 06:26:00,2026-03-24 11:27:57.403389,2026-03-24 15:59:52.022237,2026-03-26 03:21:57.418455,44.93,Road,Delayed,4
SHP0028,Hyderabad,Bengaluru,Bengaluru,2026-05-13 17:34:00,2026-05-13 22:54:30.531887,2026-05-14 03:19:37.438255,2026-05-17 01:23:17.579769,79.82,Road,Delayed,27
SHP0029,Madurai,Chennai,Bengaluru,2026-06-11 02:07:00,2026-06-11 12:40:08.872765,2026-06-11 17:18:53.562713,2026-06-13 16:59:55.125792,62.88,Road,Delayed,4
SHP0030,Salem,Mumbai,Hyderabad,2026-04-24 06:10:00,2026-04-24 11:27:22.486076,2026-04-24 14:47:03.024332,2026-04-28 11:09:15.174364,100.99,Rail,Delayed,20
SHP0031,Hyderabad,Bengaluru,Coimbatore,2026-01-12 06:05:00,2026-01-12 07:16:22.354316,2026-01-12 15:12:15.689720,2026-01-14 13:02:26.506587,54.96,Road,Delayed,5
SHP0032,Bengaluru,Bengaluru,Coimbatore,2026-05-23 22:41:00,2026-05-24 07:05:24.748504,2026-05-24 14:20:44.379787,2026-05-27 19:11:08.721676,92.5,Road,Delayed,29
SHP0033,Salem,Delhi,Coimbatore,2026-01-14 07:03:00,2026-01-14 15:01:16.876546,2026-01-14 19:49:35.415695,2026-01-15 22:23:40.832463,39.34,Road,On Time,9
SHP0034,Pune,Chennai,Hyderabad,2026-04-05 10:20:00,2026-04-05 17:08:31.284407,2026-04-05 20:32:44.612451,2026-04-07 12:36:54.976960,50.28,Road,Delayed,29
SHP0035,Kochi,Mumbai,Chennai,2026-01-10 06:37:00,2026-01-10 13:49:32.009679,2026-01-10 19:40:40.842321,2026-01-12 03:06:26.558593,44.49,Road,Delayed,3
SHP0036,Kochi,Kochi,Bengaluru,2026-01-26 07:03:00,2026-01-26 16:55:25.801080,2026-01-27 03:02:47.537765,2026-01-29 00:50:42.693828,65.8,Road,Delayed,28
SHP0037,Salem,Hyderabad,Bengaluru,2026-05-28 07:56:00,2026-05-28 15:57:12.489249,2026-05-28 20:00:52.001216,2026-05-30 18:55:53.325227,59.0,Rail,Delayed,23
SHP0038,Coimbatore,Coimbatore,Bengaluru,2026-02-01 22:19:00,2026-02-02 02:25:44.972203,2026-02-02 09:07:55.258300,2026-02-05 22:16:41.967744,95.96,Rail,Delayed,17
SHP0039,Hyderabad,Mumbai,Chennai,2026-06-08 06:40:00,2026-06-08 09:24:26.087086,2026-06-08 12:59:12.674533,2026-06-12 01:14:50.610785,90.58,Rail,Delayed,20
SHP0040,Bengaluru,Madurai,Bengaluru,2026-01-03 10:14:00,2026-01-03 18:00:34.312081,2026-01-03 21:47:01.818522,2026-01-05 08:58:36.124713,46.74,Road,Delayed,10
SHP0041,Pune,Mumbai,Coimbatore,2026-04-23 10:43:00,2026-04-23 15:22:04.978118,2026-04-23 16:47:32.450999,2026-04-25 09:27:45.927063,46.75,Rail,On Time,3
SHP0042,Chennai,Mumbai,Coimbatore,2026-01-02 05:38:00,2026-01-02 12:09:29.262159,2026-01-02 12:51:00.891006,2026-01-02 14:51:00.891006,9.22,Road,On Time,1
SHP0043,Pune,Delhi,Mumbai,2026-06-02 13:16:00,2026-06-03 03:16:43.419488,2026-06-03 06:09:17.096334,2026-06-04 14:58:56.523966,49.72,Rail,On Time,21
SHP0044,Coimbatore,Hyderabad,Hyderabad,2026-05-27 15:34:00,2026-05-27 19:50:25.677392,2026-05-28 02:01:41.599820,2026-05-28 09:08:17.544895,17.57,Road,On Time,23
SHP0045,Chennai,Hyderabad,Chennai,2026-03-24 20:34:00,2026-03-25 08:59:42.094579,2026-03-25 12:31:38.655140,2026-03-26 09:03:25.447324,36.49,Rail,On Time,22
SHP0046,Madurai,Hyderabad,Coimbatore,2026-02-14 22:36:00,2026-02-15 04:20:38.710516,2026-02-15 11:13:44.940854,2026-02-17 17:12:02.129557,66.6,Road,Delayed,29
SHP0047,Bengaluru,Pune,Bengaluru,2026-01-24 12:43:00,2026-01-24 18:04:59.668682,2026-01-25 00:56:07.441888,2026-01-26 09:02:09.097563,44.32,Road,Delayed,4
SHP0048,Kochi,Coimbatore,Bengaluru,2026-06-21 02:17:00,2026-06-21 05:54:03.120968,2026-06-21 09:20:22.503726,2026-06-23 14:48:55.242442,60.53,Road,Delayed,18
SHP0049,Madurai,Pune,Coimbatore,2026-04-16 22:29:00,2026-04-17 06:07:12.284184,2026-04-17 12:27:14.693559,2026-04-18 13:58:37.336754,39.49,Road,On Time,20
SHP0050,Kochi,Pune,Hyderabad,2026-01-24 08:07:00,2026-01-24 14:51:18.034471,2026-01-24 17:48:51.458009,2026-01-25 10:59:31.841913,26.88,Rail,On Time,28
SHP0051,Chennai,Salem,Chennai,2026-05-29 04:32:00,2026-05-29 09:11:42.093382,2026-05-29 12:02:44.267248,2026-05-29 17:12:43.992527,12.68,Rail,On Time,2
SHP0052,Bengaluru,Delhi,Hyderabad,2026-05-08 21:38:00,2026-05-09 00:26:05.301262,2026-05-09 12:56:48.138386,2026-05-10 04:42:03.024130,31.07,Road,On Time,5
SHP0053,Salem,Kochi,Bengaluru,2026-03-02 07:16:00,2026-03-02 15:23:03.052076,2026-03-02 20:28:57.708074,2026-03-04 19:13:50.205364,59.96,Road,Delayed,1
SHP0054,Kochi,Pune,Hyderabad,2026-04-28 10:05:00,2026-04-28 20:31:11.097492,2026-04-29 04:04:17.360533,2026-04-29 14:11:07.040858,28.1,Air,Delayed,5
SHP0055,Kochi,Salem,Chennai,2026-06-19 13:55:00,2026-06-19 15:25:30.622382,2026-06-19 17:44:49.688693,2026-06-19 19:44:49.688693,5.83,Air,On Time,2
SHP0056,Madurai,Madurai,Hyderabad,2026-04-11 08:40:00,2026-04-11 14:03:28.253107,2026-04-11 18:21:59.396417,2026-04-13 12:06:17.081093,51.44,Road,Delayed,20
SHP0057,Kochi,Delhi,Bengaluru,2026-05-05 07:09:00,2026-05-05 14:10:40.675249,2026-05-05 17:14:58.740883,2026-05-06 04:42:38.686526,21.56,Rail,On Time,26
SHP0058,Hyderabad,Pune,Chennai,2026-06-29 22:15:00,2026-06-30 06:48:14.846351,2026-06-30 15:24:28.201673,2026-07-01 14:00:07.000160,39.75,Road,On Time,28
SHP0059,Pune,Coimbatore,Bengaluru,2026-04-13 05:23:00,2026-04-13 11:10:15.249118,2026-04-13 14:46:05.235537,2026-04-16 03:37:00.575109,70.23,Road,Delayed,1
SHP0060,Kochi,Kochi,Mumbai,2026-02-21 12:02:00,2026-02-21 19:02:24.359087,2026-02-22 02:26:04.589768,2026-02-22 14:49:30.455145,26.79,Rail,On Time,29
SHP0061,Kochi,Hyderabad,Mumbai,2026-01-28 23:20:00,2026-01-29 15:42:02.738434,2026-01-29 18:30:54.646582,2026-01-29 21:00:46.437475,21.68,Air,On Time,9
SHP0062,Kochi,Coimbatore,Mumbai,2026-02-28 19:07:00,2026-03-01 05:26:24.811189,2026-03-01 15:22:24.762865,2026-03-02 06:33:39.275750,35.44,Road,On Time,30
SHP0063,Bengaluru,Delhi,Chennai,2026-06-21 19:37:00,2026-06-21 22:08:01.206650,2026-06-21 23:03:18.762391,2026-06-22 11:30:09.622974,15.89,Road,On Time,2
SHP0064,Bengaluru,Delhi,Chennai,2026-01-19 14:12:00,2026-01-19 20:02:28.564266,2026-01-20 01:35:48.000029,2026-01-21 13:15:18.114979,47.06,Road,Delayed,19
SHP0065,Pune,Delhi,Coimbatore,2026-03-16 22:48:00,2026-03-17 11:23:27.840105,2026-03-17 14:37:02.479567,2026-03-18 10:35:38.329598,35.79,Road,On Time,26
SHP0066,Coimbatore,Delhi,Chennai,2026-05-02 18:03:00,2026-05-02 20:34:20.026354,2026-05-03 10:53:33.818213,2026-05-04 06:07:58.358066,36.08,Road,On Time,11
SHP0067,Chennai,Pune,Mumbai,2026-05-13 11:54:00,2026-05-13 19:28:33.916998,2026-05-14 07:53:10.276898,2026-05-18 14:43:56.488876,122.83,Rail,Delayed,18
SHP0068,Madurai,Madurai,Chennai,2026-06-23 14:46:00,2026-06-24 04:49:47.425824,2026-06-24 06:34:24.476529,2026-06-24 18:15:13.329011,27.49,Road,On Time,20
SHP0069,Madurai,Delhi,Chennai,2026-06-10 14:34:00,2026-06-10 21:02:54.909812,2026-06-11 05:08:13.762583,2026-06-11 19:15:52.416773,28.7,Road,On Time,28
SHP0070,Madurai,Bengaluru,Chennai,2026-01-01 12:37:00,2026-01-01 20:56:47.294450,2026-01-02 00:34:53.210575,2026-01-04 07:35:25.173895,66.97,Rail,Delayed,9
SHP0071,Coimbatore,Hyderabad,Hyderabad,2026-02-18 07:28:00,2026-02-18 12:41:42.104143,2026-02-18 21:34:24.987324,2026-02-19 03:27:17.155885,19.99,Air,On Time,24
SHP0072,Kochi,Coimbatore,Chennai,2026-05-14 07:33:00,2026-05-14 10:53:11.786048,2026-05-14 12:32:25.455334,2026-05-14 19:38:30.663946,12.09,Air,On Time,4
SHP0073,Chennai,Chennai,Chennai,2026-05-21 04:52:00,2026-05-21 07:31:06.799829,2026-05-21 13:06:43.009062,2026-05-23 04:54:12.345580,48.04,Road,Delayed,2
SHP0074,Madurai,Salem,Hyderabad,2026-01-21 05:55:00,2026-01-21 08:56:44.130377,2026-01-21 14:20:25.312000,2026-01-22 00:37:46.329455,18.71,Road,On Time,16
SHP0075,Salem,Bengaluru,Chennai,2026-06-05 15:20:00,2026-06-06 07:16:16.889521,2026-06-06 14:51:50.256173,2026-06-07 00:16:01.957726,32.93,Road,On Time,21
SHP0076,Salem,Salem,Chennai,2026-01-04 22:49:00,2026-01-05 07:49:38.463653,2026-01-05 16:00:46.285282,2026-01-05 18:25:18.674245,19.61,Road,On Time,28
SHP0077,Chennai,Pune,Coimbatore,2026-03-31 04:00:00,2026-03-31 10:55:45.309704,2026-03-31 14:31:44.214499,2026-04-01 06:29:23.813768,26.49,Rail,On Time,1
SHP0078,Salem,Mumbai,Bengaluru,2026-06-13 22:44:00,2026-06-14 11:34:18.761265,2026-06-14 19:05:43.157953,2026-06-16 06:16:54.160511,55.55,Road,Delayed,30
SHP0079,Coimbatore,Coimbatore,Bengaluru,2026-06-05 09:19:00,2026-06-05 10:16:03.896334,2026-06-05 12:10:19.176204,2026-06-08 13:56:59.524063,76.63,Road,Delayed,1
SHP0080,Hyderabad,Bengaluru,Hyderabad,2026-02-12 18:43:00,2026-02-12 23:51:48.789967,2026-02-13 03:42:25.066186,2026-02-13 11:05:40.161578,16.38,Road,On Time,4
SHP0081,Kochi,Chennai,Mumbai,2026-03-12 02:54:00,2026-03-12 09:25:33.477443,2026-03-12 12:26:36.075432,2026-03-13 10:42:39.050876,31.81,Road,On Time,4
SHP0082,Bengaluru,Pune,Chennai,2026-06-26 01:22:00,2026-06-26 09:01:39.324710,2026-06-26 18:15:57.074648,2026-06-28 06:51:05.258333,53.48,Rail,On Time,26
SHP0083,Salem,Pune,Bengaluru,2026-04-07 03:04:00,2026-04-07 14:54:11.666844,2026-04-07 17:05:10.929307,2026-04-09 10:45:07.921650,55.69,Rail,Delayed,22
SHP0084,Chennai,Kochi,Coimbatore,2026-06-19 08:31:00,2026-06-19 13:25:15.062933,2026-06-19 16:29:19.179796,2026-06-20 01:20:18.989060,16.82,Road,On Time,3
SHP0085,Pune,Salem,Hyderabad,2026-02-14 03:03:00,2026-02-14 04:12:51.943944,2026-02-14 07:20:18.224439,2026-02-14 14:56:07.348921,11.89,Air,On Time,7
SHP0086,Pune,Kochi,Hyderabad,2026-03-22 05:44:00,2026-03-22 09:12:03.262251,2026-03-22 10:34:18.653537,2026-03-25 02:44:07.095477,69.0,Road,Delayed,4
SHP0087,Bengaluru,Chennai,Mumbai,2026-05-26 03:32:00,2026-05-26 10:31:26.552148,2026-05-26 16:14:36.441926,2026-05-28 14:03:26.799334,58.52,Road,Delayed,22
SHP0088,Chennai,Hyderabad,Mumbai,2026-01-13 10:23:00,2026-01-13 16:14:03.659780,2026-01-13 19:55:57.377794,2026-01-15 06:13:04.947397,43.83,Road,Delayed,6
SHP0089,Chennai,Mumbai,Chennai,2026-03-27 08:50:00,2026-03-27 17:01:30.506834,2026-03-28 01:01:00.526704,2026-03-28 19:23:43.428068,34.56,Road,On Time,23
SHP0090,Bengaluru,Madurai,Chennai,2026-01-17 10:06:00,2026-01-17 18:48:12.960998,2026-01-17 20:53:33.291748,2026-01-18 18:25:59.006034,32.33,Road,On Time,29
SHP0091,Madurai,Delhi,Mumbai,2026-04-21 18:19:00,2026-04-21 23:11:08.543465,2026-04-22 05:08:14.047471,2026-04-22 10:59:05.504861,16.67,Air,On Time,30
SHP0092,Hyderabad,Delhi,Coimbatore,2026-04-05 00:42:00,2026-04-05 05:00:04.877840,2026-04-05 10:23:16.506518,2026-04-05 22:13:52.428674,21.53,Road,On Time,5
SHP0093,Hyderabad,Bengaluru,Bengaluru,2026-01-06 16:17:00,2026-01-07 07:17:53.866671,2026-01-07 20:25:18.562000,2026-01-08 07:26:29.513367,39.16,Rail,On Time,24
SHP0094,Salem,Delhi,Chennai,2026-01-12 07:34:00,2026-01-12 12:20:59.534825,2026-01-12 21:21:38.816562,2026-01-13 08:14:44.861238,24.68,Road,On Time,14
SHP0095,Pune,Madurai,Chennai,2026-01-07 19:52:00,2026-01-08 04:48:31.210485,2026-01-08 09:38:44.554370,2026-01-09 08:04:51.672313,36.21,Road,On Time,29
SHP0096,Hyderabad,Coimbatore,Chennai,2026-02-03 02:24:00,2026-02-03 17:02:39.630486,2026-02-03 23:20:21.737279,2026-02-04 08:35:58.070957,30.2,Road,On Time,29
SHP0097,Hyderabad,Chennai,Chennai,2026-01-01 13:10:00,2026-01-01 21:57:00.202475,2026-01-02 03:02:06.810535,2026-01-02 13:43:47.353000,24.56,Air,Delayed,10
SHP0098,Salem,Delhi,Hyderabad,2026-06-01 07:23:00,2026-06-01 13:35:56.629496,2026-06-01 15:16:16.040481,2026-06-02 08:07:13.961815,24.74,Road,On Time,5
SHP0099,Chennai,Kochi,Hyderabad,2026-02-08 03:57:00,2026-02-08 08:31:14.035713,2026-02-08 12:45:49.304617,2026-02-09 09:41:22.465126,29.74,Road,On Time,28
SHP0100,Bengaluru,Coimbatore,Chennai,2026-05-23 00:35:00,2026-05-23 08:58:58.425941,2026-05-23 11:28:48.539237,2026-05-25 16:56:01.908284,64.35,Road,Delayed,19
SHP0101,Pune,Pune,Bengaluru,2026-04-05 20:25:00,2026-04-06 03:04:40.112036,2026-04-06 07:48:44.612078,2026-04-06 09:58:14.179449,13.55,Air,On Time,11
SHP0102,Pune,Kochi,Mumbai,2026-05-16 10:08:00,2026-05-16 21:16:53.137657,2026-05-17 09:28:59.700774,2026-05-18 08:49:04.426498,46.68,Road,Delayed,20
SHP0103,Salem,Kochi,Bengaluru,2026-03-01 17:29:00,2026-03-01 23:18:14.511233,2026-03-02 02:11:42.060767,2026-03-02 10:32:51.672341,17.06,Air,On Time,13
SHP0104,Madurai,Hyderabad,Coimbatore,2026-02-25 03:44:00,2026-02-25 05:05:39.151406,2026-02-25 06:40:37.094553,2026-02-25 20:19:19.664910,16.59,Rail,On Time,1
SHP0105,Salem,Salem,Chennai,2026-02-20 17:55:00,2026-02-21 01:51:26.393123,2026-02-21 07:18:30.846025,2026-02-21 09:34:33.379228,15.66,Road,On Time,9
SHP0106,Madurai,Hyderabad,Bengaluru,2026-04-04 18:13:00,2026-04-04 22:36:44.325160,2026-04-05 01:13:40.316199,2026-04-05 17:41:06.059045,23.47,Air,Delayed,12
SHP0107,Salem,Mumbai,Hyderabad,2026-06-04 10:34:00,2026-06-04 18:51:04.529259,2026-06-04 21:10:25.528874,2026-06-05 13:28:49.751885,26.91,Road,On Time,17
SHP0108,Madurai,Delhi,Mumbai,2026-06-29 15:56:00,2026-06-29 23:47:23.121251,2026-06-30 01:57:34.892959,2026-07-01 17:38:28.495910,49.71,Rail,On Time,23
SHP0109,Madurai,Madurai,Coimbatore,2026-02-21 19:17:00,2026-02-21 22:34:36.862423,2026-02-22 00:19:10.807737,2026-02-22 09:54:59.908161,14.63,Road,On Time,7
SHP0110,Salem,Delhi,Chennai,2026-04-20 03:13:00,2026-04-20 08:16:52.764418,2026-04-20 10:01:02.324455,2026-04-23 22:25:04.939961,91.2,Rail,Delayed,4
SHP0111,Kochi,Mumbai,Mumbai,2026-06-19 04:05:00,2026-06-19 11:31:10.543066,2026-06-19 15:25:46.718323,2026-06-19 22:03:10.321617,17.97,Road,On Time,5
SHP0112,Coimbatore,Salem,Bengaluru,2026-02-14 02:35:00,2026-02-14 12:13:16.182964,2026-02-14 16:03:07.520212,2026-02-16 04:13:26.840941,49.64,Road,Delayed,16
SHP0113,Madurai,Bengaluru,Bengaluru,2026-02-08 01:07:00,2026-02-08 08:04:22.714244,2026-02-08 13:20:46.302922,2026-02-09 01:56:23.592468,24.82,Road,On Time,2
SHP0114,Bengaluru,Bengaluru,Hyderabad,2026-01-31 09:07:00,2026-01-31 14:02:31.916270,2026-01-31 17:45:29.368002,2026-02-01 20:08:56.416000,35.03,Rail,On Time,15
SHP0115,Madurai,Chennai,Chennai,2026-01-16 21:04:00,2026-01-17 03:06:27.804271,2026-01-17 06:46:27.630949,2026-01-18 06:11:45.566845,33.13,Road,On Time,14
SHP0116,Chennai,Delhi,Hyderabad,2026-03-24 02:42:00,2026-03-24 15:01:01.558804,2026-03-24 23:04:46.514575,2026-03-26 01:18:26.831146,46.61,Road,Delayed,25
SHP0117,Coimbatore,Kochi,Bengaluru,2026-03-16 08:04:00,2026-03-16 11:50:58.595830,2026-03-16 17:23:06.155586,2026-03-17 11:47:52.671017,27.73,Road,On Time,7
SHP0118,Chennai,Delhi,Bengaluru,2026-06-03 22:00:00,2026-06-04 01:32:07.996617,2026-06-04 05:09:26.560985,2026-06-05 03:04:22.719104,29.07,Air,Delayed,5
SHP0119,Bengaluru,Salem,Chennai,2026-06-20 15:13:00,2026-06-20 17:31:04.204016,2026-06-20 19:38:28.772711,2026-06-25 09:54:57.027990,114.7,Rail,Delayed,9
SHP0120,Coimbatore,Chennai,Coimbatore,2026-04-22 16:51:00,2026-04-22 19:15:01.634759,2026-04-22 20:08:48.228390,2026-04-24 00:17:48.279673,31.45,Road,On Time,8
SHP0121,Salem,Pune,Bengaluru,2026-04-26 08:06:00,2026-04-26 17:27:55.345752,2026-04-26 19:27:10.846378,2026-04-28 04:38:12.094982,44.54,Road,Delayed,21
SHP0122,Hyderabad,Delhi,Bengaluru,2026-06-01 12:50:00,2026-06-01 23:33:08.556198,2026-06-02 12:22:19.681456,2026-06-02 23:57:35.754232,35.13,Road,On Time,29
SHP0123,Kochi,Chennai,Chennai,2026-04-05 02:37:00,2026-04-05 08:21:19.641141,2026-04-05 10:38:26.708005,2026-04-05 22:18:14.538789,19.69,Road,On Time,6
SHP0124,Madurai,Madurai,Coimbatore,2026-05-25 10:51:00,2026-05-25 15:37:56.070617,2026-05-25 17:49:13.698149,2026-05-25 20:12:03.239615,9.35,Road,On Time,27
SHP0125,Salem,Delhi,Hyderabad,2026-05-05 19:23:00,2026-05-06 03:55:11.519835,2026-05-06 08:50:04.791776,2026-05-07 06:44:00.169083,35.35,Rail,On Time,16
SHP0126,Kochi,Delhi,Chennai,2026-02-28 22:27:00,2026-03-01 05:51:08.935325,2026-03-01 08:27:21.393400,2026-03-01 21:02:28.454910,22.59,Air,Delayed,15
SHP0127,Kochi,Salem,Hyderabad,2026-04-15 04:23:00,2026-04-15 08:11:30.590625,2026-04-15 11:38:34.173398,2026-04-15 15:39:13.466878,11.27,Road,On Time,11
SHP0128,Hyderabad,Bengaluru,Bengaluru,2026-03-11 07:33:00,2026-03-11 14:47:42.933131,2026-03-11 17:21:09.158819,2026-03-12 17:53:37.158872,34.34,Road,On Time,14
SHP0129,Madurai,Salem,Hyderabad,2026-06-05 15:16:00,2026-06-05 18:52:14.077314,2026-06-05 21:41:12.189301,2026-06-07 13:57:52.292413,46.7,Road,Delayed,7
SHP0130,Chennai,Hyderabad,Chennai,2026-06-02 17:50:00,2026-06-03 02:13:59.010642,2026-06-03 06:35:10.439133,2026-06-04 06:21:41.003421,36.53,Air,Delayed,12
SHP0131,Chennai,Chennai,Hyderabad,2026-02-13 08:34:00,2026-02-13 17:03:35.882108,2026-02-13 21:11:03.897463,2026-02-15 07:51:29.882221,47.29,Rail,On Time,15
SHP0132,Hyderabad,Pune,Chennai,2026-03-20 12:02:00,2026-03-20 15:02:54.543806,2026-03-20 23:09:52.463692,2026-03-21 13:53:56.884702,25.87,Road,On Time,24
SHP0133,Kochi,Pune,Hyderabad,2026-01-22 08:40:00,2026-01-22 15:18:36.794689,2026-01-22 17:40:47.280323,2026-01-23 04:00:09.944177,19.34,Road,On Time,4
SHP0134,Kochi,Bengaluru,Bengaluru,2026-06-08 20:49:00,2026-06-09 01:58:08.323470,2026-06-09 08:05:40.554864,2026-06-10 05:50:49.110275,33.03,Road,On Time,24
SHP0135,Coimbatore,Coimbatore,Coimbatore,2026-04-24 01:04:00,2026-04-24 06:48:10.109263,2026-04-24 10:54:59.365811,2026-04-25 18:26:56.392254,41.38,Road,On Time,21
SHP0136,Bengaluru,Salem,Chennai,2026-02-03 16:21:00,2026-02-04 02:33:56.520038,2026-02-04 07:39:53.104097,2026-02-05 18:56:24.763433,50.59,Road,Delayed,3
SHP0137,Kochi,Delhi,Coimbatore,2026-01-25 07:46:00,2026-01-25 14:04:55.036180,2026-01-25 15:44:00.658000,2026-01-26 23:52:19.096498,40.11,Road,On Time,13
SHP0138,Coimbatore,Bengaluru,Mumbai,2026-02-26 05:20:00,2026-02-26 09:52:54.962172,2026-02-26 17:18:20.282562,2026-02-28 05:02:35.990911,47.71,Road,Delayed,29
SHP0139,Chennai,Mumbai,Coimbatore,2026-05-23 23:03:00,2026-05-24 07:13:12.898973,2026-05-24 12:33:37.437023,2026-05-25 21:52:24.450727,46.82,Road,Delayed,14
SHP0140,Salem,Chennai,Hyderabad,2026-04-08 14:13:00,2026-04-08 23:51:12.954884,2026-04-09 01:48:45.643490,2026-04-11 00:09:17.685675,57.94,Rail,Delayed,25
SHP0141,Bengaluru,Pune,Hyderabad,2026-03-21 01:55:00,2026-03-21 07:44:52.959406,2026-03-21 11:55:07.402672,2026-03-21 15:01:19.172820,13.11,Air,On Time,22
SHP0142,Pune,Coimbatore,Mumbai,2026-01-16 20:48:00,2026-01-17 04:04:23.388896,2026-01-17 15:36:48.155525,2026-01-18 13:16:59.511090,40.48,Road,On Time,2
SHP0143,Hyderabad,Mumbai,Chennai,2026-03-06 05:04:00,2026-03-06 09:20:43.331005,2026-03-06 15:40:10.167816,2026-03-08 07:38:00.793005,50.57,Road,Delayed,5
SHP0144,Hyderabad,Madurai,Hyderabad,2026-04-28 14:10:00,2026-04-29 01:56:56.263474,2026-04-29 04:41:34.706880,2026-05-01 06:52:12.362757,64.7,Road,Delayed,26
SHP0145,Hyderabad,Bengaluru,Hyderabad,2026-03-18 09:25:00,2026-03-18 19:56:19.731302,2026-03-18 21:24:31.348812,2026-03-20 20:56:44.383002,59.53,Road,Delayed,6
SHP0146,Kochi,Salem,Mumbai,2026-05-29 05:44:00,2026-05-29 07:14:51.427866,2026-05-29 10:33:55.487792,2026-05-31 16:14:15.954469,58.5,Road,Delayed,4
SHP0147,Kochi,Chennai,Coimbatore,2026-05-10 19:01:00,2026-05-11 01:33:14.808878,2026-05-11 09:31:11.243870,2026-05-12 01:06:06.643157,30.09,Road,On Time,20
SHP0148,Hyderabad,Delhi,Coimbatore,2026-06-12 20:39:00,2026-06-13 01:20:44.048342,2026-06-13 04:41:02.694821,2026-06-15 02:33:09.189476,53.9,Rail,On Time,13
SHP0149,Kochi,Mumbai,Bengaluru,2026-04-24 11:41:00,2026-04-24 19:02:47.483972,2026-04-24 21:17:23.551089,2026-04-25 01:48:20.794277,14.12,Road,On Time,25
SHP0150,Bengaluru,Salem,Coimbatore,2026-02-10 16:19:00,2026-02-10 22:17:22.287702,2026-02-11 00:25:12.053510,2026-02-15 09:34:02.293139,113.25,Rail,Delayed,27
SHP0151,Madurai,Pune,Hyderabad,2026-01-31 18:08:00,2026-01-31 22:27:20.752019,2026-02-01 00:24:40.842106,2026-02-02 16:55:27.296862,46.79,Rail,On Time,22
SHP0152,Bengaluru,Salem,Coimbatore,2026-01-28 01:52:00,2026-01-28 03:36:30.036242,2026-01-28 04:32:48.698641,2026-01-28 16:21:12.867503,14.49,Rail,On Time,3
SHP0153,Madurai,Madurai,Bengaluru,2026-02-11 21:22:00,2026-02-12 05:31:53.356880,2026-02-12 09:21:38.287199,2026-02-13 13:18:43.523861,39.95,Road,On Time,15
SHP0154,Chennai,Coimbatore,Bengaluru,2026-06-12 09:26:00,2026-06-12 15:43:14.998551,2026-06-12 23:51:24.092484,2026-06-13 21:32:35.575228,36.11,Road,On Time,8
SHP0155,Madurai,Coimbatore,Chennai,2026-04-15 18:24:00,2026-04-16 04:20:41.869212,2026-04-16 09:47:57.125030,2026-04-16 18:38:47.039787,24.25,Road,On Time,15
SHP0156,Pune,Madurai,Hyderabad,2026-05-19 22:45:00,2026-05-20 12:18:31.225802,2026-05-20 19:02:07.901907,2026-05-22 03:51:59.172780,53.12,Rail,On Time,30
SHP0157,Pune,Mumbai,Bengaluru,2026-04-21 21:05:00,2026-04-22 04:12:33.463831,2026-04-22 06:18:26.676858,2026-04-23 01:03:25.039613,27.97,Road,On Time,9
SHP0158,Chennai,Hyderabad,Chennai,2026-02-10 20:47:00,2026-02-11 04:15:23.267676,2026-02-11 09:44:53.900130,2026-02-11 18:58:01.309343,22.18,Road,On Time,25
SHP0159,Kochi,Madurai,Mumbai,2026-01-02 05:05:00,2026-01-02 07:33:52.379412,2026-01-02 11:04:50.868417,2026-01-03 12:05:27.869071,31.01,Road,On Time,13
SHP0160,Hyderabad,Madurai,Chennai,2026-03-07 16:18:00,2026-03-08 02:22:06.763295,2026-03-08 07:18:03.278028,2026-03-08 21:36:28.848000,29.31,Road,On Time,30
SHP0161,Madurai,Kochi,Bengaluru,2026-02-01 08:30:00,2026-02-01 12:24:59.707089,2026-02-01 13:28:20.000760,2026-02-02 02:57:29.950842,18.46,Road,On Time,6
SHP0162,Salem,Coimbatore,Bengaluru,2026-01-14 03:00:00,2026-01-14 05:42:36.443229,2026-01-14 13:02:34.492319,2026-01-14 15:09:20.050263,12.16,Air,On Time,8
SHP0163,Bengaluru,Coimbatore,Chennai,2026-02-08 08:46:00,2026-02-08 15:41:40.417899,2026-02-08 20:14:46.504510,2026-02-10 09:58:50.406393,49.21,Rail,On Time,28
SHP0164,Coimbatore,Coimbatore,Chennai,2026-04-25 00:22:00,2026-04-25 04:33:45.769862,2026-04-25 08:59:07.763937,2026-04-28 14:44:44.967396,86.38,Rail,Delayed,12
SHP0165,Coimbatore,Delhi,Hyderabad,2026-04-05 09:28:00,2026-04-05 17:56:22.956743,2026-04-05 19:16:16.506241,2026-04-06 19:58:57.949483,34.52,Road,On Time,2
SHP0166,Salem,Mumbai,Hyderabad,2026-01-11 11:00:00,2026-01-11 17:13:26.735842,2026-01-11 22:44:22.328420,2026-01-12 16:22:29.416527,29.37,Road,On Time,27
SHP0167,Kochi,Madurai,Bengaluru,2026-04-02 04:12:00,2026-04-02 10:07:53.927618,2026-04-02 13:08:47.407805,2026-04-04 02:23:46.671895,46.2,Road,Delayed,18
SHP0168,Madurai,Pune,Chennai,2026-03-23 22:22:00,2026-03-24 10:27:18.206039,2026-03-25 04:24:33.240441,2026-03-26 13:16:44.753295,62.91,Rail,Delayed,29
SHP0169,Chennai,Mumbai,Chennai,2026-04-22 01:15:00,2026-04-22 10:43:07.057976,2026-04-22 15:38:46.239592,2026-04-23 19:53:42.667723,42.65,Road,Delayed,27
SHP0170,Salem,Kochi,Bengaluru,2026-02-23 04:41:00,2026-02-23 09:18:52.927196,2026-02-23 11:07:43.054169,2026-02-24 03:29:35.585938,22.81,Road,On Time,20
SHP0171,Bengaluru,Chennai,Bengaluru,2026-05-16 07:47:00,2026-05-16 12:08:02.088771,2026-05-16 14:04:36.732735,2026-05-17 21:03:15.732253,37.27,Rail,On Time,1
SHP0172,Salem,Kochi,Hyderabad,2026-04-09 19:52:00,2026-04-10 00:19:35.052819,2026-04-10 01:39:40.616586,2026-04-10 10:52:56.641407,15.02,Road,On Time,16
SHP0173,Chennai,Hyderabad,Hyderabad,2026-01-19 18:12:00,2026-01-19 22:35:20.228287,2026-01-20 05:03:09.840744,2026-01-20 20:42:20.451746,26.51,Road,On Time,15
SHP0174,Kochi,Pune,Chennai,2026-01-31 18:43:00,2026-02-01 01:00:48.524661,2026-02-01 08:21:21.701552,2026-02-02 01:26:33.546611,30.73,Air,Delayed,28
SHP0175,Bengaluru,Chennai,Mumbai,2026-01-06 16:03:00,2026-01-06 18:47:54.298862,2026-01-06 22:32:31.693940,2026-01-07 21:54:12.218191,29.85,Road,On Time,4
SHP0176,Bengaluru,Pune,Coimbatore,2026-05-08 01:44:00,2026-05-08 03:55:33.429048,2026-05-08 05:41:21.296619,2026-05-09 00:06:47.949242,22.38,Road,On Time,11
SHP0177,Hyderabad,Delhi,Bengaluru,2026-04-27 12:01:00,2026-04-27 17:36:44.847185,2026-04-27 21:08:06.084892,2026-04-28 15:34:35.494863,27.56,Rail,On Time,26
SHP0178,Chennai,Madurai,Coimbatore,2026-03-03 07:23:00,2026-03-03 19:36:11.527646,2026-03-03 21:29:47.233677,2026-03-04 06:16:35.142250,22.89,Road,On Time,17
SHP0179,Coimbatore,Hyderabad,Chennai,2026-01-10 12:16:00,2026-01-10 15:29:38.597687,2026-01-10 17:45:43.252256,2026-01-11 11:15:36.557348,22.99,Road,On Time,13
SHP0180,Kochi,Coimbatore,Bengaluru,2026-05-11 02:38:00,2026-05-11 06:51:45.891560,2026-05-11 09:32:45.264020,2026-05-13 06:16:40.404850,51.64,Road,Delayed,28
SHP0181,Pune,Coimbatore,Mumbai,2026-04-11 13:54:00,2026-04-12 01:55:48.665126,2026-04-12 07:01:19.082719,2026-04-12 11:59:46.583422,22.1,Road,On Time,15
SHP0182,Pune,Coimbatore,Hyderabad,2026-05-08 22:55:00,2026-05-09 02:12:57.591954,2026-05-09 03:52:06.000742,2026-05-10 13:49:22.294398,38.91,Rail,On Time,1
SHP0183,Bengaluru,Hyderabad,Bengaluru,2026-01-28 19:06:00,2026-01-29 02:22:15.458383,2026-01-29 05:55:39.213306,2026-01-29 10:19:58.262608,15.23,Rail,On Time,7
SHP0184,Pune,Madurai,Chennai,2026-04-26 05:36:00,2026-04-26 16:06:01.329852,2026-04-26 22:22:00.579852,2026-04-29 07:38:00.057216,74.03,Road,Delayed,18
SHP0185,Pune,Delhi,Bengaluru,2026-02-13 17:35:00,2026-02-13 22:52:43.680827,2026-02-14 05:59:59.480655,2026-02-14 15:36:17.054245,22.02,Road,On Time,30
SHP0186,Chennai,Pune,Bengaluru,2026-03-16 12:14:00,2026-03-17 01:25:49.365941,2026-03-17 03:59:57.175721,2026-03-19 02:26:06.368428,62.2,Road,Delayed,13
SHP0187,Kochi,Coimbatore,Chennai,2026-06-27 11:47:00,2026-06-27 17:36:31.429198,2026-06-27 20:37:06.616275,2026-06-29 00:27:15.309405,36.67,Rail,On Time,17
SHP0188,Chennai,Chennai,Coimbatore,2026-01-05 06:02:00,2026-01-05 13:29:56.017525,2026-01-05 18:58:02.045567,2026-01-08 11:01:45.028520,77.0,Road,Delayed,26
SHP0189,Pune,Delhi,Chennai,2026-04-18 04:02:00,2026-04-18 11:00:17.244706,2026-04-18 19:28:47.521923,2026-04-19 10:54:18.472784,30.87,Road,On Time,28
SHP0190,Kochi,Mumbai,Bengaluru,2026-06-16 00:32:00,2026-06-16 13:35:41.013238,2026-06-16 19:44:04.220708,2026-06-17 13:11:26.786267,36.66,Road,On Time,15
SHP0191,Madurai,Coimbatore,Coimbatore,2026-04-24 22:27:00,2026-04-25 01:43:37.391431,2026-04-25 08:10:23.294417,2026-04-25 17:28:02.226966,19.02,Road,On Time,24
SHP0192,Salem,Chennai,Chennai,2026-01-30 11:22:00,2026-01-30 16:34:40.417141,2026-01-30 19:31:34.667726,2026-02-01 10:22:26.790067,47.01,Road,Delayed,13
SHP0193,Madurai,Mumbai,Mumbai,2026-06-07 09:34:00,2026-06-07 15:25:45.631891,2026-06-07 18:24:24.657510,2026-06-09 08:08:55.009463,46.58,Road,Delayed,23
SHP0194,Chennai,Hyderabad,Coimbatore,2026-04-26 02:52:00,2026-04-26 07:34:08.661105,2026-04-26 09:27:37.473306,2026-04-26 13:01:06.702342,10.15,Road,On Time,18
SHP0195,Pune,Pune,Bengaluru,2026-01-24 17:27:00,2026-01-25 04:02:39.346981,2026-01-25 05:48:29.367322,2026-01-25 09:43:09.160556,16.27,Air,On Time,22
SHP0196,Chennai,Madurai,Hyderabad,2026-02-06 05:08:00,2026-02-06 10:07:19.634546,2026-02-06 12:24:15.718882,2026-02-07 07:16:09.052816,26.14,Road,On Time,26
SHP0197,Pune,Hyderabad,Bengaluru,2026-03-16 23:27:00,2026-03-17 05:52:13.285411,2026-03-17 07:10:32.187726,2026-03-18 12:52:51.586304,37.43,Road,On Time,15
SHP0198,Chennai,Coimbatore,Mumbai,2026-02-04 09:26:00,2026-02-04 15:36:32.892087,2026-02-04 18:27:52.748125,2026-02-05 13:10:17.071308,27.74,Rail,On Time,4
SHP0199,Coimbatore,Madurai,Chennai,2026-05-05 10:53:00,2026-05-05 16:49:27.740930,2026-05-05 21:29:07.530516,2026-05-06 04:44:09.831681,17.85,Road,On Time,13
SHP0200,Hyderabad,Salem,Chennai,2026-03-02 16:40:00,2026-03-03 00:19:56.098391,2026-03-03 04:49:42.242250,2026-03-03 17:46:04.368724,25.1,Road,On Time,14
SHP0201,Pune,Pune,Bengaluru,2026-05-14 02:14:00,2026-05-14 08:50:21.963957,2026-05-14 12:44:02.398889,2026-05-15 15:33:16.000965,37.32,Road,On Time,4
SHP0202,Hyderabad,Kochi,Coimbatore,2026-06-27 05:00:00,2026-06-27 10:36:11.667171,2026-06-27 15:44:11.397965,2026-06-27 23:28:35.317963,18.48,Air,On Time,30
SHP0203,Chennai,Delhi,Bengaluru,2026-01-28 11:38:00,2026-01-28 22:01:07.869242,2026-01-29 03:16:19.057782,2026-01-29 18:08:29.031064,30.51,Road,On Time,30
SHP0204,Chennai,Mumbai,Bengaluru,2026-06-25 13:28:00,2026-06-25 18:45:07.738138,2026-06-25 19:52:16.806744,2026-06-25 21:52:16.806744,8.4,Air,On Time,8
SHP0205,Madurai,Pune,Mumbai,2026-05-08 11:15:00,2026-05-08 16:01:54.455928,2026-05-08 22:22:27.522825,2026-05-11 00:15:50.477775,61.01,Road,Delayed,10
SHP0206,Madurai,Madurai,Bengaluru,2026-02-24 20:58:00,2026-02-25 01:42:41.078271,2026-02-25 04:11:40.870935,2026-02-26 16:34:10.857432,43.6,Road,Delayed,22
SHP0207,Bengaluru,Bengaluru,Chennai,2026-04-10 20:51:00,2026-04-12 00:21:02.178204,2026-04-12 04:18:54.877353,2026-04-12 21:00:50.721822,48.16,Road,Delayed,4
SHP0208,Salem,Kochi,Coimbatore,2026-03-30 04:56:00,2026-03-30 10:31:03.754911,2026-03-30 12:59:51.138638,2026-03-31 05:14:10.822851,24.3,Air,Delayed,11
SHP0209,Chennai,Mumbai,Chennai,2026-06-20 07:26:00,2026-06-20 08:36:05.686805,2026-06-20 12:34:27.988522,2026-06-21 12:59:33.947933,29.56,Road,On Time,4
SHP0210,Kochi,Bengaluru,Bengaluru,2026-04-20 00:28:00,2026-04-20 02:19:07.080778,2026-04-20 08:45:59.853528,2026-04-21 07:59:11.217335,31.52,Road,On Time,1
SHP0211,Kochi,Bengaluru,Hyderabad,2026-05-13 06:21:00,2026-05-13 13:27:57.381359,2026-05-13 17:52:39.207182,2026-05-16 10:42:45.033375,76.36,Rail,Delayed,26
SHP0212,Bengaluru,Chennai,Mumbai,2026-01-07 18:48:00,2026-01-07 21:59:28.759613,2026-01-08 00:45:59.017942,2026-01-11 17:11:56.817445,94.4,Rail,Delayed,3
SHP0213,Madurai,Chennai,Chennai,2026-06-03 13:44:00,2026-06-04 00:03:28.507518,2026-06-04 05:23:05.343030,2026-06-05 07:39:31.414970,41.93,Road,On Time,2
SHP0214,Hyderabad,Delhi,Bengaluru,2026-05-14 12:29:00,2026-05-14 16:31:29.752875,2026-05-14 20:27:04.442323,2026-05-18 21:28:02.085493,104.98,Road,Delayed,16
SHP0215,Coimbatore,Coimbatore,Hyderabad,2026-05-01 18:07:00,2026-05-02 00:11:19.012685,2026-05-02 03:14:31.513673,2026-05-03 09:58:44.941125,39.86,Road,On Time,30
SHP0216,Salem,Delhi,Coimbatore,2026-01-31 03:12:00,2026-01-31 22:53:51.289930,2026-02-01 01:48:11.153162,2026-02-01 13:11:27.293821,33.99,Road,On Time,28
SHP0217,Chennai,Chennai,Bengaluru,2026-01-13 19:35:00,2026-01-13 23:56:31.648150,2026-01-14 04:46:33.030942,2026-01-15 13:11:02.453120,41.6,Road,On Time,20
SHP0218,Madurai,Kochi,Bengaluru,2026-05-09 13:38:00,2026-05-10 00:49:56.964681,2026-05-10 05:53:30.172869,2026-05-10 19:13:33.161052,29.59,Road,On Time,4
SHP0219,Madurai,Bengaluru,Bengaluru,2026-02-25 15:22:00,2026-02-25 21:56:40.919924,2026-02-26 02:42:47.852595,2026-02-27 17:25:22.484256,50.06,Road,Delayed,6
SHP0220,Chennai,Bengaluru,Coimbatore,2026-05-25 02:07:00,2026-05-25 05:43:14.283303,2026-05-25 09:36:20.104713,2026-05-29 01:50:43.812143,95.73,Road,Delayed,29
SHP0221,Bengaluru,Madurai,Chennai,2026-04-09 01:27:00,2026-04-09 08:31:33.874135,2026-04-09 12:03:55.270403,2026-04-10 09:17:10.202366,31.84,Road,On Time,8
SHP0222,Pune,Pune,Hyderabad,2026-02-22 10:09:00,2026-02-22 20:14:14.988993,2026-02-22 23:04:57.865442,2026-02-24 14:14:07.592693,52.09,Road,Delayed,18
SHP0223,Kochi,Hyderabad,Mumbai,2026-01-04 15:27:00,2026-01-04 18:16:03.561701,2026-01-04 21:46:42.535008,2026-01-05 12:15:19.775029,20.81,Road,On Time,3
SHP0224,Coimbatore,Hyderabad,Coimbatore,2026-04-17 14:25:00,2026-04-17 18:27:52.582257,2026-04-17 22:42:33.018523,2026-04-23 13:13:40.951671,142.81,Rail,Delayed,26
SHP0225,Bengaluru,Coimbatore,Chennai,2026-05-08 01:37:00,2026-05-08 06:23:39.323295,2026-05-08 11:09:51.937251,2026-05-08 22:53:01.369008,21.27,Road,On Time,22
SHP0226,Salem,Mumbai,Coimbatore,2026-02-08 21:18:00,2026-02-09 03:29:38.825670,2026-02-09 04:31:17.665927,2026-02-10 04:40:37.629959,31.38,Road,On Time,10
SHP0227,Kochi,Mumbai,Hyderabad,2026-02-13 11:16:00,2026-02-13 20:49:48.980242,2026-02-14 01:09:43.700337,2026-02-16 05:53:44.634148,66.63,Road,Delayed,15
SHP0228,Coimbatore,Mumbai,Chennai,2026-01-01 19:02:00,2026-01-02 03:20:59.932017,2026-01-02 09:22:52.291754,2026-01-03 19:27:43.204642,48.43,Road,Delayed,6
SHP0229,Chennai,Coimbatore,Chennai,2026-03-13 18:41:00,2026-03-13 23:29:24.722507,2026-03-14 03:28:32.251465,2026-03-16 13:26:10.864067,66.75,Road,Delayed,30
SHP0230,Madurai,Delhi,Chennai,2026-01-18 12:07:00,2026-01-18 23:05:59.546002,2026-01-19 07:36:47.423191,2026-01-20 18:43:07.018869,54.6,Road,Delayed,21
SHP0231,Coimbatore,Kochi,Chennai,2026-01-01 12:40:00,2026-01-02 12:46:18.301708,2026-01-02 15:09:40.911315,2026-01-03 14:31:20.126081,49.86,Rail,On Time,2
SHP0232,Pune,Madurai,Coimbatore,2026-02-21 13:21:00,2026-02-22 03:32:34.265080,2026-02-22 10:53:54.243596,2026-02-24 08:02:21.593370,66.69,Road,Delayed,24
SHP0233,Madurai,Coimbatore,Hyderabad,2026-06-15 14:28:00,2026-06-15 19:51:58.788988,2026-06-16 08:14:47.926647,2026-06-18 08:18:53.390327,65.85,Rail,Delayed,21
SHP0234,Pune,Bengaluru,Chennai,2026-01-08 13:48:00,2026-01-08 14:50:03.775253,2026-01-08 19:13:14.695270,2026-01-09 06:36:16.342844,16.8,Road,On Time,5
SHP0235,Bengaluru,Salem,Chennai,2026-02-23 10:30:00,2026-02-24 14:51:44.059984,2026-02-24 23:52:22.301074,2026-02-27 18:19:12.318860,103.82,Road,Delayed,23
SHP0236,Hyderabad,Bengaluru,Chennai,2026-02-05 17:28:00,2026-02-06 01:19:31.304850,2026-02-06 13:11:20.095948,2026-02-08 05:38:50.976274,60.18,Road,Delayed,30
SHP0237,Pune,Kochi,Hyderabad,2026-02-06 21:14:00,2026-02-07 02:36:28.184950,2026-02-07 09:20:19.143451,2026-02-11 10:38:54.341959,109.42,Rail,Delayed,8
SHP0238,Bengaluru,Coimbatore,Coimbatore,2026-03-04 23:25:00,2026-03-05 07:26:35.355811,2026-03-05 08:42:48.528234,2026-03-05 17:57:45.855501,18.55,Road,On Time,4
SHP0239,Hyderabad,Kochi,Chennai,2026-06-17 10:10:00,2026-06-17 20:13:11.470375,2026-06-18 01:13:50.838823,2026-06-18 07:55:09.427644,21.75,Air,On Time,22
SHP0240,Kochi,Pune,Bengaluru,2026-02-04 12:56:00,2026-02-04 16:53:31.624393,2026-02-05 01:26:36.967660,2026-02-05 06:14:08.178775,17.3,Rail,On Time,29
SHP0241,Chennai,Madurai,Coimbatore,2026-06-01 02:41:00,2026-06-01 07:06:29.290674,2026-06-01 09:30:39.995390,2026-06-02 03:11:22.947269,24.51,Road,On Time,18
SHP0242,Salem,Hyderabad,Hyderabad,2026-06-20 15:44:00,2026-06-20 19:26:54.054842,2026-06-20 23:47:39.078488,2026-06-21 01:47:39.078488,10.06,Road,On Time,17
SHP0243,Madurai,Chennai,Coimbatore,2026-01-03 22:46:00,2026-01-04 08:39:06.816285,2026-01-04 11:13:31.849367,2026-01-06 02:37:05.859554,51.85,Road,Delayed,23
SHP0244,Chennai,Kochi,Bengaluru,2026-03-01 17:14:00,2026-03-01 22:30:48.832432,2026-03-02 01:37:39.187093,2026-03-02 07:15:28.555477,14.02,Road,On Time,2
SHP0245,Chennai,Delhi,Bengaluru,2026-05-25 12:04:00,2026-05-25 16:38:27.646188,2026-05-26 00:25:08.561739,2026-05-27 13:51:16.175644,49.79,Rail,On Time,25
SHP0246,Kochi,Pune,Chennai,2026-05-03 09:14:00,2026-05-03 14:53:12.973324,2026-05-03 22:07:35.972439,2026-05-04 20:49:54.842746,35.6,Rail,On Time,15
SHP0247,Coimbatore,Mumbai,Mumbai,2026-05-21 18:14:00,2026-05-22 06:05:29.407460,2026-05-22 07:41:12.043687,2026-05-22 15:46:09.241089,21.54,Road,On Time,20
SHP0248,Madurai,Salem,Chennai,2026-06-29 07:40:00,2026-06-29 12:18:30.246429,2026-06-29 18:37:00.868692,2026-06-30 11:50:59.031124,28.18,Road,On Time,7
SHP0249,Kochi,Mumbai,Mumbai,2026-02-16 03:35:00,2026-02-16 06:08:30.613686,2026-02-16 13:07:29.002966,2026-02-21 04:27:43.236249,120.88,Rail,Delayed,19
SHP0250,Salem,Kochi,Bengaluru,2026-05-26 12:17:00,2026-05-26 18:59:09.534757,2026-05-27 03:54:39.972491,2026-05-28 09:57:01.535273,45.67,Road,Delayed,16
SHP0251,Chennai,Mumbai,Chennai,2026-06-19 01:15:00,2026-06-19 13:24:06.371898,2026-06-19 17:09:30.346604,2026-06-20 09:09:22.018080,31.91,Road,On Time,9
SHP0252,Kochi,Chennai,Chennai,2026-06-07 08:58:00,2026-06-07 21:09:55.259016,2026-06-08 07:24:17.986669,2026-06-10 06:22:19.148826,69.41,Road,Delayed,1
SHP0253,Bengaluru,Chennai,Chennai,2026-01-15 17:17:00,2026-01-16 02:20:41.120353,2026-01-16 07:44:28.229100,2026-01-18 12:39:19.410254,67.37,Rail,Delayed,30
SHP0254,Madurai,Hyderabad,Hyderabad,2026-01-26 02:07:00,2026-01-26 08:24:49.125082,2026-01-26 19:23:02.204897,2026-01-27 19:36:45.050186,41.5,Road,On Time,28
SHP0255,Hyderabad,Bengaluru,Chennai,2026-01-16 22:33:00,2026-01-17 06:26:50.346404,2026-01-17 10:18:02.909914,2026-01-17 22:12:53.824644,23.66,Road,On Time,13
SHP0256,Bengaluru,Chennai,Bengaluru,2026-04-13 13:46:00,2026-04-13 22:56:36.777336,2026-04-14 06:09:08.960234,2026-04-14 11:43:13.455358,21.95,Air,On Time,29
SHP0257,Bengaluru,Hyderabad,Chennai,2026-01-10 13:09:00,2026-01-10 19:21:58.704486,2026-01-10 20:18:07.409469,2026-01-11 22:11:48.569074,33.05,Rail,On Time,11
SHP0258,Madurai,Salem,Hyderabad,2026-06-14 18:04:00,2026-06-15 01:06:48.006332,2026-06-15 11:03:40.163406,2026-06-16 02:47:52.206410,32.73,Rail,On Time,28
SHP0259,Pune,Pune,Bengaluru,2026-05-01 17:42:00,2026-05-02 01:47:52.901989,2026-05-02 05:47:45.778435,2026-05-03 15:05:24.102980,45.39,Road,Delayed,8
SHP0260,Salem,Coimbatore,Chennai,2026-03-10 05:48:00,2026-03-10 16:52:21.420523,2026-03-10 21:53:35.080440,2026-03-13 19:29:03.257635,85.68,Rail,Delayed,6
SHP0261,Madurai,Kochi,Hyderabad,2026-01-31 19:55:00,2026-02-01 13:07:43.903353,2026-02-01 19:12:29.171353,2026-02-02 12:49:34.755085,40.91,Rail,On Time,26
SHP0262,Salem,Bengaluru,Coimbatore,2026-05-18 12:43:00,2026-05-18 22:23:45.730107,2026-05-19 01:37:00.146480,2026-05-19 13:05:35.525541,24.38,Road,On Time,7
SHP0263,Bengaluru,Delhi,Chennai,2026-03-12 08:00:00,2026-03-12 19:06:11.585766,2026-03-12 22:31:59.062404,2026-03-13 12:51:18.208632,28.86,Road,On Time,15
SHP0264,Chennai,Coimbatore,Hyderabad,2026-01-13 02:54:00,2026-01-13 06:22:35.842982,2026-01-13 10:09:53.771506,2026-01-14 17:20:43.278097,38.45,Rail,On Time,11
SHP0265,Madurai,Madurai,Coimbatore,2026-03-29 17:22:00,2026-03-29 20:35:06.603251,2026-03-29 23:55:53.853203,2026-04-01 08:40:48.679570,63.31,Road,Delayed,16
SHP0266,Kochi,Bengaluru,Hyderabad,2026-05-02 10:26:00,2026-05-02 15:52:53.038127,2026-05-02 17:53:48.054742,2026-05-04 01:08:41.731252,38.71,Rail,On Time,16
SHP0267,Madurai,Salem,Coimbatore,2026-01-14 11:58:00,2026-01-14 13:20:20.204955,2026-01-14 14:54:50.266862,2026-01-14 20:00:30.687681,8.04,Air,On Time,8
SHP0268,Bengaluru,Pune,Bengaluru,2026-02-15 13:22:00,2026-02-15 17:09:33.105483,2026-02-15 18:29:50.252224,2026-02-17 09:02:15.971292,43.67,Rail,On Time,11
SHP0269,Coimbatore,Delhi,Chennai,2026-02-05 20:30:00,2026-02-06 11:51:02.563930,2026-02-06 18:03:42.361573,2026-02-08 03:10:05.929745,54.67,Road,Delayed,17
SHP0270,Chennai,Pune,Chennai,2026-04-07 06:59:00,2026-04-07 12:16:33.167227,2026-04-07 14:31:49.079838,2026-04-09 05:37:07.365113,46.64,Rail,On Time,6
SHP0271,Kochi,Chennai,Chennai,2026-04-07 02:31:00,2026-04-07 07:26:19.804051,2026-04-07 11:35:28.596109,2026-04-10 07:53:01.072131,77.37,Rail,Delayed,26
SHP0272,Coimbatore,Pune,Coimbatore,2026-04-21 15:08:00,2026-04-21 16:57:48.267132,2026-04-21 22:44:56.201068,2026-04-22 05:59:44.860343,14.86,Air,On Time,4
SHP0273,Hyderabad,Mumbai,Chennai,2026-02-09 15:18:00,2026-02-10 02:56:00.796386,2026-02-10 05:42:17.870700,2026-02-11 19:06:30.905583,51.81,Rail,On Time,27
SHP0274,Coimbatore,Salem,Chennai,2026-01-17 21:46:00,2026-01-18 12:21:54.067012,2026-01-18 17:41:03.366518,2026-01-19 12:34:14.521164,38.8,Road,On Time,20
SHP0275,Bengaluru,Bengaluru,Hyderabad,2026-03-24 22:04:00,2026-03-25 01:40:17.140707,2026-03-25 04:48:22.983438,2026-03-25 23:14:58.475745,25.18,Road,On Time,23
SHP0276,Hyderabad,Kochi,Mumbai,2026-04-20 19:52:00,2026-04-21 04:02:15.813139,2026-04-21 04:35:53.655074,2026-04-23 11:30:15.407831,63.64,Road,Delayed,2
SHP0277,Kochi,Salem,Chennai,2026-02-07 16:03:00,2026-02-08 01:26:21.037884,2026-02-08 03:18:22.926126,2026-02-11 04:53:09.423024,84.84,Rail,Delayed,21
SHP0278,Chennai,Mumbai,Chennai,2026-04-20 23:48:00,2026-04-21 03:10:35.391552,2026-04-21 05:30:34.887551,2026-04-22 03:48:57.375026,28.02,Rail,On Time,2
SHP0279,Coimbatore,Kochi,Chennai,2026-04-09 15:26:00,2026-04-10 03:18:15.317425,2026-04-10 07:02:11.384120,2026-04-11 00:55:01.802808,33.48,Road,On Time,14
SHP0280,Coimbatore,Chennai,Hyderabad,2026-04-09 03:38:00,2026-04-09 15:31:30.839690,2026-04-09 20:15:18.473108,2026-04-11 05:45:03.202928,50.12,Road,Delayed,14
SHP0281,Pune,Bengaluru,Bengaluru,2026-02-26 09:13:00,2026-02-26 23:37:19.586849,2026-02-27 02:35:00.747500,2026-03-01 08:01:10.402292,70.8,Road,Delayed,25
SHP0282,Chennai,Coimbatore,Bengaluru,2026-02-08 21:24:00,2026-02-09 01:13:44.804046,2026-02-09 08:00:10.840651,2026-02-09 18:36:06.287350,21.2,Road,On Time,10
SHP0283,Salem,Chennai,Coimbatore,2026-01-04 06:45:00,2026-01-04 07:56:00.206557,2026-01-04 09:43:25.430709,2026-01-05 01:45:57.796027,19.02,Road,On Time,1
SHP0284,Chennai,Salem,Chennai,2026-02-25 20:24:00,2026-02-26 07:07:03.081209,2026-02-26 12:14:08.022141,2026-02-26 22:18:41.129722,25.91,Road,On Time,10
SHP0285,Salem,Salem,Mumbai,2026-04-27 10:22:00,2026-04-28 09:37:40.547247,2026-04-28 17:31:34.821678,2026-04-29 04:09:25.504658,41.79,Road,On Time,19
SHP0286,Chennai,Bengaluru,Mumbai,2026-03-19 04:55:00,2026-03-19 13:20:18.728176,2026-03-19 22:25:00.513839,2026-03-21 17:02:05.013566,60.12,Road,Delayed,30
SHP0287,Coimbatore,Kochi,Chennai,2026-01-28 16:20:00,2026-01-29 04:57:19.953954,2026-01-29 15:52:00.446682,2026-01-30 22:18:09.399249,53.97,Road,Delayed,21
SHP0288,Hyderabad,Mumbai,Chennai,2026-01-22 23:50:00,2026-01-23 04:35:37.824675,2026-01-23 11:37:24.792878,2026-01-29 11:25:09.244916,155.59,Road,Delayed,21
SHP0289,Coimbatore,Pune,Chennai,2026-05-10 12:02:00,2026-05-10 22:56:19.132764,2026-05-11 02:28:39.042210,2026-05-11 06:20:50.947732,18.31,Road,On Time,27
SHP0290,Salem,Mumbai,Chennai,2026-06-28 11:31:00,2026-06-28 19:25:47.257024,2026-06-29 02:41:03.429101,2026-07-02 06:44:14.613696,91.22,Rail,Delayed,6
SHP0291,Kochi,Salem,Hyderabad,2026-03-26 13:59:00,2026-03-26 19:58:10.591895,2026-03-27 01:19:10.117239,2026-03-27 16:06:38.367761,26.13,Road,On Time,28
SHP0292,Kochi,Salem,Coimbatore,2026-06-17 02:23:00,2026-06-17 10:25:35.252367,2026-06-17 11:59:36.323235,2026-06-18 04:18:29.792848,25.92,Road,On Time,17
SHP0293,Madurai,Salem,Mumbai,2026-03-14 07:58:00,2026-03-14 17:55:35.789786,2026-03-15 07:00:25.936283,2026-03-15 09:23:53.721264,25.43,Road,On Time,25
SHP0294,Pune,Chennai,Coimbatore,2026-05-15 10:30:00,2026-05-15 18:03:12.311481,2026-05-15 21:22:37.852444,2026-05-16 12:01:07.621489,25.52,Road,On Time,8
SHP0295,Salem,Bengaluru,Coimbatore,2026-01-10 04:52:00,2026-01-10 09:16:55.543213,2026-01-10 14:42:19.212314,2026-01-12 18:32:57.173296,61.68,Road,Delayed,15
SHP0296,Bengaluru,Madurai,Hyderabad,2026-03-13 15:35:00,2026-03-13 20:13:17.606422,2026-03-14 04:07:52.835650,2026-03-15 00:20:57.028158,32.77,Road,On Time,24
SHP0297,Bengaluru,Kochi,Coimbatore,2026-06-07 23:36:00,2026-06-08 09:38:50.120739,2026-06-08 15:09:11.676915,2026-06-09 10:45:44.467954,35.16,Road,On Time,22
SHP0298,Coimbatore,Coimbatore,Coimbatore,2026-03-16 22:23:00,2026-03-17 03:06:03.066161,2026-03-17 04:03:19.637029,2026-03-18 11:31:34.932669,37.14,Road,On Time,5
SHP0299,Madurai,Madurai,Chennai,2026-01-24 10:42:00,2026-01-25 07:26:50.031405,2026-01-25 16:17:36.585839,2026-01-26 00:25:47.819830,37.73,Air,Delayed,22
SHP0300,Pune,Kochi,Bengaluru,2026-02-08 03:51:00,2026-02-08 09:20:50.596564,2026-02-08 12:53:47.006032,2026-02-09 22:07:10.690078,42.27,Rail,On Time,30
SHP0301,Hyderabad,Hyderabad,Hyderabad,2026-06-05 22:31:00,2026-06-06 10:03:12.522388,2026-06-06 18:46:46.840812,2026-06-09 09:35:19.792812,83.07,Road,Delayed,15
SHP0302,Salem,Madurai,Hyderabad,2026-01-14 00:52:00,2026-01-14 04:28:24.517627,2026-01-14 16:59:32.441336,2026-01-15 12:20:39.323545,35.48,Road,On Time,14
SHP0303,Chennai,Delhi,Hyderabad,2026-01-03 07:19:00,2026-01-03 12:59:02.679202,2026-01-03 20:21:20.497889,2026-01-06 08:02:27.231167,72.72,Rail,Delayed,28
SHP0304,Salem,Hyderabad,Hyderabad,2026-04-08 08:46:00,2026-04-08 12:23:40.518393,2026-04-08 18:40:29.267966,2026-04-12 16:23:20.173874,103.62,Rail,Delayed,10
SHP0305,Madurai,Chennai,Bengaluru,2026-01-29 19:31:00,2026-01-30 03:51:58.718090,2026-01-30 05:36:16.041500,2026-01-31 04:50:26.066947,33.32,Road,On Time,6
SHP0306,Coimbatore,Bengaluru,Coimbatore,2026-01-05 11:48:00,2026-01-05 18:47:06.868502,2026-01-05 21:36:39.137851,2026-01-08 08:22:46.152419,68.58,Road,Delayed,29
SHP0307,Salem,Salem,Coimbatore,2026-06-29 19:38:00,2026-06-30 01:42:13.503511,2026-06-30 06:49:31.536224,2026-07-02 08:40:25.781614,61.04,Road,Delayed,9
SHP0308,Madurai,Pune,Chennai,2026-05-13 04:46:00,2026-05-13 11:36:16.473642,2026-05-13 15:16:28.171117,2026-05-16 21:30:37.924950,88.74,Rail,Delayed,29
SHP0309,Coimbatore,Delhi,Chennai,2026-01-08 04:45:00,2026-01-08 12:36:04.608168,2026-01-09 03:09:20.459033,2026-01-11 19:13:58.183100,86.48,Rail,Delayed,12
SHP0310,Chennai,Kochi,Coimbatore,2026-02-23 13:17:00,2026-02-23 17:33:18.785223,2026-02-23 18:34:42.241381,2026-02-24 18:30:54.423266,29.23,Rail,On Time,6
SHP0311,Chennai,Chennai,Chennai,2026-03-26 02:18:00,2026-03-26 05:20:23.354015,2026-03-26 09:58:36.338361,2026-03-27 05:07:47.029983,26.83,Air,Delayed,10
SHP0312,Salem,Chennai,Chennai,2026-05-25 15:49:00,2026-05-26 06:35:14.392196,2026-05-26 09:03:34.313638,2026-05-28 04:49:24.257182,61.01,Road,Delayed,19
SHP0313,Pune,Chennai,Bengaluru,2026-05-17 23:43:00,2026-05-18 02:01:50.701554,2026-05-18 06:10:30.497910,2026-05-19 05:53:50.117004,30.18,Air,Delayed,8
SHP0314,Salem,Salem,Chennai,2026-04-20 15:10:00,2026-04-20 18:05:37.855971,2026-04-20 22:47:32.339651,2026-04-22 15:37:58.472959,48.47,Road,Delayed,1
SHP0315,Coimbatore,Salem,Mumbai,2026-02-25 23:55:00,2026-02-26 05:34:35.475782,2026-02-26 12:44:00.666709,2026-02-28 01:43:03.440577,49.8,Rail,On Time,28
SHP0316,Salem,Salem,Chennai,2026-02-01 14:36:00,2026-02-02 00:49:23.662861,2026-02-02 05:10:43.747118,2026-02-02 18:12:00.105359,27.6,Road,On Time,22
SHP0317,Hyderabad,Madurai,Bengaluru,2026-04-08 07:18:00,2026-04-08 14:08:23.069148,2026-04-08 19:18:56.131409,2026-04-09 07:01:15.947291,23.72,Road,On Time,25
SHP0318,Madurai,Hyderabad,Bengaluru,2026-02-13 02:02:00,2026-02-13 06:18:09.160134,2026-02-13 08:08:34.844615,2026-02-14 21:22:25.323040,43.34,Road,Delayed,4
SHP0319,Salem,Bengaluru,Bengaluru,2026-06-20 13:30:00,2026-06-20 18:05:17.779046,2026-06-20 20:01:59.968104,2026-06-23 05:33:29.596278,64.06,Rail,Delayed,17
SHP0320,Coimbatore,Delhi,Bengaluru,2026-04-03 09:15:00,2026-04-03 16:18:42.276513,2026-04-03 21:25:24.759637,2026-04-03 23:25:24.759637,14.17,Air,On Time,17
SHP0321,Madurai,Pune,Chennai,2026-01-29 18:51:00,2026-01-30 00:02:47.907573,2026-01-30 02:10:37.951279,2026-01-30 14:49:14.286525,19.97,Road,On Time,21
SHP0322,Madurai,Mumbai,Chennai,2026-02-26 12:40:00,2026-02-26 19:12:51.976335,2026-02-26 22:45:49.665637,2026-02-27 17:05:22.552737,28.42,Air,Delayed,18
SHP0323,Salem,Bengaluru,Chennai,2026-03-27 15:54:00,2026-03-27 23:02:55.060763,2026-03-28 01:21:00.774558,2026-03-29 10:44:55.751075,42.85,Rail,On Time,2
SHP0324,Chennai,Chennai,Bengaluru,2026-04-22 21:07:00,2026-04-23 09:34:04.873709,2026-04-23 17:11:30.120328,2026-04-24 20:19:17.828067,47.2,Road,Delayed,22
SHP0325,Hyderabad,Coimbatore,Chennai,2026-03-27 18:28:00,2026-03-28 00:45:35.753500,2026-03-28 02:18:22.469447,2026-03-28 04:20:23.159581,9.87,Air,On Time,10
SHP0326,Bengaluru,Pune,Chennai,2026-05-26 07:33:00,2026-05-26 18:31:00.191670,2026-05-27 02:28:39.306895,2026-05-27 05:22:07.051590,21.82,Air,On Time,29
SHP0327,Chennai,Chennai,Bengaluru,2026-06-25 07:37:00,2026-06-25 15:00:08.807014,2026-06-25 16:35:45.744124,2026-06-26 21:39:00.523239,38.03,Road,On Time,14
SHP0328,Kochi,Pune,Chennai,2026-03-29 04:22:00,2026-03-29 12:19:02.867294,2026-03-29 23:46:51.041818,2026-03-30 06:07:13.196271,25.75,Air,Delayed,9
SHP0329,Hyderabad,Madurai,Coimbatore,2026-05-14 18:24:00,2026-05-15 01:46:16.683243,2026-05-15 05:34:18.265662,2026-05-15 18:20:07.169832,23.94,Road,On Time,25
SHP0330,Kochi,Kochi,Bengaluru,2026-04-05 19:48:00,2026-04-05 21:59:27.450091,2026-04-05 22:29:27.450091,2026-04-06 16:36:06.515782,20.8,Road,On Time,4
SHP0331,Coimbatore,Hyderabad,Coimbatore,2026-02-02 08:25:00,2026-02-02 16:40:10.912678,2026-02-02 22:29:40.583458,2026-02-03 08:37:07.043565,24.2,Road,On Time,11
SHP0332,Bengaluru,Salem,Bengaluru,2026-04-06 06:29:00,2026-04-06 13:53:28.840854,2026-04-06 16:53:49.789368,2026-04-08 08:12:30.302897,49.73,Rail,On Time,2
SHP0333,Coimbatore,Coimbatore,Mumbai,2026-01-26 05:13:00,2026-01-26 15:08:34.207147,2026-01-26 22:19:00.962224,2026-01-27 16:11:18.304253,34.97,Road,On Time,26
SHP0334,Coimbatore,Coimbatore,Chennai,2026-03-13 17:17:00,2026-03-14 05:13:09.025436,2026-03-14 08:24:45.770743,2026-03-16 04:00:46.959122,58.73,Road,Delayed,21
SHP0335,Chennai,Hyderabad,Coimbatore,2026-04-06 04:55:00,2026-04-06 12:02:06.409514,2026-04-06 16:05:57.045268,2026-04-07 12:53:36.373507,31.98,Road,On Time,26
SHP0336,Kochi,Pune,Chennai,2026-06-29 19:40:00,2026-06-30 00:38:43.834346,2026-06-30 06:08:49.680723,2026-06-30 13:03:48.209924,17.4,Rail,On Time,5
SHP0337,Pune,Chennai,Hyderabad,2026-04-01 02:46:00,2026-04-01 07:18:49.457069,2026-04-01 11:01:12.366851,2026-04-02 02:48:01.132757,24.03,Rail,On Time,11
SHP0338,Pune,Mumbai,Hyderabad,2026-02-02 13:27:00,2026-02-02 15:18:42.794907,2026-02-02 22:46:50.359387,2026-02-03 09:07:05.288734,19.67,Road,On Time,17
SHP0339,Bengaluru,Chennai,Coimbatore,2026-05-18 08:07:00,2026-05-18 13:53:18.201977,2026-05-18 16:41:01.490422,2026-05-20 00:08:40.657062,40.03,Road,On Time,6
SHP0340,Madurai,Bengaluru,Hyderabad,2026-05-27 13:02:00,2026-05-27 18:48:54.586065,2026-05-28 00:05:09.796540,2026-05-28 15:14:27.740521,26.21,Rail,On Time,17
SHP0341,Chennai,Chennai,Hyderabad,2026-03-27 02:04:00,2026-03-27 08:21:23.072053,2026-03-27 12:23:08.438910,2026-03-27 18:15:54.836820,16.2,Road,On Time,24
SHP0342,Bengaluru,Bengaluru,Mumbai,2026-04-01 20:11:00,2026-04-02 05:14:14.339397,2026-04-02 07:28:34.619907,2026-04-03 17:18:20.875785,45.12,Road,Delayed,14
SHP0343,Madurai,Coimbatore,Coimbatore,2026-06-12 22:36:00,2026-06-13 06:16:02.446210,2026-06-13 09:00:50.770228,2026-06-15 11:30:29.465707,60.91,Rail,Delayed,17
SHP0344,Madurai,Pune,Chennai,2026-04-06 12:53:00,2026-04-06 20:52:09.135217,2026-04-06 23:12:32.033889,2026-04-08 13:48:14.102727,48.92,Rail,On Time,19
SHP0345,Kochi,Coimbatore,Coimbatore,2026-04-21 05:50:00,2026-04-21 15:13:15.016015,2026-04-21 19:37:30.167068,2026-04-25 05:50:24.756636,96.01,Road,Delayed,20
SHP0346,Chennai,Mumbai,Mumbai,2026-06-10 18:37:00,2026-06-10 22:35:15.427681,2026-06-11 01:47:30.832021,2026-06-11 08:25:21.400052,13.81,Air,On Time,23
SHP0347,Hyderabad,Salem,Bengaluru,2026-06-28 16:36:00,2026-06-29 03:34:12.455277,2026-06-29 06:26:51.488073,2026-06-29 22:39:54.808487,30.07,Road,On Time,13
SHP0348,Chennai,Coimbatore,Chennai,2026-02-23 22:06:00,2026-02-24 14:20:33.564952,2026-02-24 20:05:18.055305,2026-02-26 01:44:58.001774,51.65,Rail,On Time,24
SHP0349,Coimbatore,Delhi,Chennai,2026-04-28 20:13:00,2026-04-29 05:30:12.766718,2026-04-29 15:40:07.107004,2026-05-02 07:49:11.669111,83.6,Road,Delayed,15
SHP0350,Madurai,Bengaluru,Bengaluru,2026-01-08 08:50:00,2026-01-08 12:43:20.329567,2026-01-08 14:22:26.863687,2026-01-10 20:59:57.940847,60.17,Road,Delayed,24
SHP0351,Chennai,Mumbai,Chennai,2026-02-28 00:59:00,2026-02-28 13:23:09.162587,2026-02-28 21:04:15.923549,2026-03-01 05:59:44.366234,29.01,Air,Delayed,25
SHP0352,Salem,Bengaluru,Bengaluru,2026-04-18 21:52:00,2026-04-19 10:43:31.976649,2026-04-19 17:45:21.354462,2026-04-20 14:46:35.351968,40.91,Road,On Time,12
SHP0353,Pune,Coimbatore,Hyderabad,2026-06-12 04:17:00,2026-06-12 11:23:41.605673,2026-06-12 15:09:33.129274,2026-06-13 03:32:10.108204,23.25,Air,Delayed,25
SHP0354,Salem,Delhi,Chennai,2026-03-27 20:24:00,2026-03-28 06:31:16.683713,2026-03-28 13:22:02.097083,2026-03-29 15:12:41.842045,42.81,Road,Delayed,30
SHP0355,Bengaluru,Mumbai,Chennai,2026-02-14 17:07:00,2026-02-14 20:30:05.860272,2026-02-15 01:48:06.992762,2026-02-15 07:25:25.668451,14.31,Road,On Time,8
SHP0356,Kochi,Hyderabad,Coimbatore,2026-03-05 17:37:00,2026-03-05 23:14:22.844801,2026-03-06 04:16:13.727023,2026-03-08 02:05:07.851942,56.47,Road,Delayed,5
SHP0357,Bengaluru,Hyderabad,Coimbatore,2026-02-07 13:43:00,2026-02-07 18:50:16.203738,2026-02-08 03:13:14.069690,2026-02-08 21:47:59.620501,32.08,Rail,On Time,21
SHP0358,Bengaluru,Pune,Chennai,2026-01-14 10:20:00,2026-01-14 21:15:10.437039,2026-01-15 00:38:59.601364,2026-01-17 06:01:46.291020,67.7,Rail,Delayed,7
SHP0359,Bengaluru,Chennai,Hyderabad,2026-02-12 21:03:00,2026-02-13 08:03:53.268252,2026-02-13 13:19:03.447505,2026-02-15 01:18:44.921543,52.26,Road,Delayed,12
SHP0360,Hyderabad,Bengaluru,Chennai,2026-06-10 06:17:00,2026-06-10 12:56:48.104840,2026-06-10 17:52:00.276829,2026-06-11 01:08:26.513632,18.86,Road,On Time,13
SHP0361,Madurai,Madurai,Chennai,2026-01-20 13:53:00,2026-01-21 10:14:20.648968,2026-01-21 15:30:54.550625,2026-01-22 07:42:29.123563,41.82,Road,On Time,18
SHP0362,Madurai,Bengaluru,Coimbatore,2026-06-08 03:50:00,2026-06-08 19:24:18.463902,2026-06-08 20:56:51.083788,2026-06-11 11:56:20.565920,80.11,Road,Delayed,2
SHP0363,Coimbatore,Bengaluru,Mumbai,2026-03-05 07:32:00,2026-03-05 17:31:48.197386,2026-03-06 03:23:04.489337,2026-03-07 03:52:43.087408,44.35,Road,Delayed,12
SHP0364,Madurai,Madurai,Chennai,2026-01-08 04:40:00,2026-01-08 12:04:01.836071,2026-01-08 19:35:46.725820,2026-01-09 09:35:08.894851,28.92,Road,On Time,13
SHP0365,Pune,Bengaluru,Coimbatore,2026-06-08 23:36:00,2026-06-09 09:14:06.361384,2026-06-09 19:34:33.482945,2026-06-10 07:02:55.919885,31.45,Road,On Time,23
SHP0366,Bengaluru,Kochi,Hyderabad,2026-04-17 03:32:00,2026-04-17 08:46:09.328106,2026-04-17 10:22:36.437267,2026-04-18 06:39:19.012481,27.12,Air,Delayed,15
SHP0367,Hyderabad,Mumbai,Chennai,2026-01-19 09:02:00,2026-01-19 14:38:36.161956,2026-01-19 16:46:04.864464,2026-01-20 18:37:00.683038,33.58,Rail,On Time,23
SHP0368,Salem,Madurai,Hyderabad,2026-05-24 04:09:00,2026-05-24 12:13:10.111109,2026-05-24 16:31:58.419259,2026-05-29 13:39:29.085086,129.51,Rail,Delayed,14
SHP0369,Salem,Madurai,Hyderabad,2026-04-15 15:19:00,2026-04-15 21:08:38.027130,2026-04-15 22:02:20.386143,2026-04-16 07:20:57.140213,16.03,Road,On Time,7
SHP0370,Bengaluru,Madurai,Chennai,2026-02-12 19:54:00,2026-02-12 21:13:06.132078,2026-02-13 10:36:58.302502,2026-02-13 23:32:49.423908,27.65,Air,Delayed,5
SHP0371,Hyderabad,Pune,Bengaluru,2026-02-22 22:12:00,2026-02-23 03:26:11.010622,2026-02-23 08:20:03.710626,2026-02-25 08:37:47.986613,58.43,Rail,Delayed,19
SHP0372,Bengaluru,Kochi,Chennai,2026-01-20 01:39:00,2026-01-20 06:16:23.716966,2026-01-20 09:43:18.130703,2026-01-21 17:00:00.411554,39.35,Rail,On Time,29
SHP0373,Salem,Mumbai,Chennai,2026-04-22 22:55:00,2026-04-23 03:57:23.508355,2026-04-23 08:08:24.461305,2026-04-24 22:59:35.509742,48.08,Road,Delayed,21
SHP0374,Coimbatore,Hyderabad,Hyderabad,2026-01-04 00:26:00,2026-01-04 05:41:13.505156,2026-01-04 07:24:00.873544,2026-01-05 18:13:27.416360,41.79,Road,On Time,9
SHP0375,Bengaluru,Hyderabad,Coimbatore,2026-02-16 06:22:00,2026-02-16 15:30:58.858937,2026-02-16 23:13:28.315829,2026-02-17 12:20:33.398791,29.98,Air,Delayed,24
SHP0376,Kochi,Coimbatore,Chennai,2026-05-25 07:43:00,2026-05-25 14:28:28.753954,2026-05-25 18:26:24.702967,2026-05-29 18:44:54.022793,107.03,Rail,Delayed,26
SHP0377,Madurai,Madurai,Bengaluru,2026-04-25 15:54:00,2026-04-26 01:03:37.883883,2026-04-26 04:24:25.020083,2026-04-26 20:00:15.572291,28.1,Air,Delayed,19
SHP0378,Pune,Hyderabad,Chennai,2026-03-20 19:23:00,2026-03-21 05:30:20.703692,2026-03-21 08:20:19.317926,2026-03-22 15:44:15.121301,44.35,Rail,On Time,9
SHP0379,Pune,Kochi,Chennai,2026-04-06 11:16:00,2026-04-06 19:26:00.723673,2026-04-06 23:35:22.270575,2026-04-08 23:22:18.626192,60.11,Road,Delayed,13
SHP0380,Salem,Coimbatore,Coimbatore,2026-01-04 02:42:00,2026-01-04 09:09:13.583889,2026-01-04 15:16:32.025146,2026-01-05 02:48:36.727443,24.11,Road,On Time,15
SHP0381,Chennai,Madurai,Coimbatore,2026-01-26 10:55:00,2026-01-26 13:47:59.807956,2026-01-26 16:18:23.495005,2026-01-29 22:20:08.409370,83.42,Road,Delayed,12
SHP0382,Hyderabad,Coimbatore,Coimbatore,2026-03-26 10:01:00,2026-03-26 17:51:23.999044,2026-03-26 20:01:30.981571,2026-03-27 04:02:26.164184,18.02,Air,On Time,22
SHP0383,Hyderabad,Hyderabad,Bengaluru,2026-06-01 09:57:00,2026-06-01 12:58:10.122514,2026-06-01 18:06:07.329288,2026-06-03 04:18:54.683056,42.37,Road,Delayed,28
SHP0384,Pune,Delhi,Coimbatore,2026-01-20 02:40:00,2026-01-20 06:31:49.984324,2026-01-20 09:30:19.610825,2026-01-23 06:46:11.310655,76.1,Road,Delayed,12
SHP0385,Chennai,Coimbatore,Hyderabad,2026-04-10 12:44:00,2026-04-10 17:07:41.582670,2026-04-10 22:49:21.116133,2026-04-12 04:54:04.714523,40.17,Road,On Time,12
SHP0386,Hyderabad,Delhi,Bengaluru,2026-01-12 23:46:00,2026-01-13 12:03:51.575522,2026-01-13 17:12:45.272154,2026-01-13 23:39:12.582253,23.89,Air,Delayed,7
SHP0387,Hyderabad,Pune,Bengaluru,2026-04-20 09:22:00,2026-04-20 15:53:34.374314,2026-04-20 19:35:57.525304,2026-04-22 17:42:33.168545,56.34,Road,Delayed,15
SHP0388,Kochi,Salem,Chennai,2026-05-30 21:32:00,2026-05-31 04:03:25.501251,2026-05-31 05:33:22.080022,2026-05-31 23:34:32.362655,26.04,Road,On Time,6
SHP0389,Madurai,Mumbai,Mumbai,2026-01-21 09:10:00,2026-01-21 16:19:59.713840,2026-01-21 20:44:53.882448,2026-01-23 08:17:09.231456,47.12,Rail,On Time,3
SHP0390,Kochi,Madurai,Bengaluru,2026-03-18 10:46:00,2026-03-18 15:43:35.534883,2026-03-18 20:32:10.142032,2026-03-20 04:01:33.604622,41.26,Road,On Time,15
SHP0391,Pune,Salem,Chennai,2026-06-13 23:06:00,2026-06-14 05:04:29.830177,2026-06-14 07:40:30.258415,2026-06-14 21:07:43.196116,22.03,Road,On Time,2
SHP0392,Salem,Madurai,Bengaluru,2026-03-20 10:09:00,2026-03-20 16:46:17.755739,2026-03-20 22:12:35.139457,2026-03-21 19:08:12.997792,32.99,Road,On Time,7
SHP0393,Hyderabad,Coimbatore,Bengaluru,2026-04-27 12:11:00,2026-04-27 15:35:30.185220,2026-04-28 06:58:10.398697,2026-04-28 14:33:59.603598,26.38,Road,On Time,22
SHP0394,Hyderabad,Salem,Chennai,2026-02-21 18:21:00,2026-02-22 02:27:25.557366,2026-02-22 05:38:57.776878,2026-02-23 22:02:48.773305,51.7,Road,Delayed,8
SHP0395,Hyderabad,Coimbatore,Chennai,2026-06-11 08:02:00,2026-06-11 11:44:30.893909,2026-06-11 18:26:33.253985,2026-06-14 20:38:23.835414,84.61,Rail,Delayed,7
SHP0396,Pune,Hyderabad,Bengaluru,2026-03-12 09:49:00,2026-03-12 23:19:39.473828,2026-03-13 02:37:22.106375,2026-03-13 12:17:55.562125,26.48,Air,Delayed,16
SHP0397,Hyderabad,Delhi,Bengaluru,2026-06-11 09:37:00,2026-06-11 15:33:00.837745,2026-06-11 17:56:38.723773,2026-06-13 03:27:36.160970,41.84,Rail,On Time,14
SHP0398,Madurai,Madurai,Bengaluru,2026-03-21 15:05:00,2026-03-22 02:59:06.718147,2026-03-22 06:07:16.680508,2026-03-25 20:03:40.215525,100.98,Rail,Delayed,29
SHP0399,Madurai,Mumbai,Bengaluru,2026-03-29 17:05:00,2026-03-29 22:02:15.389900,2026-03-30 00:56:53.835529,2026-03-31 18:50:23.328586,49.76,Rail,On Time,30
SHP0400,Pune,Hyderabad,Mumbai,2026-05-19 17:11:00,2026-05-19 22:37:14.840660,2026-05-20 05:14:09.576367,2026-05-21 01:50:42.434895,32.66,Road,On Time,12
SHP0401,Bengaluru,Pune,Chennai,2026-01-31 09:06:00,2026-01-31 17:49:39.261713,2026-01-31 20:03:05.473411,2026-02-01 06:08:13.507842,21.04,Road,On Time,12
SHP0402,Chennai,Hyderabad,Chennai,2026-03-28 04:15:00,2026-03-28 09:15:19.787406,2026-03-28 10:29:49.921143,2026-03-30 09:13:43.853150,52.98,Road,Delayed,4
SHP0403,Salem,Hyderabad,Coimbatore,2026-03-21 10:16:00,2026-03-21 16:17:04.040367,2026-03-21 22:18:06.252750,2026-03-22 08:24:09.156725,22.14,Air,Delayed,9
SHP0404,Chennai,Kochi,Mumbai,2026-02-26 21:33:00,2026-02-27 08:14:39.455703,2026-02-27 12:09:30.405286,2026-02-28 21:02:23.456027,47.49,Road,Delayed,10
SHP0405,Madurai,Delhi,Bengaluru,2026-05-07 13:07:00,2026-05-07 23:17:26.082065,2026-05-08 04:35:09.644390,2026-05-08 22:14:58.488621,33.13,Road,On Time,29
SHP0406,Hyderabad,Coimbatore,Hyderabad,2026-04-26 01:52:00,2026-04-26 08:07:14.393083,2026-04-26 11:43:10.941205,2026-04-26 19:06:53.432869,17.25,Air,On Time,22
SHP0407,Chennai,Delhi,Coimbatore,2026-04-25 11:52:00,2026-04-25 15:25:58.254803,2026-04-25 18:39:02.074454,2026-04-27 03:16:09.015237,39.4,Rail,On Time,12
SHP0408,Chennai,Hyderabad,Bengaluru,2026-06-27 15:58:00,2026-06-27 20:16:22.293788,2026-06-28 01:57:05.932546,2026-06-29 01:15:13.761776,33.29,Road,On Time,8
SHP0409,Chennai,Chennai,Bengaluru,2026-04-30 22:49:00,2026-05-01 06:43:30.560494,2026-05-01 10:32:15.230740,2026-05-01 12:49:04.325880,14.0,Road,On Time,16
SHP0410,Kochi,Coimbatore,Coimbatore,2026-06-09 09:57:00,2026-06-09 14:44:02.180361,2026-06-09 18:01:32.884688,2026-06-10 10:58:24.395202,25.02,Road,On Time,29
SHP0411,Coimbatore,Mumbai,Coimbatore,2026-02-03 06:40:00,2026-02-03 12:30:34.110127,2026-02-03 18:00:53.417590,2026-02-05 07:09:06.699131,48.49,Rail,On Time,22
SHP0412,Kochi,Coimbatore,Chennai,2026-06-29 06:30:00,2026-06-29 17:46:05.126743,2026-06-29 21:44:38.218268,2026-07-01 13:55:32.838419,55.43,Rail,Delayed,17
SHP0413,Kochi,Salem,Chennai,2026-06-02 18:45:00,2026-06-03 07:39:15.086768,2026-06-03 11:32:48.158978,2026-06-05 16:03:25.517631,69.31,Rail,Delayed,4
SHP0414,Pune,Madurai,Coimbatore,2026-01-13 03:11:00,2026-01-13 11:35:33.506915,2026-01-13 13:38:25.653208,2026-01-15 07:57:39.585155,52.78,Road,Delayed,14
SHP0415,Madurai,Hyderabad,Chennai,2026-05-15 16:59:00,2026-05-15 22:28:54.896074,2026-05-16 00:32:03.128828,2026-05-16 13:39:16.403826,20.67,Road,On Time,11
SHP0416,Bengaluru,Madurai,Mumbai,2026-03-26 16:27:00,2026-03-27 00:34:44.012710,2026-03-27 06:06:09.916730,2026-03-28 00:52:21.477808,32.42,Road,On Time,22
SHP0417,Salem,Coimbatore,Bengaluru,2026-03-18 00:47:00,2026-03-18 02:29:28.009470,2026-03-18 11:18:28.875041,2026-03-19 04:17:45.677772,27.51,Rail,On Time,8
SHP0418,Salem,Salem,Coimbatore,2026-05-02 21:56:00,2026-05-03 03:18:18.972226,2026-05-03 04:05:31.919452,2026-05-03 13:52:47.703455,15.95,Rail,On Time,3
SHP0419,Bengaluru,Madurai,Hyderabad,2026-05-08 10:11:00,2026-05-08 17:35:50.990234,2026-05-08 22:45:15.267972,2026-05-09 17:29:29.662468,31.31,Rail,On Time,16
SHP0420,Chennai,Madurai,Chennai,2026-06-19 08:19:00,2026-06-19 13:50:40.633725,2026-06-19 19:12:24.696947,2026-06-24 03:43:22.806380,115.41,Road,Delayed,26
SHP0421,Chennai,Delhi,Chennai,2026-06-29 18:52:00,2026-06-30 14:56:43.509316,2026-06-30 21:56:12.354307,2026-07-01 01:19:35.685632,30.46,Air,Delayed,7
SHP0422,Coimbatore,Delhi,Bengaluru,2026-02-01 15:54:00,2026-02-01 23:36:37.919538,2026-02-02 00:58:18.568676,2026-02-05 21:57:41.208223,102.06,Road,Delayed,18
SHP0423,Pune,Chennai,Chennai,2026-02-02 13:54:00,2026-02-02 19:15:48.872776,2026-02-03 00:26:50.877185,2026-02-03 23:10:40.743131,33.28,Road,On Time,11
SHP0424,Madurai,Chennai,Coimbatore,2026-05-27 16:45:00,2026-05-28 05:43:11.073897,2026-05-28 14:21:14.625921,2026-05-30 18:39:17.331580,73.9,Air,Delayed,24
SHP0425,Hyderabad,Madurai,Coimbatore,2026-01-04 11:10:00,2026-01-04 15:38:00.222076,2026-01-04 22:28:39.324237,2026-01-05 09:33:49.065688,22.4,Road,On Time,23
SHP0426,Chennai,Delhi,Chennai,2026-06-22 03:02:00,2026-06-22 08:21:50.176293,2026-06-22 12:04:49.264734,2026-06-22 21:04:03.116326,18.03,Road,On Time,1
SHP0427,Coimbatore,Kochi,Mumbai,2026-03-24 00:25:00,2026-03-24 09:06:08.445502,2026-03-24 12:35:28.067379,2026-03-25 17:21:48.157852,40.95,Rail,On Time,27
SHP0428,Bengaluru,Delhi,Coimbatore,2026-04-04 03:43:00,2026-04-04 05:25:24.229315,2026-04-04 12:46:05.488557,2026-04-04 23:07:50.364720,19.41,Air,On Time,10
SHP0429,Kochi,Kochi,Chennai,2026-05-21 17:52:00,2026-05-21 23:29:22.946577,2026-05-22 05:14:24.594147,2026-05-23 03:12:05.888194,33.33,Road,On Time,18
SHP0430,Kochi,Pune,Chennai,2026-05-12 17:18:00,2026-05-12 22:01:03.300096,2026-05-13 01:16:55.952060,2026-05-13 16:19:03.301349,23.02,Rail,On Time,6
SHP0431,Chennai,Delhi,Mumbai,2026-04-03 22:25:00,2026-04-04 13:23:41.897336,2026-04-04 15:28:01.519780,2026-04-06 01:28:05.012284,51.05,Road,Delayed,5
SHP0432,Chennai,Bengaluru,Bengaluru,2026-03-21 18:35:00,2026-03-22 03:20:35.310674,2026-03-22 06:23:16.075880,2026-03-23 04:22:39.690894,33.79,Road,On Time,23
SHP0433,Hyderabad,Coimbatore,Coimbatore,2026-03-27 18:16:00,2026-03-27 23:09:48.230637,2026-03-28 09:10:44.416650,2026-03-28 11:10:44.416650,16.91,Air,On Time,12
SHP0434,Pune,Madurai,Hyderabad,2026-06-19 04:14:00,2026-06-19 08:21:15.844747,2026-06-19 12:37:44.249770,2026-06-19 23:25:16.938962,19.19,Road,On Time,1
SHP0435,Madurai,Pune,Bengaluru,2026-04-13 15:46:00,2026-04-13 18:26:32.048386,2026-04-14 01:13:26.214365,2026-04-15 15:01:32.259388,47.26,Road,Delayed,5
SHP0436,Pune,Pune,Coimbatore,2026-03-11 08:23:00,2026-03-11 14:40:17.206845,2026-03-11 17:50:14.764583,2026-03-13 05:47:26.307149,45.41,Rail,On Time,8
SHP0437,Coimbatore,Salem,Bengaluru,2026-03-31 05:18:00,2026-03-31 09:50:18.712120,2026-03-31 12:02:23.837107,2026-04-01 22:04:54.491593,40.78,Road,On Time,15
SHP0438,Madurai,Pune,Bengaluru,2026-05-02 04:56:00,2026-05-02 08:43:14.816775,2026-05-02 15:28:54.988434,2026-05-03 09:07:59.909716,28.2,Road,On Time,18
SHP0439,Pune,Salem,Chennai,2026-03-07 06:31:00,2026-03-07 09:04:47.123463,2026-03-07 15:19:57.242929,2026-03-08 14:10:05.619461,31.65,Road,On Time,20
SHP0440,Kochi,Coimbatore,Coimbatore,2026-06-12 01:06:00,2026-06-12 08:30:24.938973,2026-06-12 09:27:30.941711,2026-06-13 02:32:25.621787,25.44,Road,On Time,8
SHP0441,Bengaluru,Delhi,Chennai,2026-02-02 07:45:00,2026-02-02 17:10:17.897759,2026-02-02 20:12:18.480302,2026-02-03 03:05:33.695181,19.34,Rail,On Time,4
SHP0442,Chennai,Madurai,Bengaluru,2026-01-05 13:15:00,2026-01-05 16:29:14.383603,2026-01-05 20:35:30.351337,2026-01-06 06:56:50.384209,17.7,Road,On Time,15
SHP0443,Chennai,Salem,Bengaluru,2026-06-05 02:00:00,2026-06-05 07:02:37.586519,2026-06-05 09:17:22.469043,2026-06-06 09:21:02.162769,31.35,Road,On Time,6
SHP0444,Coimbatore,Salem,Bengaluru,2026-06-05 21:39:00,2026-06-06 02:43:31.686773,2026-06-06 10:34:25.063966,2026-06-07 19:33:23.444215,45.91,Road,Delayed,9
SHP0445,Bengaluru,Kochi,Coimbatore,2026-06-24 06:14:00,2026-06-24 09:55:28.054054,2026-06-24 13:54:40.451839,2026-06-25 20:27:34.322423,38.23,Rail,On Time,21
SHP0446,Coimbatore,Pune,Chennai,2026-03-17 15:28:00,2026-03-18 00:22:35.488286,2026-03-18 08:37:23.908105,2026-03-20 23:20:11.115641,79.87,Rail,Delayed,26
SHP0447,Salem,Bengaluru,Chennai,2026-02-07 07:40:00,2026-02-07 10:48:56.418630,2026-02-07 12:32:08.976310,2026-02-07 20:59:40.350074,13.33,Air,On Time,8
SHP0448,Madurai,Madurai,Hyderabad,2026-04-04 12:34:00,2026-04-04 20:13:08.566108,2026-04-05 10:02:54.773073,2026-04-06 14:43:07.781017,50.15,Rail,On Time,22
SHP0449,Chennai,Salem,Coimbatore,2026-02-08 09:12:00,2026-02-08 11:39:56.095530,2026-02-08 15:22:56.625447,2026-02-09 18:33:34.782612,33.36,Rail,On Time,2
SHP0450,Bengaluru,Delhi,Chennai,2026-06-15 07:24:00,2026-06-15 17:40:38.304568,2026-06-15 23:09:09.540188,2026-06-16 21:59:30.235054,38.59,Rail,On Time,3
SHP0451,Pune,Hyderabad,Hyderabad,2026-03-18 19:23:00,2026-03-19 03:01:07.658210,2026-03-19 06:10:24.526279,2026-03-19 16:24:37.204693,21.03,Road,On Time,28
SHP0452,Bengaluru,Madurai,Mumbai,2026-02-08 22:55:00,2026-02-09 01:48:01.271906,2026-02-09 02:57:17.203652,2026-02-09 05:16:00.687022,6.35,Road,On Time,6
SHP0453,Madurai,Hyderabad,Bengaluru,2026-06-11 06:13:00,2026-06-11 14:57:51.878096,2026-06-12 00:27:55.137866,2026-06-12 14:46:20.079193,32.56,Rail,On Time,7
SHP0454,Hyderabad,Bengaluru,Chennai,2026-03-27 23:02:00,2026-03-28 03:45:37.623026,2026-03-28 11:57:23.825826,2026-03-29 10:19:52.908311,35.3,Road,On Time,17
SHP0455,Coimbatore,Salem,Coimbatore,2026-06-06 20:11:00,2026-06-07 01:48:33.054215,2026-06-07 04:56:06.845655,2026-06-07 16:48:20.152327,20.62,Rail,On Time,10
SHP0456,Pune,Hyderabad,Chennai,2026-01-13 03:19:00,2026-01-13 12:13:23.769808,2026-01-13 14:12:20.747482,2026-01-14 23:24:43.266735,44.1,Road,Delayed,21
SHP0457,Madurai,Madurai,Mumbai,2026-02-04 20:24:00,2026-02-05 03:19:33.741385,2026-02-05 05:03:01.708496,2026-02-05 13:31:17.021670,17.12,Air,On Time,7
SHP0458,Pune,Coimbatore,Hyderabad,2026-01-21 05:05:00,2026-01-21 13:21:55.093681,2026-01-21 15:00:39.451470,2026-01-26 03:59:05.528270,118.9,Rail,Delayed,4
SHP0459,Bengaluru,Pune,Bengaluru,2026-06-19 04:15:00,2026-06-19 12:40:03.025005,2026-06-19 17:14:02.141898,2026-06-21 19:52:35.229550,63.63,Rail,Delayed,11
SHP0460,Chennai,Salem,Chennai,2026-05-23 06:07:00,2026-05-23 11:27:21.948801,2026-05-23 16:20:47.915752,2026-05-25 00:24:50.814819,42.3,Road,Delayed,27
SHP0461,Bengaluru,Delhi,Hyderabad,2026-05-12 13:51:00,2026-05-12 17:28:58.841595,2026-05-12 19:54:20.436378,2026-05-14 00:03:28.085772,34.21,Road,On Time,8
SHP0462,Salem,Pune,Hyderabad,2026-06-26 16:34:00,2026-06-26 18:46:58.931371,2026-06-26 21:53:23.745425,2026-06-27 20:42:53.677045,28.15,Air,Delayed,14
SHP0463,Bengaluru,Salem,Bengaluru,2026-03-25 11:48:00,2026-03-25 21:00:24.606763,2026-03-26 01:25:42.395439,2026-03-30 20:55:39.590773,129.13,Rail,Delayed,8
SHP0464,Chennai,Pune,Chennai,2026-02-03 18:55:00,2026-02-04 02:57:58.829209,2026-02-04 12:53:32.256596,2026-02-05 06:45:48.121828,35.85,Road,On Time,17
SHP0465,Chennai,Hyderabad,Bengaluru,2026-03-14 18:17:00,2026-03-15 10:10:26.791402,2026-03-15 13:00:22.705621,2026-03-17 03:50:35.431562,57.56,Road,Delayed,28
SHP0466,Madurai,Salem,Coimbatore,2026-01-04 10:30:00,2026-01-04 16:02:59.634362,2026-01-04 20:44:55.613466,2026-01-05 06:44:32.633198,20.24,Road,On Time,7
SHP0467,Bengaluru,Delhi,Chennai,2026-02-14 23:07:00,2026-02-15 02:40:44.420358,2026-02-15 04:55:44.617413,2026-02-15 20:15:42.910274,21.15,Road,On Time,16
SHP0468,Bengaluru,Chennai,Mumbai,2026-06-05 12:22:00,2026-06-05 16:33:27.150380,2026-06-05 19:08:27.433940,2026-06-06 16:09:33.820192,27.79,Road,On Time,16
SHP0469,Pune,Madurai,Coimbatore,2026-02-17 00:05:00,2026-02-17 04:45:25.857926,2026-02-17 07:59:39.089554,2026-02-17 19:02:13.351535,18.95,Road,On Time,12
SHP0470,Hyderabad,Madurai,Coimbatore,2026-04-28 15:47:00,2026-04-29 01:25:49.104379,2026-04-29 07:31:58.535293,2026-04-29 20:46:47.263349,29.0,Road,On Time,30
SHP0471,Madurai,Salem,Coimbatore,2026-05-28 00:22:00,2026-05-28 04:57:32.688106,2026-05-28 08:13:34.431967,2026-05-28 19:06:31.102868,18.74,Road,On Time,1
SHP0472,Pune,Delhi,Hyderabad,2026-01-29 15:28:00,2026-01-29 18:36:53.650946,2026-01-29 19:44:57.628677,2026-01-30 17:18:00.144832,25.83,Road,On Time,7
SHP0473,Bengaluru,Coimbatore,Coimbatore,2026-02-07 07:20:00,2026-02-07 12:48:41.401124,2026-02-07 18:08:52.091632,2026-02-09 22:49:41.741011,63.49,Road,Delayed,21
SHP0474,Kochi,Pune,Coimbatore,2026-03-23 03:31:00,2026-03-23 10:26:33.050453,2026-03-23 14:17:12.436925,2026-03-24 07:50:05.027505,28.32,Rail,On Time,9
SHP0475,Hyderabad,Kochi,Mumbai,2026-01-19 01:41:00,2026-01-19 05:49:17.603036,2026-01-19 12:38:21.332561,2026-01-20 19:48:27.052022,42.12,Road,Delayed,9
SHP0476,Hyderabad,Salem,Chennai,2026-03-21 05:40:00,2026-03-21 13:34:30.077199,2026-03-21 17:03:14.591267,2026-03-23 13:52:49.518946,56.21,Rail,Delayed,13
SHP0477,Bengaluru,Salem,Hyderabad,2026-03-08 21:53:00,2026-03-09 03:07:47.471620,2026-03-09 05:43:36.862427,2026-03-11 02:27:14.327816,52.57,Road,Delayed,22
SHP0478,Coimbatore,Chennai,Chennai,2026-01-23 12:40:00,2026-01-23 20:10:56.138091,2026-01-24 04:04:26.985429,2026-01-24 14:17:18.631757,25.62,Road,On Time,27
SHP0479,Salem,Coimbatore,Coimbatore,2026-04-06 14:52:00,2026-04-07 02:35:57.581015,2026-04-07 05:48:03.053051,2026-04-07 16:18:17.899730,25.44,Road,On Time,8
SHP0480,Madurai,Bengaluru,Bengaluru,2026-06-16 22:13:00,2026-06-17 10:15:10.874603,2026-06-17 12:30:11.183014,2026-06-17 18:37:37.598327,20.41,Road,On Time,18
SHP0481,Hyderabad,Bengaluru,Mumbai,2026-06-28 17:47:00,2026-06-29 02:41:11.572343,2026-06-29 08:53:00.363218,2026-06-29 16:20:33.336481,22.56,Road,On Time,9
SHP0482,Coimbatore,Delhi,Hyderabad,2026-04-25 02:42:00,2026-04-25 08:43:18.202084,2026-04-25 09:45:16.469373,2026-04-26 11:09:57.386709,32.47,Road,On Time,9
SHP0483,Salem,Hyderabad,Chennai,2026-02-09 16:22:00,2026-02-09 22:55:45.642263,2026-02-10 01:19:08.477479,2026-02-11 22:49:33.139233,54.46,Road,Delayed,14
SHP0484,Chennai,Coimbatore,Bengaluru,2026-05-12 08:42:00,2026-05-12 14:16:23.852185,2026-05-12 16:49:56.152351,2026-05-16 07:09:48.609639,94.46,Road,Delayed,9
SHP0485,Madurai,Madurai,Hyderabad,2026-04-30 09:46:00,2026-04-30 16:13:16.152902,2026-04-30 20:42:03.149522,2026-05-04 07:09:20.801727,93.39,Road,Delayed,24
SHP0486,Coimbatore,Salem,Hyderabad,2026-02-14 08:58:00,2026-02-14 21:03:51.798489,2026-02-15 02:48:20.615764,2026-02-15 20:23:06.775576,35.42,Road,On Time,18
SHP0487,Pune,Hyderabad,Chennai,2026-04-22 13:20:00,2026-04-22 16:19:54.335092,2026-04-22 17:25:23.203686,2026-04-22 21:26:56.642094,8.12,Rail,On Time,8
SHP0488,Pune,Kochi,Chennai,2026-01-12 19:34:00,2026-01-12 22:25:18.122937,2026-01-13 02:45:36.165578,2026-01-15 01:55:18.640038,54.36,Road,Delayed,15
SHP0489,Coimbatore,Hyderabad,Coimbatore,2026-01-31 15:20:00,2026-02-01 04:43:58.244004,2026-02-01 07:16:39.101646,2026-02-01 13:28:45.561190,22.15,Road,On Time,10
SHP0490,Madurai,Mumbai,Mumbai,2026-04-28 06:42:00,2026-04-28 15:45:56.565091,2026-04-28 17:49:00.612016,2026-04-29 05:19:51.918167,22.63,Road,On Time,10
SHP0491,Madurai,Salem,Chennai,2026-02-18 09:07:00,2026-02-18 12:59:08.006166,2026-02-18 15:35:59.224768,2026-02-21 11:04:58.044804,73.97,Rail,Delayed,22
SHP0492,Coimbatore,Hyderabad,Chennai,2026-02-17 07:20:00,2026-02-17 13:05:54.989714,2026-02-17 19:33:56.330897,2026-02-19 13:32:20.410996,54.21,Rail,Delayed,24
SHP0493,Hyderabad,Coimbatore,Chennai,2026-01-15 03:17:00,2026-01-15 06:08:59.503217,2026-01-15 08:09:49.206121,2026-01-16 23:11:42.218547,43.91,Road,Delayed,7
SHP0494,Kochi,Coimbatore,Mumbai,2026-04-07 13:25:00,2026-04-07 21:20:50.763128,2026-04-08 11:58:36.598843,2026-04-11 01:24:22.587685,83.99,Rail,Delayed,27
SHP0495,Coimbatore,Chennai,Chennai,2026-01-13 11:26:00,2026-01-13 18:45:19.317226,2026-01-14 03:14:56.638622,2026-01-14 09:13:33.105030,21.79,Rail,On Time,2
SHP0496,Kochi,Kochi,Chennai,2026-02-01 19:24:00,2026-02-02 02:44:18.898569,2026-02-02 04:08:58.152971,2026-02-04 12:23:51.662236,65.0,Road,Delayed,10
SHP0497,Pune,Mumbai,Chennai,2026-03-30 06:07:00,2026-03-30 23:46:19.967194,2026-03-31 03:20:13.396775,2026-04-01 09:59:11.857342,51.87,Road,Delayed,17
SHP0498,Coimbatore,Chennai,Chennai,2026-06-13 10:55:00,2026-06-13 16:27:19.584086,2026-06-13 20:09:56.542337,2026-06-16 10:55:21.535081,72.01,Road,Delayed,10
SHP0499,Salem,Pune,Chennai,2026-02-11 10:09:00,2026-02-11 16:47:08.406836,2026-02-12 01:37:18.467350,2026-02-13 04:29:05.557166,42.33,Road,Delayed,14
SHP0500,Kochi,Kochi,Chennai,2026-03-20 10:14:00,2026-03-20 18:10:32.660347,2026-03-20 20:55:46.085793,2026-03-21 15:04:08.288750,28.84,Road,On Time,13
SHP0501,Hyderabad,Madurai,Bengaluru,2026-05-31 14:56:00,2026-06-01 01:03:58.272765,2026-06-01 03:46:30.156112,2026-06-02 19:10:04.665578,52.23,Rail,On Time,11
SHP0502,Kochi,Delhi,Coimbatore,2026-05-02 18:51:00,2026-05-02 19:40:48.810600,2026-05-02 20:15:49.494712,2026-05-04 05:37:16.151297,34.77,Road,On Time,1
SHP0503,Pune,Delhi,Chennai,2026-05-16 07:54:00,2026-05-16 13:45:22.514371,2026-05-16 20:07:00.338535,2026-05-17 15:30:04.895086,31.6,Road,On Time,23
SHP0504,Bengaluru,Pune,Coimbatore,2026-01-20 09:58:00,2026-01-20 13:22:48.859691,2026-01-20 17:01:37.081511,2026-01-20 22:00:16.282925,12.04,Road,On Time,13
SHP0505,Coimbatore,Mumbai,Chennai,2026-04-29 22:31:00,2026-04-30 00:46:44.483482,2026-04-30 04:45:40.234196,2026-04-30 22:37:46.990613,24.11,Road,On Time,7
SHP0506,Madurai,Delhi,Coimbatore,2026-04-12 05:03:00,2026-04-12 13:33:49.149207,2026-04-12 15:01:27.295590,2026-04-13 13:04:20.959794,32.02,Road,On Time,10
SHP0507,Salem,Chennai,Bengaluru,2026-01-19 13:20:00,2026-01-19 18:04:33.943139,2026-01-19 18:50:08.827372,2026-01-20 07:43:06.207074,18.39,Road,On Time,2
SHP0508,Bengaluru,Mumbai,Chennai,2026-04-21 11:41:00,2026-04-21 14:39:03.188724,2026-04-22 01:10:16.806995,2026-04-22 11:40:37.376343,23.99,Road,On Time,20
SHP0509,Hyderabad,Hyderabad,Hyderabad,2026-05-15 00:51:00,2026-05-15 09:48:22.741276,2026-05-15 12:52:29.525176,2026-05-16 09:04:34.019790,32.23,Road,On Time,6
SHP0510,Coimbatore,Bengaluru,Chennai,2026-03-03 17:30:00,2026-03-03 20:09:03.184675,2026-03-03 23:02:04.638602,2026-03-04 02:19:29.904343,8.82,Rail,On Time,2
SHP0511,Salem,Hyderabad,Chennai,2026-01-22 15:59:00,2026-01-23 12:11:00.129888,2026-01-23 22:23:51.341554,2026-01-25 22:27:04.199880,78.47,Rail,Delayed,27
SHP0512,Pune,Salem,Chennai,2026-03-08 23:14:00,2026-03-09 05:47:30.695650,2026-03-09 12:14:28.957907,2026-03-09 22:49:32.753460,23.59,Road,On Time,6
SHP0513,Hyderabad,Madurai,Mumbai,2026-02-27 19:54:00,2026-02-27 22:45:53.664478,2026-02-28 04:26:10.092179,2026-02-28 21:49:12.870997,25.92,Air,Delayed,13
SHP0514,Madurai,Pune,Chennai,2026-03-19 09:26:00,2026-03-19 21:52:25.737491,2026-03-20 02:26:47.374147,2026-03-22 01:14:45.364026,63.81,Road,Delayed,15
SHP0515,Chennai,Mumbai,Bengaluru,2026-05-18 04:19:00,2026-05-18 11:16:33.536591,2026-05-18 21:54:45.653327,2026-05-20 18:21:30.393540,62.04,Road,Delayed,22
SHP0516,Kochi,Madurai,Bengaluru,2026-06-27 20:55:00,2026-06-28 01:59:37.180954,2026-06-28 04:45:40.926914,2026-06-29 16:31:55.856804,43.62,Road,Delayed,14
SHP0517,Pune,Chennai,Chennai,2026-03-22 06:58:00,2026-03-22 14:51:49.700406,2026-03-22 18:26:38.956945,2026-03-24 18:21:11.866843,59.39,Rail,Delayed,23
SHP0518,Madurai,Pune,Chennai,2026-05-31 12:44:00,2026-05-31 17:44:02.153639,2026-05-31 19:00:22.084556,2026-06-04 21:12:55.664183,104.48,Rail,Delayed,12
SHP0519,Pune,Delhi,Hyderabad,2026-03-16 08:11:00,2026-03-16 13:37:54.300097,2026-03-16 18:42:43.837788,2026-03-17 15:10:23.880175,30.99,Rail,On Time,12
SHP0520,Madurai,Bengaluru,Mumbai,2026-06-20 21:44:00,2026-06-21 12:14:55.751574,2026-06-21 14:00:20.862393,2026-06-21 17:29:03.760614,19.75,Road,On Time,6
SHP0521,Pune,Coimbatore,Hyderabad,2026-06-19 19:24:00,2026-06-20 00:38:25.152917,2026-06-20 12:10:37.413732,2026-06-25 22:01:47.310771,146.63,Rail,Delayed,23
SHP0522,Chennai,Hyderabad,Hyderabad,2026-01-30 17:48:00,2026-01-30 21:49:40.909444,2026-01-31 01:27:36.651723,2026-02-01 07:10:53.280265,37.38,Road,On Time,1
SHP0523,Kochi,Madurai,Bengaluru,2026-05-06 02:59:00,2026-05-06 09:11:01.427513,2026-05-06 13:46:38.164750,2026-05-09 05:32:33.460453,74.56,Road,Delayed,11
SHP0524,Hyderabad,Hyderabad,Hyderabad,2026-03-04 14:13:00,2026-03-04 19:37:46.139731,2026-03-04 21:00:35.734889,2026-03-05 01:49:46.924427,11.61,Road,On Time,5
SHP0525,Madurai,Kochi,Chennai,2026-03-15 02:06:00,2026-03-15 10:25:55.683821,2026-03-15 13:16:17.140443,2026-03-17 02:24:34.787444,48.31,Road,Delayed,11
SHP0526,Pune,Chennai,Hyderabad,2026-06-03 01:48:00,2026-06-03 10:15:52.475159,2026-06-03 17:37:55.678824,2026-06-05 19:56:19.054192,66.14,Road,Delayed,9
SHP0527,Bengaluru,Kochi,Coimbatore,2026-05-21 12:54:00,2026-05-21 22:16:33.522867,2026-05-22 01:25:11.877743,2026-05-22 22:36:08.491355,33.7,Rail,On Time,28
SHP0528,Chennai,Chennai,Chennai,2026-03-28 21:37:00,2026-03-29 10:04:04.102791,2026-03-29 18:06:46.020831,2026-03-30 11:16:44.879253,37.66,Air,Delayed,27
SHP0529,Bengaluru,Mumbai,Chennai,2026-01-13 12:43:00,2026-01-13 17:24:42.518067,2026-01-14 04:14:12.579275,2026-01-16 22:34:55.767664,81.87,Road,Delayed,20
SHP0530,Hyderabad,Hyderabad,Hyderabad,2026-02-19 04:46:00,2026-02-19 10:26:05.820149,2026-02-19 16:03:16.080898,2026-02-21 04:59:10.128811,48.22,Road,Delayed,8
SHP0531,Bengaluru,Bengaluru,Mumbai,2026-01-22 16:45:00,2026-01-22 20:56:30.365702,2026-01-23 05:07:00.845085,2026-01-24 19:39:32.700505,50.91,Road,Delayed,14
SHP0532,Madurai,Madurai,Bengaluru,2026-01-23 01:12:00,2026-01-23 18:16:12.043390,2026-01-23 23:23:25.907762,2026-01-25 22:45:57.818259,69.57,Road,Delayed,17
SHP0533,Chennai,Kochi,Bengaluru,2026-05-07 08:56:00,2026-05-08 01:00:08.269375,2026-05-08 03:37:06.618369,2026-05-12 15:41:05.773605,126.75,Road,Delayed,22
SHP0534,Kochi,Coimbatore,Hyderabad,2026-06-16 07:05:00,2026-06-16 15:18:13.645623,2026-06-16 18:13:23.178577,2026-06-19 02:41:03.731827,67.6,Road,Delayed,28
SHP0535,Chennai,Coimbatore,Coimbatore,2026-03-08 09:21:00,2026-03-08 17:31:48.148030,2026-03-08 19:43:13.289025,2026-03-09 17:52:55.859225,32.53,Road,On Time,22
SHP0536,Bengaluru,Delhi,Hyderabad,2026-02-21 02:02:00,2026-02-21 09:50:58.972159,2026-02-21 12:06:15.600958,2026-02-22 05:29:06.876781,27.45,Rail,On Time,29
SHP0537,Chennai,Pune,Hyderabad,2026-06-22 13:29:00,2026-06-22 22:18:32.444040,2026-06-23 03:35:51.929785,2026-06-26 06:08:42.212333,88.66,Road,Delayed,28
SHP0538,Pune,Salem,Chennai,2026-02-23 07:40:00,2026-02-23 19:23:08.454894,2026-02-23 23:41:34.022433,2026-02-24 03:34:36.306827,19.91,Rail,On Time,2
SHP0539,Pune,Chennai,Mumbai,2026-06-14 12:26:00,2026-06-14 19:33:19.435068,2026-06-15 00:59:24.006181,2026-06-15 13:34:18.732809,25.14,Road,On Time,21
SHP0540,Bengaluru,Bengaluru,Bengaluru,2026-02-17 02:22:00,2026-02-17 09:26:30.019288,2026-02-17 14:30:57.298945,2026-02-18 18:00:29.145208,39.64,Rail,On Time,28
SHP0541,Kochi,Madurai,Bengaluru,2026-03-06 02:22:00,2026-03-06 17:06:52.026165,2026-03-06 21:28:02.104859,2026-03-07 18:17:18.673493,39.92,Rail,On Time,8
SHP0542,Coimbatore,Salem,Coimbatore,2026-04-06 13:35:00,2026-04-06 17:35:14.165513,2026-04-06 23:09:02.751232,2026-04-07 19:13:13.642531,29.64,Rail,On Time,11
SHP0543,Chennai,Coimbatore,Bengaluru,2026-02-07 00:44:00,2026-02-07 07:36:02.637811,2026-02-07 11:48:51.384868,2026-02-07 18:44:44.693569,18.01,Road,On Time,30
SHP0544,Salem,Coimbatore,Coimbatore,2026-06-03 17:20:00,2026-06-04 01:08:36.629259,2026-06-04 06:32:30.239285,2026-06-04 11:08:37.139051,17.81,Road,On Time,28
SHP0545,Hyderabad,Pune,Bengaluru,2026-03-10 00:09:00,2026-03-10 08:02:14.466962,2026-03-10 09:57:39.895991,2026-03-10 23:28:24.681586,23.32,Rail,On Time,23
SHP0546,Chennai,Pune,Coimbatore,2026-04-15 06:23:00,2026-04-15 16:01:06.517642,2026-04-15 20:20:58.936870,2026-04-16 16:50:48.240862,34.46,Road,On Time,9
SHP0547,Madurai,Bengaluru,Chennai,2026-02-21 11:36:00,2026-02-21 23:17:01.951140,2026-02-22 02:48:32.392673,2026-02-25 01:20:13.104887,85.74,Rail,Delayed,27
SHP0548,Pune,Salem,Chennai,2026-05-17 06:46:00,2026-05-17 10:06:27.875569,2026-05-17 12:41:01.141235,2026-05-17 23:16:55.748482,16.52,Air,On Time,8
SHP0549,Pune,Pune,Hyderabad,2026-01-02 01:07:00,2026-01-02 10:11:54.520833,2026-01-02 10:53:58.546506,2026-01-04 22:24:34.971782,69.29,Road,Delayed,4
SHP0550,Coimbatore,Bengaluru,Coimbatore,2026-03-22 22:50:00,2026-03-23 03:47:37.689912,2026-03-23 05:48:42.766800,2026-03-25 13:11:17.313887,62.35,Rail,Delayed,29
SHP0551,Madurai,Pune,Chennai,2026-02-13 19:46:00,2026-02-14 00:13:12.927823,2026-02-14 07:55:29.134730,2026-02-15 17:14:13.835133,45.47,Road,Delayed,20
SHP0552,Madurai,Delhi,Mumbai,2026-03-19 15:03:00,2026-03-19 22:57:45.356248,2026-03-20 01:24:57.824012,2026-03-22 00:09:28.210898,57.11,Road,Delayed,17
SHP0553,Hyderabad,Madurai,Coimbatore,2026-06-07 02:59:00,2026-06-07 10:01:20.450886,2026-06-07 18:52:30.980701,2026-06-08 05:22:16.609565,26.39,Road,On Time,7
SHP0554,Coimbatore,Hyderabad,Coimbatore,2026-06-08 08:30:00,2026-06-08 16:38:50.959844,2026-06-08 19:10:08.704751,2026-06-10 13:20:00.149765,52.83,Road,Delayed,19
SHP0555,Kochi,Coimbatore,Chennai,2026-03-17 15:55:00,2026-03-17 23:52:01.545900,2026-03-18 03:23:00.793195,2026-03-19 08:15:56.577398,40.35,Road,On Time,21
SHP0556,Pune,Kochi,Bengaluru,2026-05-29 02:51:00,2026-05-29 04:41:51.220786,2026-05-29 07:14:33.644199,2026-05-30 09:51:46.714723,31.01,Road,On Time,7
SHP0557,Pune,Pune,Bengaluru,2026-06-23 04:13:00,2026-06-23 07:21:54.292141,2026-06-23 10:26:11.471890,2026-06-24 21:28:05.233088,41.25,Road,On Time,7
SHP0558,Madurai,Pune,Chennai,2026-06-28 23:13:00,2026-06-29 06:41:10.375732,2026-06-29 12:40:04.587723,2026-06-30 00:27:40.190858,25.24,Road,On Time,21
SHP0559,Pune,Bengaluru,Coimbatore,2026-04-23 11:48:00,2026-04-23 20:10:36.046597,2026-04-24 00:06:25.621373,2026-04-27 03:43:37.665973,87.93,Road,Delayed,28
SHP0560,Hyderabad,Salem,Coimbatore,2026-05-31 00:21:00,2026-05-31 05:52:44.967998,2026-05-31 07:59:30.372828,2026-06-01 14:05:26.223087,37.74,Road,On Time,1
SHP0561,Salem,Pune,Hyderabad,2026-01-02 07:24:00,2026-01-02 09:34:26.881850,2026-01-02 14:01:36.293581,2026-01-03 01:32:49.085171,18.15,Rail,On Time,9
SHP0562,Pune,Pune,Bengaluru,2026-03-22 16:57:00,2026-03-23 02:45:42.455056,2026-03-23 07:09:19.497803,2026-03-23 12:47:09.003912,19.84,Air,On Time,26
SHP0563,Pune,Salem,Chennai,2026-02-10 15:58:00,2026-02-10 21:14:14.650518,2026-02-11 03:05:12.039867,2026-02-13 16:30:02.463452,72.53,Rail,Delayed,30
SHP0564,Kochi,Delhi,Hyderabad,2026-06-29 13:49:00,2026-06-29 20:13:19.174878,2026-06-30 00:13:24.817157,2026-06-30 19:22:32.417611,29.56,Rail,On Time,10
SHP0565,Hyderabad,Salem,Mumbai,2026-06-23 14:58:00,2026-06-23 23:45:26.365826,2026-06-24 01:56:08.578132,2026-06-25 05:22:16.240242,38.4,Road,On Time,21
SHP0566,Madurai,Hyderabad,Chennai,2026-06-18 11:42:00,2026-06-19 04:21:39.945844,2026-06-19 08:38:03.694769,2026-06-20 08:16:39.349488,44.58,Road,Delayed,29
SHP0567,Salem,Chennai,Coimbatore,2026-05-16 02:19:00,2026-05-16 04:34:12.479319,2026-05-16 11:09:51.432264,2026-05-18 03:55:11.998871,49.6,Road,Delayed,15
SHP0568,Hyderabad,Hyderabad,Bengaluru,2026-05-28 00:03:00,2026-05-28 07:14:34.204318,2026-05-28 13:02:24.767965,2026-05-30 11:21:41.171899,59.31,Rail,Delayed,25
SHP0569,Pune,Pune,Hyderabad,2026-03-11 04:02:00,2026-03-11 15:33:24.904126,2026-03-11 17:52:48.550307,2026-03-11 23:34:50.325813,19.55,Road,On Time,30
SHP0570,Kochi,Delhi,Hyderabad,2026-05-17 19:03:00,2026-05-18 00:13:10.390837,2026-05-18 01:58:55.738248,2026-05-19 03:37:31.554426,32.58,Road,On Time,25
SHP0571,Coimbatore,Mumbai,Coimbatore,2026-06-10 14:29:00,2026-06-10 22:54:24.165353,2026-06-11 02:44:30.705267,2026-06-11 17:27:08.981069,26.97,Road,On Time,13
SHP0572,Hyderabad,Delhi,Chennai,2026-05-28 01:54:00,2026-05-28 07:48:58.394307,2026-05-28 09:21:34.405234,2026-05-30 03:20:23.181337,49.44,Rail,On Time,16
SHP0573,Bengaluru,Madurai,Bengaluru,2026-04-02 02:39:00,2026-04-02 06:48:11.808542,2026-04-02 16:47:24.339832,2026-04-04 07:44:28.487610,53.09,Road,Delayed,21
SHP0574,Pune,Madurai,Coimbatore,2026-03-12 12:03:00,2026-03-12 19:55:49.383200,2026-03-13 00:05:18.689849,2026-03-13 21:24:14.850935,33.35,Rail,On Time,21
SHP0575,Kochi,Pune,Bengaluru,2026-02-19 07:38:00,2026-02-19 10:53:02.888501,2026-02-19 17:57:09.789347,2026-02-20 22:33:45.107122,38.93,Road,On Time,12
SHP0576,Kochi,Madurai,Chennai,2026-05-03 17:40:00,2026-05-03 22:03:58.088290,2026-05-04 03:24:24.858821,2026-05-07 03:17:34.995926,81.63,Rail,Delayed,30
SHP0577,Pune,Pune,Coimbatore,2026-03-26 21:13:00,2026-03-27 03:14:14.616963,2026-03-27 04:43:46.359332,2026-03-29 11:33:38.911161,62.34,Road,Delayed,19
SHP0578,Bengaluru,Kochi,Chennai,2026-04-20 12:11:00,2026-04-20 18:28:19.926969,2026-04-21 00:44:22.835080,2026-04-21 05:04:31.339517,16.89,Road,On Time,20
SHP0579,Bengaluru,Salem,Coimbatore,2026-02-07 02:19:00,2026-02-07 08:36:28.281254,2026-02-07 09:30:13.658508,2026-02-07 22:59:16.896631,20.67,Road,On Time,10
SHP0580,Bengaluru,Salem,Hyderabad,2026-01-22 10:10:00,2026-01-22 15:04:10.754658,2026-01-22 17:59:57.126073,2026-01-24 02:20:33.908729,40.18,Road,On Time,29
SHP0581,Salem,Delhi,Coimbatore,2026-02-07 07:39:00,2026-02-07 12:59:00.770985,2026-02-07 16:01:34.580169,2026-02-08 15:32:52.307417,31.9,Road,On Time,25
SHP0582,Salem,Hyderabad,Chennai,2026-05-10 17:43:00,2026-05-11 20:09:27.907786,2026-05-12 01:48:59.484949,2026-05-14 14:19:38.587224,92.61,Road,Delayed,29
SHP0583,Kochi,Kochi,Hyderabad,2026-04-07 04:47:00,2026-04-07 10:07:26.940937,2026-04-07 14:57:12.293776,2026-04-08 04:37:11.606365,23.84,Road,On Time,14
SHP0584,Pune,Delhi,Hyderabad,2026-01-21 18:39:00,2026-01-21 23:26:09.881792,2026-01-22 12:34:31.520327,2026-01-23 01:57:46.346787,31.31,Road,On Time,30
SHP0585,Pune,Hyderabad,Hyderabad,2026-04-24 03:39:00,2026-04-24 08:41:28.485156,2026-04-24 10:49:15.400535,2026-04-25 09:02:28.672432,29.39,Rail,On Time,18
SHP0586,Coimbatore,Bengaluru,Coimbatore,2026-02-13 06:20:00,2026-02-13 13:55:55.588141,2026-02-13 17:43:26.221815,2026-02-15 04:29:32.238740,46.16,Road,Delayed,14
SHP0587,Bengaluru,Hyderabad,Bengaluru,2026-01-15 14:27:00,2026-01-15 15:41:19.278617,2026-01-15 22:08:40.736609,2026-01-16 16:24:30.804177,25.96,Road,On Time,5
SHP0588,Madurai,Hyderabad,Hyderabad,2026-03-12 04:52:00,2026-03-12 08:40:10.758189,2026-03-12 14:00:27.858913,2026-03-13 14:22:57.391064,33.52,Road,On Time,2
SHP0589,Hyderabad,Salem,Coimbatore,2026-01-25 13:05:00,2026-01-25 23:53:56.735235,2026-01-26 05:43:36.556326,2026-01-27 19:48:05.666952,54.72,Road,Delayed,17
SHP0590,Coimbatore,Mumbai,Bengaluru,2026-03-29 01:22:00,2026-03-29 05:50:13.107375,2026-03-29 12:32:12.436888,2026-03-31 19:04:00.557780,65.7,Road,Delayed,21
SHP0591,Chennai,Delhi,Hyderabad,2026-01-14 06:58:00,2026-01-14 10:13:21.991537,2026-01-14 11:59:15.104799,2026-01-15 07:54:13.138772,24.94,Road,On Time,4
SHP0592,Bengaluru,Kochi,Hyderabad,2026-06-24 23:07:00,2026-06-25 05:58:49.315621,2026-06-25 08:01:05.650909,2026-06-26 07:32:01.736566,32.42,Rail,On Time,22
SHP0593,Coimbatore,Kochi,Mumbai,2026-04-04 06:25:00,2026-04-04 14:03:39.041349,2026-04-04 21:36:19.222092,2026-04-05 08:32:53.132248,26.13,Air,Delayed,27
SHP0594,Coimbatore,Mumbai,Chennai,2026-01-09 23:23:00,2026-01-10 06:25:55.807994,2026-01-10 12:48:52.129711,2026-01-11 23:28:13.021128,48.09,Road,Delayed,14
SHP0595,Hyderabad,Chennai,Hyderabad,2026-05-22 01:21:00,2026-05-22 06:35:18.062361,2026-05-22 15:59:02.235028,2026-05-23 00:39:41.512578,23.31,Air,Delayed,16
SHP0596,Salem,Pune,Hyderabad,2026-02-17 15:11:00,2026-02-17 21:22:10.530804,2026-02-18 01:23:45.636882,2026-02-19 03:33:40.874626,36.38,Road,On Time,1
SHP0597,Kochi,Coimbatore,Chennai,2026-05-30 12:58:00,2026-05-31 15:23:11.228531,2026-05-31 16:58:49.405777,2026-06-01 16:13:59.114008,51.27,Road,Delayed,10
SHP0598,Chennai,Chennai,Chennai,2026-01-19 15:44:00,2026-01-19 22:50:40.424659,2026-01-20 00:59:01.772883,2026-01-20 10:26:49.992544,18.71,Road,On Time,25
SHP0599,Salem,Chennai,Coimbatore,2026-06-19 21:06:00,2026-06-20 03:11:45.920589,2026-06-20 09:03:19.977043,2026-06-22 06:15:40.046790,57.16,Road,Delayed,3
SHP0600,Chennai,Salem,Coimbatore,2026-02-01 22:55:00,2026-02-02 02:33:42.353443,2026-02-02 06:21:17.080197,2026-02-02 18:07:47.220907,19.21,Road,On Time,30
SHP0601,Coimbatore,Delhi,Hyderabad,2026-06-09 05:23:00,2026-06-09 19:23:29.235346,2026-06-10 06:33:19.860674,2026-06-10 19:39:57.144205,38.28,Road,On Time,30
SHP0602,Bengaluru,Madurai,Mumbai,2026-01-14 12:51:00,2026-01-14 19:34:06.131698,2026-01-15 05:13:56.956453,2026-01-15 23:47:49.171674,34.95,Road,On Time,23
SHP0603,Salem,Hyderabad,Bengaluru,2026-02-14 20:05:00,2026-02-15 01:07:38.109170,2026-02-15 01:49:28.731287,2026-02-16 00:01:42.353934,27.95,Road,On Time,10
SHP0604,Madurai,Madurai,Bengaluru,2026-02-19 10:28:00,2026-02-19 18:58:48.527734,2026-02-19 21:55:15.774263,2026-02-21 04:05:31.853357,41.63,Road,On Time,29
SHP0605,Bengaluru,Hyderabad,Coimbatore,2026-03-13 16:35:00,2026-03-14 01:32:38.762786,2026-03-14 03:53:06.212451,2026-03-15 10:30:00.001613,41.92,Rail,On Time,24
SHP0606,Salem,Chennai,Bengaluru,2026-02-18 12:17:00,2026-02-18 14:41:49.135417,2026-02-18 21:09:34.182679,2026-02-21 00:58:38.667292,60.69,Road,Delayed,1
SHP0607,Hyderabad,Hyderabad,Coimbatore,2026-06-24 19:17:00,2026-06-25 02:00:00.297136,2026-06-25 06:09:17.178053,2026-06-25 20:51:56.872250,25.58,Road,On Time,11
SHP0608,Salem,Mumbai,Coimbatore,2026-06-25 05:38:00,2026-06-25 11:41:14.288051,2026-06-25 13:44:29.287415,2026-06-27 03:03:36.315049,45.43,Road,Delayed,12
SHP0609,Chennai,Kochi,Coimbatore,2026-05-08 15:31:00,2026-05-08 18:32:16.260348,2026-05-08 21:56:18.780172,2026-05-09 14:20:35.524911,22.83,Road,On Time,19
SHP0610,Chennai,Coimbatore,Hyderabad,2026-06-26 10:46:00,2026-06-27 01:37:28.673916,2026-06-27 06:46:24.925190,2026-06-27 16:42:53.801748,29.95,Road,On Time,14
SHP0611,Chennai,Madurai,Chennai,2026-04-04 21:49:00,2026-04-05 05:44:31.686796,2026-04-05 10:30:42.594363,2026-04-07 20:52:39.745404,71.06,Rail,Delayed,1
SHP0612,Coimbatore,Coimbatore,Bengaluru,2026-02-19 21:30:00,2026-02-20 04:59:52.394113,2026-02-20 06:05:21.093264,2026-02-20 17:48:09.150732,20.3,Road,On Time,17
SHP0613,Bengaluru,Coimbatore,Mumbai,2026-06-23 14:15:00,2026-06-23 18:45:28.127884,2026-06-23 21:03:10.096530,2026-06-25 15:00:58.019276,48.77,Road,Delayed,25
SHP0614,Bengaluru,Pune,Coimbatore,2026-03-18 23:49:00,2026-03-19 02:28:45.351556,2026-03-19 07:34:52.441579,2026-03-19 19:35:39.398579,19.78,Road,On Time,2
SHP0615,Salem,Bengaluru,Hyderabad,2026-03-25 17:39:00,2026-03-26 06:50:06.883179,2026-03-26 10:39:16.091204,2026-03-30 23:29:31.545360,125.84,Road,Delayed,13
SHP0616,Pune,Madurai,Hyderabad,2026-04-29 18:37:00,2026-04-29 21:09:20.294006,2026-04-30 04:30:53.062046,2026-04-30 13:27:14.303417,18.84,Road,On Time,2
SHP0617,Salem,Chennai,Bengaluru,2026-04-22 05:05:00,2026-04-22 10:44:59.482357,2026-04-22 12:29:13.369906,2026-04-24 00:36:46.467070,43.53,Road,Delayed,18
SHP0618,Bengaluru,Chennai,Hyderabad,2026-05-17 11:49:00,2026-05-17 20:25:47.423677,2026-05-18 01:44:29.018471,2026-05-18 11:34:26.321908,23.76,Road,On Time,12
SHP0619,Madurai,Delhi,Coimbatore,2026-06-04 09:47:00,2026-06-05 00:31:58.710063,2026-06-05 06:59:34.602473,2026-06-05 12:25:34.907336,26.64,Air,Delayed,28
SHP0620,Bengaluru,Mumbai,Chennai,2026-06-02 03:30:00,2026-06-02 08:25:36.106953,2026-06-02 10:29:01.977032,2026-06-05 15:51:48.075054,84.36,Road,Delayed,16
SHP0621,Chennai,Kochi,Chennai,2026-01-08 16:58:00,2026-01-09 02:39:24.528716,2026-01-09 08:10:43.254032,2026-01-13 12:17:49.378647,115.33,Rail,Delayed,29
SHP0622,Pune,Hyderabad,Chennai,2026-05-13 20:30:00,2026-05-14 11:57:14.236594,2026-05-14 16:13:58.310510,2026-05-17 19:41:00.439064,95.18,Road,Delayed,26
SHP0623,Chennai,Madurai,Bengaluru,2026-02-18 12:47:00,2026-02-18 19:13:59.146170,2026-02-18 20:29:58.821904,2026-02-19 13:11:50.138614,24.41,Air,Delayed,16
SHP0624,Kochi,Mumbai,Hyderabad,2026-03-16 09:44:00,2026-03-16 14:14:43.802249,2026-03-16 15:27:40.528801,2026-03-18 04:25:54.507772,42.7,Road,Delayed,9
SHP0625,Coimbatore,Mumbai,Hyderabad,2026-05-21 22:50:00,2026-05-22 01:58:32.360808,2026-05-22 09:55:11.244146,2026-05-23 14:01:03.417878,39.18,Road,On Time,9
SHP0626,Bengaluru,Salem,Hyderabad,2026-04-23 19:17:00,2026-04-24 04:36:38.286042,2026-04-24 06:53:18.145748,2026-04-26 08:45:22.982950,61.47,Road,Delayed,13
SHP0627,Pune,Madurai,Chennai,2026-02-15 16:17:00,2026-02-16 03:15:52.176075,2026-02-16 13:46:09.025308,2026-02-18 01:30:29.262204,57.22,Rail,Delayed,9
SHP0628,Salem,Delhi,Chennai,2026-06-15 19:58:00,2026-06-16 02:13:56.931708,2026-06-16 07:37:36.621793,2026-06-17 07:20:33.933088,35.38,Road,On Time,30
SHP0629,Chennai,Kochi,Hyderabad,2026-01-05 02:43:00,2026-01-05 06:07:44.052618,2026-01-05 13:07:10.699008,2026-01-06 06:11:59.849413,27.48,Road,On Time,17
SHP0630,Chennai,Kochi,Mumbai,2026-03-24 06:37:00,2026-03-25 00:01:29.610242,2026-03-25 03:50:52.936308,2026-03-27 06:16:02.571480,71.65,Road,Delayed,20
SHP0631,Kochi,Salem,Bengaluru,2026-01-22 18:15:00,2026-01-22 22:46:22.856150,2026-01-23 02:13:29.518980,2026-01-23 22:01:58.971642,27.78,Road,On Time,27
SHP0632,Kochi,Chennai,Chennai,2026-01-24 13:54:00,2026-01-24 20:37:43.597127,2026-01-25 02:18:30.948066,2026-01-26 15:30:41.247443,49.61,Road,Delayed,15
SHP0633,Pune,Bengaluru,Bengaluru,2026-06-07 02:44:00,2026-06-07 14:17:28.728038,2026-06-07 20:31:48.124137,2026-06-09 12:08:40.178448,57.41,Road,Delayed,26
SHP0634,Chennai,Salem,Coimbatore,2026-01-02 21:13:00,2026-01-03 03:13:01.812502,2026-01-03 05:56:03.289273,2026-01-04 09:24:42.047469,36.2,Road,On Time,21
SHP0635,Kochi,Kochi,Bengaluru,2026-05-26 19:41:00,2026-05-27 06:16:09.242885,2026-05-27 16:08:58.631845,2026-05-28 21:24:19.208750,49.72,Rail,On Time,16
SHP0636,Bengaluru,Delhi,Chennai,2026-04-22 13:19:00,2026-04-22 17:14:39.282532,2026-04-23 00:29:22.435251,2026-04-24 14:14:00.759371,48.92,Rail,On Time,29
SHP0637,Bengaluru,Madurai,Bengaluru,2026-01-18 23:13:00,2026-01-19 02:49:10.773828,2026-01-19 04:23:30.366788,2026-01-20 18:31:48.891658,43.31,Rail,On Time,14
SHP0638,Bengaluru,Chennai,Mumbai,2026-04-29 01:39:00,2026-04-29 13:37:16.225303,2026-04-29 23:48:07.726573,2026-04-30 20:41:36.328135,43.04,Road,Delayed,20
SHP0639,Salem,Bengaluru,Coimbatore,2026-01-13 10:40:00,2026-01-13 19:54:21.470448,2026-01-13 22:26:03.720463,2026-01-14 11:27:51.364840,24.8,Air,Delayed,10
SHP0640,Pune,Pune,Coimbatore,2026-01-03 00:18:00,2026-01-03 06:31:00.891909,2026-01-03 10:01:34.880956,2026-01-08 16:36:33.599112,136.31,Rail,Delayed,5
SHP0641,Hyderabad,Madurai,Bengaluru,2026-02-13 16:15:00,2026-02-14 03:32:58.494283,2026-02-14 08:22:58.375917,2026-02-14 16:56:32.120691,24.69,Air,Delayed,14
SHP0642,Madurai,Madurai,Mumbai,2026-05-19 13:51:00,2026-05-20 03:55:34.387036,2026-05-20 17:09:06.977441,2026-05-22 07:43:42.143114,65.88,Rail,Delayed,2
SHP0643,Madurai,Delhi,Chennai,2026-05-10 07:03:00,2026-05-10 13:57:49.389070,2026-05-10 16:26:59.311664,2026-05-10 19:16:44.967049,12.23,Air,On Time,16
SHP0644,Madurai,Delhi,Chennai,2026-06-16 21:55:00,2026-06-17 05:39:09.712159,2026-06-17 06:39:39.641899,2026-06-18 17:27:00.527489,43.53,Rail,On Time,3
SHP0645,Salem,Coimbatore,Bengaluru,2026-04-06 11:13:00,2026-04-06 21:47:55.819297,2026-04-07 00:45:05.966058,2026-04-07 07:59:11.283271,20.77,Road,On Time,29
SHP0646,Madurai,Hyderabad,Coimbatore,2026-02-18 10:27:00,2026-02-18 14:33:17.562225,2026-02-18 20:19:06.404953,2026-02-19 06:52:43.053593,20.43,Road,On Time,19
SHP0647,Madurai,Delhi,Coimbatore,2026-02-13 09:42:00,2026-02-13 21:49:58.774753,2026-02-14 00:29:56.768857,2026-02-15 10:18:27.944656,48.61,Rail,On Time,6
SHP0648,Bengaluru,Coimbatore,Hyderabad,2026-05-20 02:26:00,2026-05-20 12:37:09.656816,2026-05-20 14:23:52.140004,2026-05-20 21:29:22.593268,19.06,Air,On Time,11
SHP0649,Kochi,Madurai,Chennai,2026-01-15 09:20:00,2026-01-15 19:06:13.233675,2026-01-16 01:00:56.924556,2026-01-19 09:35:09.839812,96.25,Rail,Delayed,4
SHP0650,Bengaluru,Pune,Chennai,2026-05-11 09:09:00,2026-05-11 13:26:58.999321,2026-05-11 20:09:58.699765,2026-05-12 02:35:23.445991,17.44,Air,On Time,4
SHP0651,Salem,Chennai,Bengaluru,2026-02-06 07:12:00,2026-02-06 13:32:24.998535,2026-02-06 22:46:08.126141,2026-02-07 19:21:06.806942,36.15,Road,On Time,28
SHP0652,Pune,Delhi,Coimbatore,2026-03-23 12:47:00,2026-03-24 05:40:16.492867,2026-03-24 10:12:48.171573,2026-03-26 02:00:08.333126,61.22,Rail,Delayed,8
SHP0653,Coimbatore,Madurai,Bengaluru,2026-01-18 01:31:00,2026-01-18 04:53:47.821374,2026-01-18 07:36:14.235972,2026-01-19 02:36:59.708195,25.1,Road,On Time,3
SHP0654,Pune,Hyderabad,Coimbatore,2026-06-15 12:30:00,2026-06-15 15:41:00.455845,2026-06-15 21:21:52.468092,2026-06-16 06:49:59.320902,18.33,Road,On Time,12
SHP0655,Madurai,Salem,Hyderabad,2026-05-10 16:15:00,2026-05-11 00:04:03.904067,2026-05-11 07:48:07.281058,2026-05-16 16:06:55.318602,143.87,Road,Delayed,22
SHP0656,Pune,Pune,Bengaluru,2026-01-09 01:48:00,2026-01-09 05:07:08.004047,2026-01-09 07:05:46.765652,2026-01-11 06:38:42.928244,52.85,Rail,On Time,5
SHP0657,Bengaluru,Pune,Hyderabad,2026-02-27 15:27:00,2026-02-27 22:01:57.076267,2026-02-28 04:24:07.820449,2026-03-02 08:39:15.680999,65.2,Road,Delayed,11
SHP0658,Salem,Delhi,Hyderabad,2026-01-05 19:10:00,2026-01-06 05:18:04.133890,2026-01-06 07:53:50.055114,2026-01-08 14:42:04.702409,67.53,Road,Delayed,9
SHP0659,Bengaluru,Mumbai,Chennai,2026-06-10 12:45:00,2026-06-10 18:53:47.841912,2026-06-10 20:27:37.219985,2026-06-12 13:21:35.287618,48.61,Road,Delayed,15
SHP0660,Kochi,Bengaluru,Coimbatore,2026-03-11 05:00:00,2026-03-11 11:18:39.633595,2026-03-11 14:46:31.389576,2026-03-12 05:35:58.856808,24.6,Road,On Time,26
SHP0661,Madurai,Coimbatore,Bengaluru,2026-02-15 07:45:00,2026-02-15 13:20:49.230655,2026-02-15 18:13:59.851694,2026-02-18 04:39:50.912666,68.91,Road,Delayed,9
SHP0662,Bengaluru,Chennai,Mumbai,2026-06-15 05:21:00,2026-06-15 10:03:48.558675,2026-06-15 20:22:57.624772,2026-06-16 13:52:36.619535,32.53,Road,On Time,18
SHP0663,Kochi,Chennai,Chennai,2026-01-16 23:55:00,2026-01-17 02:18:59.523751,2026-01-17 07:20:20.935403,2026-01-18 06:00:50.345487,30.1,Road,On Time,16
SHP0664,Bengaluru,Coimbatore,Chennai,2026-02-22 21:46:00,2026-02-23 07:42:55.319986,2026-02-23 15:45:01.360359,2026-02-24 13:12:32.417596,39.44,Rail,On Time,27
SHP0665,Pune,Bengaluru,Coimbatore,2026-03-06 23:44:00,2026-03-07 07:52:15.505136,2026-03-07 12:38:29.100677,2026-03-09 23:18:30.106663,71.58,Rail,Delayed,15
SHP0666,Chennai,Pune,Bengaluru,2026-01-11 04:25:00,2026-01-11 10:37:53.183715,2026-01-11 21:10:00.331319,2026-01-13 00:07:08.597702,43.7,Road,Delayed,17
SHP0667,Chennai,Coimbatore,Coimbatore,2026-02-13 16:08:00,2026-02-14 03:44:59.480940,2026-02-14 06:33:01.888230,2026-02-16 09:47:08.043492,65.65,Rail,Delayed,26
SHP0668,Kochi,Salem,Coimbatore,2026-03-29 23:30:00,2026-03-30 03:23:57.745007,2026-03-30 06:42:39.514870,2026-03-31 02:14:42.903712,26.75,Road,On Time,13
SHP0669,Chennai,Mumbai,Bengaluru,2026-05-18 02:30:00,2026-05-18 06:07:16.959894,2026-05-18 08:15:35.825299,2026-05-19 02:05:52.412740,23.6,Rail,On Time,6
SHP0670,Coimbatore,Salem,Chennai,2026-03-08 10:38:00,2026-03-08 15:25:38.019565,2026-03-08 21:35:12.312220,2026-03-09 03:34:46.716090,16.95,Air,On Time,20
SHP0671,Pune,Delhi,Coimbatore,2026-05-16 08:53:00,2026-05-16 10:31:41.678106,2026-05-16 12:39:15.969835,2026-05-17 13:47:34.250010,28.91,Rail,On Time,15
SHP0672,Salem,Hyderabad,Mumbai,2026-05-11 23:55:00,2026-05-12 03:57:47.832713,2026-05-12 17:32:09.821525,2026-05-14 01:22:58.081680,49.47,Rail,On Time,22
SHP0673,Coimbatore,Madurai,Mumbai,2026-05-31 09:50:00,2026-05-31 12:31:28.869871,2026-05-31 15:51:59.094640,2026-06-01 06:41:10.813547,20.85,Air,On Time,12
SHP0674,Coimbatore,Madurai,Chennai,2026-05-30 20:48:00,2026-05-31 01:29:49.187284,2026-05-31 05:28:00.218572,2026-06-01 01:49:54.947228,29.03,Road,On Time,28
SHP0675,Bengaluru,Hyderabad,Coimbatore,2026-03-10 08:34:00,2026-03-10 11:30:43.430806,2026-03-10 13:28:46.901272,2026-03-11 13:09:40.054622,28.59,Rail,On Time,18
SHP0676,Pune,Hyderabad,Chennai,2026-06-08 03:57:00,2026-06-08 12:16:32.820908,2026-06-08 14:50:44.505791,2026-06-09 08:41:36.323584,28.74,Road,On Time,20
SHP0677,Hyderabad,Hyderabad,Coimbatore,2026-03-27 17:11:00,2026-03-27 20:30:41.583926,2026-03-28 00:30:31.308889,2026-03-30 05:57:27.826501,60.77,Road,Delayed,10
SHP0678,Hyderabad,Hyderabad,Mumbai,2026-05-21 14:48:00,2026-05-21 20:23:14.143579,2026-05-22 02:33:04.833924,2026-05-25 08:49:17.754094,90.02,Road,Delayed,16
SHP0679,Hyderabad,Mumbai,Bengaluru,2026-02-12 19:49:00,2026-02-13 00:13:40.197638,2026-02-13 05:55:10.310143,2026-02-14 09:37:18.577690,37.81,Rail,On Time,19
SHP0680,Coimbatore,Kochi,Hyderabad,2026-03-25 17:00:00,2026-03-25 20:44:38.728038,2026-03-26 00:12:25.381225,2026-03-26 17:43:40.094852,24.73,Road,On Time,16
SHP0681,Pune,Madurai,Hyderabad,2026-02-19 00:19:00,2026-02-19 05:41:06.613918,2026-02-19 08:53:11.516661,2026-02-22 18:54:45.503221,90.6,Road,Delayed,21
SHP0682,Madurai,Kochi,Bengaluru,2026-02-22 15:43:00,2026-02-22 22:20:34.508888,2026-02-23 00:22:17.744035,2026-02-23 13:35:13.405609,21.87,Road,On Time,18
SHP0683,Kochi,Pune,Mumbai,2026-06-09 10:04:00,2026-06-09 13:52:12.212897,2026-06-09 17:24:35.981768,2026-06-09 21:50:14.909485,11.77,Road,On Time,19
SHP0684,Madurai,Bengaluru,Chennai,2026-03-20 21:44:00,2026-03-21 06:02:58.340507,2026-03-21 10:31:43.622993,2026-03-22 05:36:33.771385,31.88,Road,On Time,12
SHP0685,Kochi,Bengaluru,Chennai,2026-02-23 04:59:00,2026-02-23 11:44:32.511921,2026-02-23 18:41:17.636285,2026-02-24 12:14:37.072140,31.26,Air,Delayed,17
SHP0686,Chennai,Mumbai,Chennai,2026-06-29 12:55:00,2026-06-29 19:39:57.389305,2026-06-30 00:36:33.260020,2026-06-30 23:06:45.405138,34.2,Rail,On Time,10
SHP0687,Chennai,Madurai,Mumbai,2026-05-20 12:38:00,2026-05-21 10:59:10.423405,2026-05-21 16:31:39.776252,2026-05-21 19:55:48.858041,31.3,Road,On Time,24
SHP0688,Chennai,Mumbai,Coimbatore,2026-01-01 19:37:00,2026-01-02 05:06:12.769407,2026-01-02 09:58:22.771190,2026-01-03 18:51:51.673730,47.25,Road,Delayed,27
SHP0689,Kochi,Mumbai,Chennai,2026-05-16 00:30:00,2026-05-16 10:26:15.051939,2026-05-16 13:36:05.036722,2026-05-17 17:15:39.393765,40.76,Rail,On Time,8
SHP0690,Coimbatore,Mumbai,Bengaluru,2026-04-18 08:10:00,2026-04-18 12:19:12.838828,2026-04-18 15:33:09.011495,2026-04-19 09:21:20.744290,25.19,Road,On Time,4
SHP0691,Coimbatore,Madurai,Chennai,2026-04-06 23:20:00,2026-04-07 05:20:00.122068,2026-04-07 15:57:36.884675,2026-04-08 11:52:05.795762,36.53,Road,On Time,5
SHP0692,Chennai,Salem,Chennai,2026-01-19 01:28:00,2026-01-19 15:35:42.767852,2026-01-20 01:30:45.875338,2026-01-21 00:32:48.882040,47.08,Road,Delayed,29
SHP0693,Madurai,Madurai,Bengaluru,2026-01-08 09:51:00,2026-01-08 15:24:15.156035,2026-01-08 18:08:15.298529,2026-01-09 12:35:00.571389,26.73,Road,On Time,4
SHP0694,Hyderabad,Chennai,Chennai,2026-03-11 06:15:00,2026-03-11 18:05:06.471582,2026-03-11 21:22:36.358156,2026-03-13 21:38:11.595504,63.39,Road,Delayed,12
SHP0695,Hyderabad,Madurai,Bengaluru,2026-02-15 03:43:00,2026-02-15 08:05:31.125707,2026-02-15 10:36:07.398325,2026-02-16 00:24:10.912782,20.69,Road,On Time,24
SHP0696,Madurai,Delhi,Hyderabad,2026-06-19 04:17:00,2026-06-19 10:27:03.298302,2026-06-19 15:51:26.782703,2026-06-21 08:59:17.385439,52.7,Road,Delayed,19
SHP0697,Pune,Pune,Hyderabad,2026-06-14 05:04:00,2026-06-14 10:21:07.721722,2026-06-14 18:38:51.476038,2026-06-16 00:54:55.609780,43.85,Rail,On Time,21
SHP0698,Hyderabad,Madurai,Coimbatore,2026-05-24 18:52:00,2026-05-24 21:46:10.953576,2026-05-24 22:51:37.450731,2026-05-26 02:20:43.556079,31.48,Road,On Time,9
SHP0699,Coimbatore,Pune,Coimbatore,2026-05-21 03:09:00,2026-05-21 08:50:57.332136,2026-05-21 11:26:23.029857,2026-05-22 03:34:28.718445,24.42,Road,On Time,25
SHP0700,Pune,Chennai,Mumbai,2026-02-09 10:14:00,2026-02-09 23:24:36.612824,2026-02-10 10:26:46.575940,2026-02-13 06:15:52.725576,92.03,Rail,Delayed,9
SHP0701,Bengaluru,Hyderabad,Chennai,2026-01-05 20:34:00,2026-01-06 00:40:16.541873,2026-01-06 04:13:30.032857,2026-01-08 21:36:49.701196,73.05,Road,Delayed,10
SHP0702,Bengaluru,Chennai,Hyderabad,2026-01-27 19:25:00,2026-01-28 01:17:05.241303,2026-01-28 02:46:07.821359,2026-01-30 07:29:17.509556,60.07,Rail,Delayed,11
SHP0703,Salem,Kochi,Hyderabad,2026-03-23 10:15:00,2026-03-23 13:45:15.350170,2026-03-23 15:01:19.312142,2026-03-23 18:02:24.045948,7.79,Air,On Time,6
SHP0704,Chennai,Coimbatore,Coimbatore,2026-03-30 13:56:00,2026-03-30 18:37:43.190040,2026-03-30 23:40:08.489012,2026-03-31 19:28:19.266833,29.54,Road,On Time,17
SHP0705,Salem,Chennai,Chennai,2026-06-26 18:19:00,2026-06-27 00:13:28.069711,2026-06-27 03:39:54.753305,2026-06-27 05:39:54.753305,11.35,Air,On Time,28
SHP0706,Chennai,Coimbatore,Chennai,2026-02-24 17:41:00,2026-02-24 22:15:14.455162,2026-02-25 02:35:02.144957,2026-02-27 20:36:39.752264,74.93,Road,Delayed,5
SHP0707,Madurai,Mumbai,Chennai,2026-02-16 01:48:00,2026-02-16 07:26:49.932015,2026-02-16 09:29:14.754985,2026-02-20 06:56:15.811571,101.14,Rail,Delayed,22
SHP0708,Kochi,Coimbatore,Coimbatore,2026-06-11 16:30:00,2026-06-12 03:27:34.804182,2026-06-12 05:29:07.362327,2026-06-12 13:42:15.161058,21.2,Road,On Time,6
SHP0709,Hyderabad,Chennai,Coimbatore,2026-06-17 02:17:00,2026-06-17 10:56:44.816876,2026-06-17 20:25:42.211990,2026-06-19 11:34:28.777060,57.29,Rail,Delayed,9
SHP0710,Pune,Salem,Chennai,2026-06-03 18:59:00,2026-06-04 11:46:54.878262,2026-06-05 01:10:39.213042,2026-06-05 05:05:57.134626,34.12,Road,On Time,6
SHP0711,Coimbatore,Kochi,Bengaluru,2026-05-29 09:36:00,2026-05-29 13:49:12.738554,2026-05-29 17:09:52.878342,2026-05-31 03:57:28.566930,42.36,Road,Delayed,15
SHP0712,Pune,Mumbai,Hyderabad,2026-06-02 17:01:00,2026-06-03 03:08:34.002795,2026-06-03 07:19:50.032086,2026-06-03 09:33:15.884996,16.54,Road,On Time,24
SHP0713,Coimbatore,Chennai,Bengaluru,2026-06-11 17:39:00,2026-06-12 05:09:07.978666,2026-06-12 12:16:31.081268,2026-06-12 20:03:26.214427,26.41,Air,Delayed,22
SHP0714,Salem,Chennai,Bengaluru,2026-03-07 20:23:00,2026-03-08 00:08:52.906776,2026-03-08 03:41:21.308589,2026-03-10 13:45:37.217379,65.38,Road,Delayed,28
SHP0715,Salem,Kochi,Bengaluru,2026-04-07 11:07:00,2026-04-07 14:28:23.838324,2026-04-07 22:02:19.972306,2026-04-09 05:49:23.696995,42.71,Rail,On Time,19
SHP0716,Salem,Mumbai,Hyderabad,2026-03-01 17:37:00,2026-03-02 03:16:36.802695,2026-03-02 07:25:25.190690,2026-03-03 06:37:36.500792,37.01,Road,On Time,18
SHP0717,Pune,Mumbai,Coimbatore,2026-04-22 15:47:00,2026-04-22 22:44:48.110340,2026-04-23 03:33:39.953468,2026-04-24 16:30:50.764564,48.73,Road,Delayed,28
SHP0718,Hyderabad,Coimbatore,Chennai,2026-05-20 05:11:00,2026-05-20 11:44:58.745970,2026-05-20 14:26:50.599555,2026-05-27 03:02:09.024395,165.85,Rail,Delayed,4
SHP0719,Coimbatore,Salem,Hyderabad,2026-01-05 11:10:00,2026-01-05 19:45:45.731746,2026-01-06 01:45:41.630936,2026-01-06 07:33:58.293639,20.4,Air,On Time,14
SHP0720,Coimbatore,Bengaluru,Mumbai,2026-01-26 16:00:00,2026-01-27 00:41:23.875689,2026-01-27 04:54:39.222923,2026-01-29 02:26:30.780814,58.44,Road,Delayed,9
SHP0721,Kochi,Mumbai,Coimbatore,2026-01-06 16:23:00,2026-01-06 21:06:38.002376,2026-01-07 00:27:09.115817,2026-01-08 19:42:26.304876,51.32,Road,Delayed,4
SHP0722,Pune,Pune,Bengaluru,2026-04-12 13:33:00,2026-04-12 18:47:54.790027,2026-04-12 21:14:50.558532,2026-04-15 11:59:58.099911,70.45,Road,Delayed,8
SHP0723,Kochi,Bengaluru,Coimbatore,2026-01-04 07:25:00,2026-01-04 13:00:17.395138,2026-01-04 16:27:03.287156,2026-01-06 07:13:07.323604,47.8,Road,Delayed,9
SHP0724,Salem,Chennai,Chennai,2026-03-21 07:31:00,2026-03-21 12:32:56.782457,2026-03-21 15:38:03.547808,2026-03-25 01:27:14.025667,89.94,Rail,Delayed,28
SHP0725,Pune,Salem,Chennai,2026-03-19 01:53:00,2026-03-19 12:17:56.001109,2026-03-19 16:51:49.928008,2026-03-19 20:57:57.285584,19.08,Air,On Time,13
SHP0726,Salem,Kochi,Coimbatore,2026-03-28 09:43:00,2026-03-28 11:19:25.119988,2026-03-28 13:05:38.943336,2026-03-28 19:02:14.798787,9.32,Road,On Time,2
SHP0727,Kochi,Delhi,Bengaluru,2026-04-19 21:58:00,2026-04-20 06:07:56.905094,2026-04-20 10:48:25.567294,2026-04-21 09:01:46.913394,35.06,Road,On Time,30
SHP0728,Hyderabad,Chennai,Mumbai,2026-06-13 07:55:00,2026-06-13 19:07:50.164744,2026-06-14 03:20:06.574332,2026-06-14 17:43:59.093741,33.82,Road,On Time,18
SHP0729,Madurai,Delhi,Chennai,2026-05-08 12:54:00,2026-05-08 18:44:58.959824,2026-05-08 21:02:16.348637,2026-05-10 22:33:20.295779,57.66,Rail,Delayed,14
SHP0730,Coimbatore,Salem,Coimbatore,2026-06-18 05:29:00,2026-06-18 10:32:21.286025,2026-06-18 14:13:19.754274,2026-06-18 20:43:55.777168,15.25,Air,On Time,25
SHP0731,Bengaluru,Bengaluru,Chennai,2026-03-12 03:05:00,2026-03-12 17:38:49.924134,2026-03-12 21:43:55.119835,2026-03-13 09:05:25.370220,30.01,Air,Delayed,27
SHP0732,Madurai,Bengaluru,Bengaluru,2026-04-07 20:04:00,2026-04-08 03:24:52.822559,2026-04-08 08:56:47.959733,2026-04-09 20:07:11.459478,48.05,Road,Delayed,8
SHP0733,Coimbatore,Delhi,Chennai,2026-04-09 03:02:00,2026-04-09 16:11:33.761550,2026-04-09 19:29:43.818926,2026-04-11 07:58:04.160333,52.93,Rail,On Time,15
SHP0734,Chennai,Salem,Hyderabad,2026-03-03 07:56:00,2026-03-03 16:40:45.897156,2026-03-03 18:13:29.932336,2026-03-05 03:39:03.899298,43.72,Road,Delayed,6
SHP0735,Bengaluru,Madurai,Bengaluru,2026-04-06 09:11:00,2026-04-06 15:45:23.918953,2026-04-06 18:29:07.025878,2026-04-07 02:04:34.816240,16.89,Air,On Time,16
SHP0736,Bengaluru,Salem,Chennai,2026-03-22 10:39:00,2026-03-22 19:48:01.207458,2026-03-23 00:24:08.581127,2026-03-24 00:17:46.527576,37.65,Air,Delayed,30
SHP0737,Coimbatore,Hyderabad,Chennai,2026-04-13 20:01:00,2026-04-14 03:05:59.062343,2026-04-14 07:13:41.233704,2026-04-14 16:34:07.501060,20.55,Road,On Time,22
SHP0738,Pune,Hyderabad,Coimbatore,2026-05-07 12:02:00,2026-05-07 16:20:04.593958,2026-05-07 22:45:54.904948,2026-05-12 14:10:42.099691,122.15,Road,Delayed,17
SHP0739,Kochi,Bengaluru,Chennai,2026-04-08 15:39:00,2026-04-08 19:05:34.298079,2026-04-08 21:03:33.570799,2026-04-10 13:32:58.723907,45.9,Road,Delayed,11
SHP0740,Pune,Bengaluru,Chennai,2026-05-19 01:20:00,2026-05-19 05:52:40.816247,2026-05-19 11:46:42.738334,2026-05-20 10:51:44.867039,33.53,Road,On Time,3
SHP0741,Chennai,Salem,Chennai,2026-04-28 07:42:00,2026-04-28 13:06:15.497072,2026-04-28 19:45:07.647367,2026-04-29 01:43:40.456147,18.03,Air,On Time,12
SHP0742,Madurai,Salem,Chennai,2026-04-13 14:25:00,2026-04-14 00:09:32.297593,2026-04-14 07:14:59.027211,2026-04-16 13:48:43.199605,71.4,Rail,Delayed,21
SHP0743,Coimbatore,Delhi,Hyderabad,2026-01-14 11:40:00,2026-01-14 13:13:30.048956,2026-01-14 15:53:03.715370,2026-01-14 20:04:30.848494,8.41,Air,On Time,9
SHP0744,Salem,Mumbai,Mumbai,2026-01-24 18:46:00,2026-01-25 03:36:07.192671,2026-01-25 08:24:03.879862,2026-01-26 17:07:51.224257,46.36,Rail,On Time,29
SHP0745,Pune,Chennai,Bengaluru,2026-05-04 06:04:00,2026-05-04 15:39:25.763546,2026-05-04 18:42:43.727297,2026-05-05 23:58:13.349953,41.9,Road,On Time,26
SHP0746,Pune,Hyderabad,Bengaluru,2026-04-23 11:23:00,2026-04-23 14:55:17.033866,2026-04-23 22:09:12.700694,2026-04-24 15:39:39.666223,28.28,Road,On Time,28
SHP0747,Chennai,Mumbai,Mumbai,2026-03-17 09:57:00,2026-03-17 15:51:23.333601,2026-03-17 20:51:20.110543,2026-03-19 10:25:47.806247,48.48,Road,Delayed,18
SHP0748,Bengaluru,Kochi,Hyderabad,2026-03-11 00:52:00,2026-03-11 05:47:33.556803,2026-03-11 07:56:03.859186,2026-03-15 02:46:36.270659,97.91,Rail,Delayed,13
SHP0749,Coimbatore,Bengaluru,Hyderabad,2026-05-03 05:26:00,2026-05-03 08:10:57.578106,2026-05-03 09:39:16.945246,2026-05-04 22:21:32.205565,40.93,Road,On Time,5
SHP0750,Bengaluru,Pune,Coimbatore,2026-04-23 18:23:00,2026-04-24 03:52:20.187975,2026-04-24 09:09:45.199499,2026-04-25 12:23:30.194848,42.01,Rail,On Time,18
SHP0751,Chennai,Bengaluru,Coimbatore,2026-01-16 08:17:00,2026-01-16 13:48:43.966936,2026-01-16 19:22:42.759592,2026-01-18 09:53:53.985082,49.61,Rail,On Time,8
SHP0752,Kochi,Chennai,Chennai,2026-02-06 14:10:00,2026-02-06 22:56:10.281466,2026-02-07 02:23:03.403110,2026-02-10 10:39:31.064340,92.49,Rail,Delayed,24
SHP0753,Pune,Mumbai,Chennai,2026-05-25 04:55:00,2026-05-25 17:44:46.020031,2026-05-25 23:06:30.609508,2026-05-26 17:44:09.191677,36.82,Road,On Time,24
SHP0754,Coimbatore,Coimbatore,Bengaluru,2026-02-18 18:38:00,2026-02-18 20:53:08.710539,2026-02-18 22:24:46.717756,2026-02-19 18:41:27.872499,24.06,Road,On Time,8
SHP0755,Pune,Delhi,Bengaluru,2026-04-30 17:05:00,2026-04-30 21:20:10.120736,2026-04-30 23:48:19.838295,2026-05-01 18:48:48.958669,25.73,Rail,On Time,12
SHP0756,Madurai,Pune,Bengaluru,2026-02-08 12:17:00,2026-02-08 14:19:49.847089,2026-02-08 18:01:15.197323,2026-02-10 01:36:51.165209,37.33,Rail,On Time,4
SHP0757,Hyderabad,Pune,Chennai,2026-04-14 14:15:00,2026-04-14 22:40:17.241004,2026-04-15 04:32:45.359109,2026-04-17 23:09:12.099887,80.9,Road,Delayed,12
SHP0758,Hyderabad,Chennai,Coimbatore,2026-05-16 15:31:00,2026-05-16 20:06:44.244262,2026-05-17 04:27:38.020251,2026-05-19 05:42:58.773956,62.2,Rail,Delayed,24
SHP0759,Kochi,Bengaluru,Chennai,2026-06-16 09:47:00,2026-06-16 15:46:16.073292,2026-06-16 19:00:42.056974,2026-06-19 17:38:55.043903,79.87,Road,Delayed,19
SHP0760,Coimbatore,Bengaluru,Hyderabad,2026-02-16 00:18:00,2026-02-16 07:07:43.967947,2026-02-16 11:41:45.572042,2026-02-17 16:02:28.564613,39.74,Road,On Time,3
SHP0761,Pune,Pune,Coimbatore,2026-01-02 04:01:00,2026-01-02 07:11:48.362291,2026-01-02 09:29:02.248264,2026-01-02 15:43:26.372671,11.71,Road,On Time,9
SHP0762,Chennai,Mumbai,Chennai,2026-02-22 09:56:00,2026-02-22 19:36:28.812263,2026-02-23 01:20:18.787113,2026-02-23 23:00:35.049843,37.08,Road,On Time,11
SHP0763,Madurai,Chennai,Hyderabad,2026-02-17 08:30:00,2026-02-17 19:07:45.022589,2026-02-17 21:16:32.799468,2026-02-18 15:00:56.192867,30.52,Road,On Time,30
SHP0764,Kochi,Coimbatore,Chennai,2026-04-30 15:40:00,2026-05-01 03:58:58.667820,2026-05-01 06:52:05.005591,2026-05-01 17:15:25.936525,25.59,Rail,On Time,7
SHP0765,Hyderabad,Mumbai,Coimbatore,2026-05-03 21:04:00,2026-05-03 23:43:41.684116,2026-05-04 03:06:37.237115,2026-05-06 14:50:48.756534,65.78,Rail,Delayed,17
SHP0766,Salem,Kochi,Chennai,2026-01-09 14:10:00,2026-01-09 19:25:26.221664,2026-01-09 22:22:32.537274,2026-01-10 18:15:07.367048,28.09,Rail,On Time,12
SHP0767,Pune,Hyderabad,Hyderabad,2026-02-23 03:52:00,2026-02-23 10:07:22.851879,2026-02-23 15:17:16.558715,2026-02-24 16:57:18.988964,37.09,Road,On Time,29
SHP0768,Coimbatore,Bengaluru,Coimbatore,2026-03-07 20:43:00,2026-03-08 00:19:53.584113,2026-03-08 03:40:55.834204,2026-03-09 14:06:53.332481,41.4,Rail,On Time,30
SHP0769,Coimbatore,Madurai,Hyderabad,2026-03-14 17:29:00,2026-03-15 03:15:09.411244,2026-03-15 05:58:24.072735,2026-03-17 15:30:53.817847,70.03,Road,Delayed,25
SHP0770,Bengaluru,Bengaluru,Chennai,2026-03-02 23:16:00,2026-03-03 02:55:56.477304,2026-03-03 07:41:09.316476,2026-03-04 06:15:44.772100,31.0,Rail,On Time,23
SHP0771,Chennai,Madurai,Bengaluru,2026-03-23 22:01:00,2026-03-24 07:17:27.043641,2026-03-24 09:02:48.592747,2026-03-26 13:18:42.443589,63.3,Road,Delayed,7
SHP0772,Hyderabad,Kochi,Chennai,2026-05-14 14:58:00,2026-05-15 05:46:32.581447,2026-05-15 09:23:52.774533,2026-05-15 17:23:54.106995,26.43,Road,On Time,26
SHP0773,Kochi,Salem,Coimbatore,2026-06-04 16:57:00,2026-06-04 22:28:51.041255,2026-06-04 22:58:51.041255,2026-06-05 06:52:31.353060,13.93,Rail,On Time,2
SHP0774,Chennai,Kochi,Mumbai,2026-01-24 01:06:00,2026-01-24 05:33:42.687223,2026-01-24 11:51:52.123684,2026-01-25 03:56:46.081922,26.85,Air,Delayed,9
SHP0775,Madurai,Madurai,Coimbatore,2026-01-15 09:47:00,2026-01-15 14:36:21.332388,2026-01-15 17:27:26.839069,2026-01-16 18:48:57.942865,33.03,Rail,On Time,17
SHP0776,Salem,Chennai,Mumbai,2026-03-06 16:40:00,2026-03-07 03:49:55.916428,2026-03-07 06:13:38.172175,2026-03-07 15:04:03.275920,22.4,Road,On Time,11
SHP0777,Kochi,Delhi,Bengaluru,2026-06-20 03:50:00,2026-06-20 12:10:14.513212,2026-06-20 23:08:20.111102,2026-06-23 18:06:11.603214,86.27,Road,Delayed,30
SHP0778,Madurai,Coimbatore,Coimbatore,2026-06-04 01:04:00,2026-06-04 05:12:39.032239,2026-06-04 07:38:20.089016,2026-06-05 01:36:11.649008,24.54,Road,On Time,25
SHP0779,Salem,Hyderabad,Chennai,2026-05-22 04:06:00,2026-05-22 11:55:35.382524,2026-05-22 15:02:37.420655,2026-05-24 06:11:39.787122,50.09,Road,Delayed,3
SHP0780,Chennai,Hyderabad,Chennai,2026-01-14 04:17:00,2026-01-14 12:43:04.109286,2026-01-14 17:30:10.923323,2026-01-15 13:49:58.208367,33.55,Road,On Time,21
SHP0781,Bengaluru,Mumbai,Coimbatore,2026-02-21 07:16:00,2026-02-21 11:38:14.845749,2026-02-21 16:42:10.335167,2026-02-22 17:30:47.012033,34.25,Road,On Time,27
SHP0782,Madurai,Mumbai,Chennai,2026-02-20 22:49:00,2026-02-21 04:32:38.625731,2026-02-21 13:28:49.143555,2026-02-21 22:59:19.136476,24.17,Road,On Time,21
SHP0783,Bengaluru,Chennai,Coimbatore,2026-03-30 14:49:00,2026-03-30 19:37:21.964964,2026-03-30 22:31:37.246526,2026-04-03 20:52:52.126639,102.06,Road,Delayed,16
SHP0784,Bengaluru,Coimbatore,Bengaluru,2026-03-23 18:38:00,2026-03-23 22:34:08.856863,2026-03-24 02:22:29.407910,2026-03-24 14:29:00.179709,19.85,Rail,On Time,28
SHP0785,Bengaluru,Delhi,Coimbatore,2026-02-18 07:56:00,2026-02-18 10:02:27.657850,2026-02-18 15:03:13.994740,2026-02-18 17:17:05.705651,9.35,Air,On Time,3
SHP0786,Pune,Mumbai,Coimbatore,2026-06-21 08:15:00,2026-06-21 13:57:46.681370,2026-06-21 15:28:39.352703,2026-06-24 01:50:16.435320,65.59,Rail,Delayed,9
SHP0787,Salem,Pune,Mumbai,2026-01-16 18:20:00,2026-01-17 08:46:46.262285,2026-01-17 16:51:52.081413,2026-01-21 19:22:14.112143,121.04,Rail,Delayed,21
SHP0788,Coimbatore,Hyderabad,Chennai,2026-02-20 02:17:00,2026-02-20 09:09:09.019240,2026-02-21 01:03:36.620332,2026-02-22 14:56:26.539874,60.66,Road,Delayed,29
SHP0789,Hyderabad,Pune,Coimbatore,2026-01-27 03:37:00,2026-01-27 08:25:59.387239,2026-01-27 09:32:57.352563,2026-01-27 22:57:29.543652,19.34,Road,On Time,17
SHP0790,Salem,Delhi,Chennai,2026-04-18 08:03:00,2026-04-18 18:57:09.602171,2026-04-19 05:08:25.808076,2026-04-19 10:07:17.147924,26.07,Road,On Time,26
SHP0791,Bengaluru,Hyderabad,Bengaluru,2026-06-21 15:48:00,2026-06-22 03:50:22.849065,2026-06-22 06:37:19.820724,2026-06-23 09:17:38.542672,41.49,Rail,On Time,28
SHP0792,Coimbatore,Delhi,Coimbatore,2026-02-03 13:52:00,2026-02-03 19:06:14.513165,2026-02-03 22:08:15.129932,2026-02-04 14:05:10.380085,24.22,Road,On Time,17
SHP0793,Madurai,Mumbai,Bengaluru,2026-06-25 12:11:00,2026-06-25 20:44:44.340701,2026-06-26 02:52:34.779414,2026-06-26 08:56:29.453587,20.76,Road,On Time,7
SHP0794,Pune,Hyderabad,Chennai,2026-05-20 12:04:00,2026-05-20 16:16:59.258935,2026-05-20 18:36:09.434997,2026-05-21 07:58:23.644596,19.91,Road,On Time,4
SHP0795,Pune,Chennai,Chennai,2026-03-21 11:31:00,2026-03-21 21:27:02.786614,2026-03-21 23:48:36.604794,2026-03-22 13:54:12.570356,26.39,Air,Delayed,2
SHP0796,Pune,Salem,Hyderabad,2026-02-10 22:05:00,2026-02-11 03:33:07.953077,2026-02-11 05:12:54.782311,2026-02-12 05:12:38.378316,31.13,Rail,On Time,21
SHP0797,Pune,Madurai,Mumbai,2026-06-17 12:54:00,2026-06-17 23:52:04.934849,2026-06-18 00:37:29.090891,2026-06-18 07:48:03.371859,18.9,Rail,On Time,4
SHP0798,Kochi,Pune,Coimbatore,2026-06-19 02:57:00,2026-06-19 06:39:00.650807,2026-06-19 09:36:15.157768,2026-06-19 23:30:06.027043,20.55,Road,On Time,29
SHP0799,Kochi,Mumbai,Hyderabad,2026-05-26 16:37:00,2026-05-26 23:19:33.469316,2026-05-27 02:54:27.961067,2026-05-27 11:41:16.155306,19.07,Rail,On Time,8
SHP0800,Madurai,Madurai,Chennai,2026-05-17 02:32:00,2026-05-17 19:40:55.487466,2026-05-18 01:24:16.336341,2026-05-18 06:24:13.455503,27.87,Road,On Time,19
SHP0801,Salem,Pune,Coimbatore,2026-02-10 20:17:00,2026-02-10 23:04:50.898679,2026-02-11 01:01:59.857201,2026-02-11 16:42:21.565794,20.42,Rail,On Time,19
SHP0802,Coimbatore,Pune,Chennai,2026-06-15 14:56:00,2026-06-15 23:45:55.837327,2026-06-16 06:21:38.710392,2026-06-17 05:08:37.024262,38.21,Road,On Time,12
SHP0803,Pune,Hyderabad,Coimbatore,2026-02-05 03:00:00,2026-02-05 07:36:18.335521,2026-02-05 08:50:58.259818,2026-02-06 12:51:02.706788,33.85,Road,On Time,3
SHP0804,Kochi,Kochi,Bengaluru,2026-04-07 12:51:00,2026-04-07 16:52:41.682022,2026-04-07 21:29:56.562055,2026-04-08 13:02:21.208053,24.19,Road,On Time,12
SHP0805,Kochi,Delhi,Chennai,2026-06-02 04:11:00,2026-06-02 13:59:39.080394,2026-06-02 18:35:17.429655,2026-06-03 00:20:10.954784,20.15,Air,On Time,28
SHP0806,Salem,Mumbai,Chennai,2026-06-13 10:25:00,2026-06-13 12:32:54.311992,2026-06-13 13:41:17.464883,2026-06-13 21:51:52.566902,11.45,Road,On Time,10
SHP0807,Salem,Mumbai,Coimbatore,2026-02-12 00:15:00,2026-02-12 03:01:29.096313,2026-02-12 04:00:33.742735,2026-02-12 20:46:52.212021,20.53,Road,On Time,8
SHP0808,Kochi,Kochi,Bengaluru,2026-02-06 20:16:00,2026-02-07 02:21:37.095431,2026-02-07 06:45:47.704579,2026-02-07 16:29:02.302362,20.22,Air,On Time,9
SHP0809,Coimbatore,Madurai,Mumbai,2026-06-15 01:41:00,2026-06-15 18:29:13.251813,2026-06-15 23:45:57.773454,2026-06-16 02:50:16.112882,25.15,Road,On Time,27
SHP0810,Chennai,Mumbai,Mumbai,2026-01-06 06:51:00,2026-01-06 19:38:57.112809,2026-01-07 03:43:26.523653,2026-01-08 17:40:30.907143,58.83,Road,Delayed,29
SHP0811,Salem,Salem,Hyderabad,2026-01-13 17:24:00,2026-01-14 05:18:26.848390,2026-01-14 07:37:34.922148,2026-01-16 11:57:35.848494,66.56,Rail,Delayed,21
SHP0812,Bengaluru,Mumbai,Coimbatore,2026-04-21 00:19:00,2026-04-21 12:02:18.312880,2026-04-21 17:49:59.488027,2026-04-22 03:30:22.628911,27.19,Air,Delayed,29
SHP0813,Pune,Kochi,Chennai,2026-06-02 21:19:00,2026-06-03 01:02:10.322633,2026-06-03 02:53:31.855321,2026-06-04 02:54:08.523941,29.59,Road,On Time,13
SHP0814,Pune,Salem,Bengaluru,2026-01-13 10:20:00,2026-01-15 00:12:53.582125,2026-01-15 04:10:03.608960,2026-01-15 09:01:34.395614,46.69,Air,Delayed,11
SHP0815,Chennai,Madurai,Chennai,2026-06-29 03:15:00,2026-06-29 10:22:26.913851,2026-06-29 20:49:13.207412,2026-06-30 01:30:58.236334,22.27,Road,On Time,22
SHP0816,Bengaluru,Hyderabad,Bengaluru,2026-05-29 22:18:00,2026-05-30 08:44:37.560138,2026-05-30 11:45:17.978700,2026-05-30 17:24:58.063356,19.12,Air,On Time,27
SHP0817,Chennai,Delhi,Bengaluru,2026-06-24 23:14:00,2026-06-25 08:06:57.755048,2026-06-25 09:40:59.482836,2026-06-25 15:18:29.351274,16.07,Road,On Time,2
SHP0818,Chennai,Pune,Hyderabad,2026-02-24 01:37:00,2026-02-24 05:43:25.528637,2026-02-24 07:07:59.898308,2026-02-25 23:03:14.375120,45.44,Road,Delayed,6
SHP0819,Madurai,Salem,Bengaluru,2026-03-28 09:26:00,2026-03-28 19:20:29.482267,2026-03-29 01:51:22.505381,2026-03-30 09:45:29.939678,48.32,Rail,On Time,5
SHP0820,Pune,Salem,Chennai,2026-05-08 11:25:00,2026-05-08 19:04:23.574453,2026-05-09 04:37:09.645706,2026-05-09 15:11:13.316995,27.77,Road,On Time,28
SHP0821,Hyderabad,Salem,Hyderabad,2026-05-25 22:55:00,2026-05-26 02:07:38.349223,2026-05-26 03:19:26.227297,2026-05-30 03:11:50.833990,100.28,Road,Delayed,6
SHP0822,Madurai,Kochi,Bengaluru,2026-03-02 02:02:00,2026-03-02 06:03:25.477905,2026-03-02 09:07:34.736541,2026-03-03 21:00:31.378397,42.98,Road,Delayed,13
SHP0823,Salem,Delhi,Bengaluru,2026-05-01 00:10:00,2026-05-01 07:14:18.502863,2026-05-01 12:20:53.171800,2026-05-02 11:18:08.825296,35.14,Road,On Time,15
SHP0824,Madurai,Pune,Bengaluru,2026-01-15 15:53:00,2026-01-16 01:06:07.486998,2026-01-16 07:02:05.700583,2026-01-18 12:34:14.313164,68.69,Road,Delayed,21
SHP0825,Pune,Kochi,Mumbai,2026-03-19 19:48:00,2026-03-20 04:02:39.225523,2026-03-20 09:51:11.568420,2026-03-23 20:35:32.751934,96.79,Rail,Delayed,16
SHP0826,Madurai,Kochi,Hyderabad,2026-06-21 14:22:00,2026-06-21 20:34:29.738001,2026-06-22 01:59:11.564915,2026-06-22 12:47:56.804046,22.43,Rail,On Time,21
SHP0827,Kochi,Delhi,Bengaluru,2026-02-11 20:11:00,2026-02-11 22:39:45.257447,2026-02-12 00:29:23.387954,2026-02-13 23:38:20.255296,51.46,Road,Delayed,9
SHP0828,Coimbatore,Madurai,Mumbai,2026-02-01 22:19:00,2026-02-02 05:26:36.574504,2026-02-02 09:31:35.342586,2026-02-03 07:30:38.612097,33.19,Road,On Time,1
SHP0829,Bengaluru,Kochi,Mumbai,2026-05-10 03:50:00,2026-05-10 07:59:22.952338,2026-05-10 13:52:49.127543,2026-05-11 18:24:34.207056,38.58,Road,On Time,23
SHP0830,Coimbatore,Hyderabad,Chennai,2026-06-27 19:58:00,2026-06-28 11:35:55.843105,2026-06-28 15:16:24.379687,2026-06-29 14:25:16.300328,42.45,Rail,On Time,29
SHP0831,Madurai,Delhi,Coimbatore,2026-01-07 10:10:00,2026-01-07 17:12:42.638768,2026-01-07 19:20:13.571069,2026-01-08 20:01:16.874726,33.85,Road,On Time,28
SHP0832,Chennai,Pune,Coimbatore,2026-02-25 08:31:00,2026-02-25 12:45:43.894668,2026-02-25 17:03:07.693580,2026-03-02 22:33:01.398236,134.03,Road,Delayed,14
SHP0833,Bengaluru,Coimbatore,Chennai,2026-01-20 00:27:00,2026-01-20 09:30:49.897540,2026-01-20 14:27:40.204104,2026-01-21 16:17:37.248591,39.84,Rail,On Time,1
SHP0834,Hyderabad,Chennai,Hyderabad,2026-03-03 13:17:00,2026-03-03 16:25:41.407423,2026-03-03 19:05:29.119608,2026-03-04 20:04:35.508140,30.79,Rail,On Time,7
SHP0835,Salem,Mumbai,Coimbatore,2026-06-15 17:05:00,2026-06-15 19:39:22.786596,2026-06-16 01:00:35.598129,2026-06-17 14:40:50.219262,45.6,Road,Delayed,1
SHP0836,Coimbatore,Madurai,Mumbai,2026-03-01 16:21:00,2026-03-01 20:42:13.626592,2026-03-01 22:07:27.126695,2026-03-04 16:55:44.942830,72.58,Rail,Delayed,9
SHP0837,Salem,Salem,Coimbatore,2026-03-27 19:42:00,2026-03-28 03:31:12.101860,2026-03-28 04:56:18.306644,2026-03-28 20:53:35.138141,25.19,Road,On Time,19
SHP0838,Pune,Madurai,Coimbatore,2026-06-14 11:42:00,2026-06-14 18:51:43.693357,2026-06-15 05:17:15.921253,2026-06-18 05:13:34.748121,89.53,Road,Delayed,6
SHP0839,Salem,Madurai,Chennai,2026-02-21 23:46:00,2026-02-22 14:55:15.006564,2026-02-22 18:59:36.244644,2026-02-23 10:28:23.323956,34.71,Road,On Time,10
SHP0840,Pune,Hyderabad,Coimbatore,2026-02-16 02:41:00,2026-02-16 06:06:26.526666,2026-02-16 09:19:36.504967,2026-02-16 17:25:02.443338,14.73,Road,On Time,24
SHP0841,Kochi,Delhi,Bengaluru,2026-06-22 01:37:00,2026-06-22 20:31:23.523355,2026-06-22 23:32:48.667496,2026-06-24 22:06:21.904897,68.49,Road,Delayed,27
SHP0842,Salem,Kochi,Coimbatore,2026-06-20 22:44:00,2026-06-21 05:46:51.465193,2026-06-21 10:39:28.717906,2026-06-21 19:50:26.868171,21.11,Air,On Time,25
SHP0843,Chennai,Salem,Coimbatore,2026-02-25 14:36:00,2026-02-25 20:04:17.076915,2026-02-25 21:19:24.590810,2026-02-28 14:48:43.295911,72.21,Road,Delayed,17
SHP0844,Kochi,Hyderabad,Coimbatore,2026-03-11 13:16:00,2026-03-11 21:00:48.464099,2026-03-12 00:22:14.992218,2026-03-12 21:47:22.293499,32.52,Road,On Time,27
SHP0845,Chennai,Coimbatore,Coimbatore,2026-02-06 11:23:00,2026-02-06 13:40:06.220124,2026-02-06 15:45:50.649307,2026-02-07 10:05:01.984604,22.7,Road,On Time,9
SHP0846,Madurai,Salem,Hyderabad,2026-06-05 04:29:00,2026-06-05 12:43:46.978825,2026-06-05 17:40:18.773020,2026-06-06 06:32:52.807563,26.06,Road,On Time,3
SHP0847,Chennai,Mumbai,Coimbatore,2026-04-26 23:44:00,2026-04-27 09:02:47.946866,2026-04-27 13:17:36.960815,2026-04-28 19:29:24.208754,43.76,Road,Delayed,21
SHP0848,Salem,Pune,Bengaluru,2026-06-16 15:56:00,2026-06-17 07:28:08.745588,2026-06-17 11:54:30.726372,2026-06-18 02:01:52.291721,34.1,Road,On Time,20
SHP0849,Salem,Madurai,Mumbai,2026-02-04 16:14:00,2026-02-05 02:58:54.742533,2026-02-05 04:51:24.800363,2026-02-07 22:26:50.588973,78.21,Road,Delayed,10
SHP0850,Madurai,Bengaluru,Mumbai,2026-03-16 16:19:00,2026-03-16 18:18:10.720324,2026-03-17 01:40:54.344393,2026-03-17 04:58:45.120770,12.66,Air,On Time,4
SHP0851,Madurai,Madurai,Chennai,2026-03-04 01:00:00,2026-03-04 05:56:10.922386,2026-03-04 09:49:47.433781,2026-03-04 12:09:06.720758,11.15,Air,On Time,28
SHP0852,Chennai,Chennai,Bengaluru,2026-03-24 02:04:00,2026-03-24 07:26:38.517126,2026-03-24 11:58:23.699513,2026-03-24 22:22:50.352141,20.31,Air,On Time,6
SHP0853,Salem,Salem,Coimbatore,2026-02-25 18:42:00,2026-02-25 22:29:33.718745,2026-02-26 02:00:42.252320,2026-02-27 19:03:59.895085,48.37,Rail,On Time,26
SHP0854,Hyderabad,Pune,Bengaluru,2026-05-02 04:32:00,2026-05-02 07:29:59.906611,2026-05-02 11:24:04.085958,2026-05-03 22:24:22.075854,41.87,Road,On Time,2
SHP0855,Bengaluru,Madurai,Coimbatore,2026-05-07 01:49:00,2026-05-07 12:16:33.271350,2026-05-07 15:22:53.546155,2026-05-08 04:39:52.903871,26.85,Road,On Time,11
SHP0856,Coimbatore,Kochi,Chennai,2026-01-17 12:10:00,2026-01-17 19:45:38.127806,2026-01-17 22:11:14.502904,2026-01-19 01:37:37.919584,37.46,Rail,On Time,22
SHP0857,Bengaluru,Delhi,Bengaluru,2026-02-23 00:40:00,2026-02-23 08:01:46.070123,2026-02-23 11:17:05.432651,2026-02-24 22:32:48.732098,45.88,Rail,On Time,23
SHP0858,Chennai,Madurai,Coimbatore,2026-05-15 04:36:00,2026-05-15 09:17:37.586058,2026-05-15 14:04:36.197875,2026-05-16 21:24:43.461322,40.81,Road,On Time,15
SHP0859,Bengaluru,Chennai,Coimbatore,2026-05-12 20:51:00,2026-05-13 07:05:01.588607,2026-05-13 12:53:07.505799,2026-05-14 09:36:44.448213,36.76,Road,On Time,22
SHP0860,Coimbatore,Kochi,Bengaluru,2026-02-07 11:59:00,2026-02-07 19:32:47.817579,2026-02-08 00:37:52.575137,2026-02-09 04:29:06.862746,40.5,Rail,On Time,25
SHP0861,Kochi,Pune,Chennai,2026-01-28 16:21:00,2026-01-28 23:23:05.130534,2026-01-29 08:01:18.159025,2026-01-30 01:41:10.315609,33.34,Road,On Time,20
SHP0862,Kochi,Salem,Mumbai,2026-03-31 02:49:00,2026-03-31 07:24:24.483592,2026-03-31 09:57:08.233833,2026-03-31 14:34:46.399220,11.76,Rail,On Time,23
SHP0863,Madurai,Pune,Chennai,2026-01-25 07:26:00,2026-01-25 23:26:46.190124,2026-01-26 00:22:46.450762,2026-01-26 03:49:13.720023,20.39,Air,On Time,8
SHP0864,Hyderabad,Delhi,Hyderabad,2026-04-11 05:50:00,2026-04-11 14:44:40.531972,2026-04-11 17:26:23.631724,2026-04-12 20:26:50.815581,38.61,Road,On Time,23
SHP0865,Salem,Salem,Chennai,2026-06-25 06:20:00,2026-06-25 13:12:20.277062,2026-06-25 18:30:26.935584,2026-06-26 10:21:06.967602,28.02,Road,On Time,7
SHP0866,Kochi,Delhi,Mumbai,2026-01-02 06:41:00,2026-01-02 13:31:31.164732,2026-01-03 04:50:17.293639,2026-01-03 21:55:10.328794,39.24,Road,On Time,29
SHP0867,Chennai,Bengaluru,Bengaluru,2026-05-16 18:56:00,2026-05-17 02:09:22.856584,2026-05-17 09:59:27.957126,2026-05-18 07:59:22.105296,37.06,Road,On Time,23
SHP0868,Chennai,Chennai,Coimbatore,2026-04-14 05:29:00,2026-04-14 10:29:58.808944,2026-04-14 14:19:43.582430,2026-04-15 03:48:43.208132,22.33,Road,On Time,18
SHP0869,Chennai,Salem,Chennai,2026-06-11 15:23:00,2026-06-11 23:48:29.873162,2026-06-12 07:43:16.790659,2026-06-12 23:23:40.317995,32.01,Road,On Time,18
SHP0870,Madurai,Bengaluru,Chennai,2026-05-13 03:33:00,2026-05-13 09:14:26.201665,2026-05-13 13:35:52.861298,2026-05-14 15:32:41.442045,35.99,Road,On Time,18
SHP0871,Coimbatore,Madurai,Bengaluru,2026-03-14 11:40:00,2026-03-14 20:44:39.782158,2026-03-15 00:01:40.288763,2026-03-16 16:44:23.068241,53.07,Rail,On Time,18
SHP0872,Hyderabad,Pune,Hyderabad,2026-01-08 06:39:00,2026-01-08 14:55:06.065336,2026-01-08 19:04:41.012058,2026-01-09 22:09:29.310618,39.51,Road,On Time,24
SHP0873,Madurai,Mumbai,Coimbatore,2026-01-27 12:22:00,2026-01-27 19:36:18.645963,2026-01-27 21:05:32.339533,2026-01-29 01:28:15.707141,37.1,Road,On Time,15
SHP0874,Chennai,Kochi,Hyderabad,2026-02-05 23:31:00,2026-02-06 02:00:35.537612,2026-02-06 04:38:16.191943,2026-02-06 15:39:18.241209,16.14,Road,On Time,12
SHP0875,Bengaluru,Mumbai,Hyderabad,2026-03-02 19:17:00,2026-03-03 06:53:20.731827,2026-03-03 14:51:13.899920,2026-03-03 22:02:03.438756,26.75,Road,On Time,29
SHP0876,Madurai,Pune,Coimbatore,2026-05-22 06:28:00,2026-05-22 10:54:30.790811,2026-05-22 13:14:43.013098,2026-05-22 20:27:15.396141,13.99,Road,On Time,13
SHP0877,Pune,Kochi,Chennai,2026-05-03 22:58:00,2026-05-04 03:51:32.060019,2026-05-04 14:11:41.420181,2026-05-04 20:14:08.325488,21.27,Road,On Time,14
SHP0878,Hyderabad,Madurai,Chennai,2026-04-24 02:49:00,2026-04-24 18:03:46.595579,2026-04-25 00:08:55.413602,2026-04-25 13:33:56.412955,34.75,Air,Delayed,25
SHP0879,Salem,Salem,Chennai,2026-06-07 12:19:00,2026-06-07 17:25:52.166348,2026-06-08 04:51:44.720688,2026-06-10 09:35:47.138347,69.28,Rail,Delayed,24
SHP0880,Chennai,Pune,Bengaluru,2026-05-03 09:07:00,2026-05-03 11:07:58.424400,2026-05-03 16:05:13.660944,2026-05-03 18:05:13.660944,8.97,Air,On Time,15
SHP0881,Kochi,Bengaluru,Coimbatore,2026-04-27 22:41:00,2026-04-28 02:25:37.824814,2026-04-28 08:47:30.559111,2026-04-28 22:54:28.042416,24.22,Road,On Time,12
SHP0882,Hyderabad,Bengaluru,Hyderabad,2026-01-24 15:39:00,2026-01-24 21:32:06.920836,2026-01-25 01:00:45.780916,2026-01-26 02:09:36.516936,34.51,Road,On Time,9
SHP0883,Hyderabad,Pune,Coimbatore,2026-03-31 23:22:00,2026-04-01 01:52:58.984513,2026-04-01 03:43:12.968761,2026-04-02 18:54:54.100344,43.55,Rail,On Time,18
SHP0884,Kochi,Salem,Chennai,2026-01-08 12:02:00,2026-01-08 20:47:14.655219,2026-01-09 00:11:53.147513,2026-01-11 19:57:06.107190,79.92,Road,Delayed,13
SHP0885,Bengaluru,Chennai,Chennai,2026-05-27 23:20:00,2026-05-28 11:25:44.872759,2026-05-28 14:18:03.666204,2026-05-31 04:29:36.594416,77.16,Rail,Delayed,4
SHP0886,Chennai,Madurai,Mumbai,2026-02-10 05:45:00,2026-02-10 11:57:21.582580,2026-02-10 17:58:02.761032,2026-02-15 13:17:26.159575,127.54,Rail,Delayed,20
SHP0887,Bengaluru,Coimbatore,Hyderabad,2026-02-08 16:05:00,2026-02-08 19:45:26.347291,2026-02-08 21:40:48.117799,2026-02-10 08:11:13.570165,40.1,Road,On Time,23
SHP0888,Chennai,Delhi,Bengaluru,2026-04-10 20:28:00,2026-04-11 06:50:36.295043,2026-04-11 13:37:13.912685,2026-04-12 12:58:18.359194,40.51,Road,On Time,28
SHP0889,Pune,Hyderabad,Bengaluru,2026-03-27 09:22:00,2026-03-27 13:35:55.652568,2026-03-27 18:37:58.552167,2026-03-28 04:36:58.871927,19.25,Road,On Time,8
SHP0890,Coimbatore,Kochi,Hyderabad,2026-04-05 05:41:00,2026-04-05 07:57:42.594682,2026-04-05 16:28:48.599848,2026-04-06 04:10:23.730409,22.49,Air,Delayed,20
SHP0891,Salem,Kochi,Chennai,2026-02-18 20:25:00,2026-02-19 07:49:56.216952,2026-02-19 09:35:13.478830,2026-02-20 20:50:25.537297,48.42,Road,Delayed,11
SHP0892,Salem,Hyderabad,Hyderabad,2026-03-05 06:47:00,2026-03-05 16:42:15.282414,2026-03-05 19:52:35.459171,2026-03-08 13:44:20.461197,78.96,Road,Delayed,25
SHP0893,Kochi,Madurai,Chennai,2026-04-09 20:47:00,2026-04-09 23:15:22.447090,2026-04-10 01:25:44.464439,2026-04-11 01:13:48.833550,28.45,Road,On Time,8
SHP0894,Chennai,Madurai,Coimbatore,2026-01-22 07:21:00,2026-01-22 10:57:04.742392,2026-01-22 13:05:02.704875,2026-01-24 07:01:14.650673,47.67,Road,Delayed,12
SHP0895,Coimbatore,Kochi,Hyderabad,2026-04-06 12:52:00,2026-04-06 23:39:03.899166,2026-04-07 01:39:42.192362,2026-04-07 07:30:00.300222,18.63,Road,On Time,14
SHP0896,Chennai,Coimbatore,Hyderabad,2026-01-26 17:16:00,2026-01-26 19:37:16.788003,2026-01-26 21:12:03.479370,2026-01-28 09:53:40.479185,40.63,Road,On Time,18
SHP0897,Pune,Madurai,Coimbatore,2026-02-08 00:27:00,2026-02-08 03:54:18.449692,2026-02-08 08:53:54.110883,2026-02-09 16:50:29.435295,40.39,Road,On Time,20
SHP0898,Chennai,Coimbatore,Coimbatore,2026-06-19 19:32:00,2026-06-19 22:09:31.899833,2026-06-19 22:59:50.319786,2026-06-20 18:15:20.939836,22.72,Road,On Time,5
SHP0899,Bengaluru,Madurai,Bengaluru,2026-02-09 09:24:00,2026-02-09 11:30:57.345783,2026-02-09 14:36:52.029229,2026-02-12 12:54:12.952274,75.5,Road,Delayed,4
SHP0900,Pune,Coimbatore,Chennai,2026-02-07 22:14:00,2026-02-08 11:11:27.873740,2026-02-08 19:08:43.249967,2026-02-10 17:06:24.026948,66.87,Road,Delayed,13
SHP0901,Kochi,Hyderabad,Chennai,2026-05-11 03:20:00,2026-05-11 09:10:41.407747,2026-05-11 12:45:50.313594,2026-05-12 12:23:37.131500,33.06,Road,On Time,10
SHP0902,Chennai,Coimbatore,Bengaluru,2026-03-02 19:21:00,2026-03-03 01:37:38.840355,2026-03-03 05:39:58.828217,2026-03-04 14:49:43.357292,43.48,Rail,On Time,2
SHP0903,Bengaluru,Kochi,Coimbatore,2026-03-27 23:38:00,2026-03-28 02:07:17.469740,2026-03-28 06:43:19.585257,2026-03-28 10:10:55.639384,10.55,Rail,On Time,20
SHP0904,Bengaluru,Pune,Chennai,2026-05-14 06:31:00,2026-05-14 10:25:11.495640,2026-05-14 17:31:16.451363,2026-05-15 11:06:18.657691,28.59,Road,On Time,15
SHP0905,Kochi,Hyderabad,Bengaluru,2026-02-12 20:16:00,2026-02-13 10:12:10.879018,2026-02-13 14:53:07.255928,2026-02-14 18:20:53.534202,46.08,Road,Delayed,23
SHP0906,Kochi,Mumbai,Mumbai,2026-05-11 10:19:00,2026-05-11 11:06:08.922377,2026-05-11 21:00:40.156594,2026-05-12 22:59:21.837384,36.67,Rail,On Time,5
SHP0907,Kochi,Mumbai,Hyderabad,2026-02-17 23:02:00,2026-02-18 02:43:39.359440,2026-02-18 07:05:27.939339,2026-02-23 17:45:43.664112,138.73,Rail,Delayed,12
SHP0908,Madurai,Bengaluru,Coimbatore,2026-04-29 19:20:00,2026-04-30 03:06:20.317844,2026-04-30 07:19:14.993295,2026-05-04 01:38:34.013891,102.31,Rail,Delayed,29
SHP0909,Kochi,Bengaluru,Coimbatore,2026-02-11 15:09:00,2026-02-11 17:33:38.545161,2026-02-11 21:41:49.435726,2026-02-12 09:58:22.472070,18.82,Rail,On Time,8
SHP0910,Salem,Mumbai,Bengaluru,2026-03-14 22:47:00,2026-03-15 08:06:31.607071,2026-03-15 10:42:59.220642,2026-03-15 22:10:16.417557,23.39,Road,On Time,30
SHP0911,Pune,Delhi,Mumbai,2026-02-15 07:23:00,2026-02-15 12:16:51.191651,2026-02-15 18:46:38.284197,2026-02-17 18:46:00.779851,59.38,Rail,Delayed,2
SHP0912,Salem,Chennai,Bengaluru,2026-04-11 17:01:00,2026-04-11 20:54:04.290322,2026-04-12 04:14:36.757204,2026-04-12 16:10:23.870919,23.16,Air,Delayed,29
SHP0913,Chennai,Pune,Bengaluru,2026-06-18 18:57:00,2026-06-18 23:27:59.226883,2026-06-19 01:46:59.646214,2026-06-19 21:57:06.910182,27.0,Road,On Time,13
SHP0914,Pune,Mumbai,Coimbatore,2026-02-22 23:01:00,2026-02-23 02:09:12.564590,2026-02-23 04:18:03.736445,2026-02-25 08:56:53.347766,57.93,Road,Delayed,24
SHP0915,Coimbatore,Mumbai,Bengaluru,2026-05-18 02:58:00,2026-05-18 07:00:24.907778,2026-05-18 15:46:02.346488,2026-05-19 04:53:16.538724,25.92,Road,On Time,7
SHP0916,Hyderabad,Bengaluru,Hyderabad,2026-01-24 01:04:00,2026-01-24 08:01:21.395032,2026-01-24 13:25:00.681153,2026-01-26 01:18:33.317876,48.24,Road,Delayed,23
SHP0917,Kochi,Chennai,Chennai,2026-01-09 18:07:00,2026-01-10 03:24:51.655169,2026-01-10 06:12:22.076146,2026-01-10 09:32:45.481441,15.43,Road,On Time,19
SHP0918,Hyderabad,Pune,Coimbatore,2026-02-02 18:53:00,2026-02-02 22:41:28.640315,2026-02-03 03:35:22.832067,2026-02-03 15:56:50.598066,21.06,Road,On Time,2
SHP0919,Madurai,Delhi,Coimbatore,2026-01-12 18:25:00,2026-01-13 00:14:24.161387,2026-01-13 01:57:36.142710,2026-01-15 03:08:37.600118,56.73,Road,Delayed,24
SHP0920,Chennai,Hyderabad,Coimbatore,2026-05-14 07:34:00,2026-05-14 10:09:09.960713,2026-05-14 13:35:19.712497,2026-05-15 11:26:24.878438,27.87,Road,On Time,9
SHP0921,Bengaluru,Delhi,Hyderabad,2026-02-07 08:47:00,2026-02-07 22:59:15.924673,2026-02-08 07:08:32.087393,2026-02-09 11:19:24.097292,50.54,Rail,On Time,27
SHP0922,Salem,Salem,Bengaluru,2026-06-24 23:07:00,2026-06-25 09:18:09.129121,2026-06-25 12:54:09.512680,2026-06-26 05:36:17.822093,30.49,Road,On Time,15
SHP0923,Kochi,Chennai,Coimbatore,2026-02-15 12:51:00,2026-02-15 21:41:45.630329,2026-02-16 00:18:30.543149,2026-02-20 01:48:32.148756,108.96,Rail,Delayed,17
SHP0924,Kochi,Hyderabad,Coimbatore,2026-03-19 10:31:00,2026-03-19 18:43:35.691547,2026-03-19 19:54:59.032532,2026-03-21 07:30:25.189343,44.99,Rail,On Time,16
SHP0925,Kochi,Hyderabad,Bengaluru,2026-01-10 14:53:00,2026-01-10 17:36:40.592524,2026-01-10 19:18:00.016474,2026-01-14 02:10:14.803682,83.29,Road,Delayed,8
SHP0926,Bengaluru,Chennai,Coimbatore,2026-02-21 11:57:00,2026-02-21 16:28:22.414004,2026-02-21 18:54:48.934103,2026-02-24 03:32:32.953145,63.59,Road,Delayed,19
SHP0927,Pune,Madurai,Coimbatore,2026-06-18 13:38:00,2026-06-18 18:31:38.337593,2026-06-18 22:16:41.416619,2026-06-19 09:50:15.419009,20.2,Road,On Time,24
SHP0928,Salem,Mumbai,Coimbatore,2026-03-29 19:41:00,2026-03-30 00:33:18.940407,2026-03-30 04:29:45.745608,2026-03-31 06:03:38.066552,34.38,Road,On Time,22
SHP0929,Bengaluru,Hyderabad,Coimbatore,2026-04-17 19:25:00,2026-04-18 01:44:01.513159,2026-04-18 06:24:10.498004,2026-04-18 23:14:50.728581,27.83,Road,On Time,7
SHP0930,Salem,Salem,Mumbai,2026-06-29 09:20:00,2026-06-29 13:19:19.587235,2026-06-29 19:14:16.393417,2026-06-30 03:02:53.606251,17.71,Road,On Time,7
SHP0931,Hyderabad,Chennai,Bengaluru,2026-05-10 21:59:00,2026-05-11 04:33:06.107531,2026-05-11 08:27:44.604949,2026-05-11 16:32:52.986649,18.56,Air,On Time,17
SHP0932,Chennai,Pune,Mumbai,2026-04-19 16:56:00,2026-04-20 04:37:48.580769,2026-04-20 06:39:27.895956,2026-04-20 13:55:43.531442,21.0,Air,On Time,12
SHP0933,Coimbatore,Salem,Mumbai,2026-03-22 07:54:00,2026-03-22 15:45:25.594010,2026-03-22 18:13:27.505021,2026-03-23 19:35:17.143209,35.69,Road,On Time,21
SHP0934,Pune,Salem,Hyderabad,2026-01-30 01:35:00,2026-01-30 08:37:57.852579,2026-01-30 15:21:47.409768,2026-02-01 05:35:04.013690,52.0,Road,Delayed,18
SHP0935,Bengaluru,Bengaluru,Bengaluru,2026-06-03 12:15:00,2026-06-03 19:55:09.605877,2026-06-04 00:15:58.043530,2026-06-04 08:06:50.690917,19.86,Road,On Time,28
SHP0936,Chennai,Chennai,Hyderabad,2026-03-12 16:31:00,2026-03-12 22:54:24.810158,2026-03-13 01:30:25.216488,2026-03-13 05:17:03.579922,12.77,Road,On Time,17
SHP0937,Salem,Chennai,Mumbai,2026-02-20 03:57:00,2026-02-20 11:56:34.251305,2026-02-20 16:31:43.285808,2026-02-20 20:37:26.028436,16.67,Air,On Time,14
SHP0938,Coimbatore,Salem,Mumbai,2026-01-30 22:58:00,2026-01-31 03:21:17.306217,2026-01-31 08:41:47.120799,2026-02-01 13:23:36.712912,38.43,Road,On Time,19
SHP0939,Bengaluru,Hyderabad,Coimbatore,2026-04-07 08:07:00,2026-04-07 12:01:54.810638,2026-04-07 13:31:08.649552,2026-04-08 23:29:35.114745,39.38,Road,On Time,2
SHP0940,Chennai,Hyderabad,Chennai,2026-03-13 20:17:00,2026-03-13 23:27:03.635302,2026-03-14 02:30:16.273129,2026-03-15 00:29:57.466930,28.22,Rail,On Time,13
SHP0941,Coimbatore,Chennai,Coimbatore,2026-06-23 01:09:00,2026-06-23 10:28:05.946503,2026-06-23 16:45:37.588157,2026-06-24 14:24:27.937133,37.26,Road,On Time,7
SHP0942,Kochi,Salem,Hyderabad,2026-01-20 01:24:00,2026-01-20 07:48:17.927763,2026-01-20 12:42:40.826538,2026-01-22 02:15:04.557433,48.85,Road,Delayed,28
SHP0943,Salem,Pune,Chennai,2026-06-26 23:22:00,2026-06-27 03:44:42.474471,2026-06-27 07:50:07.981196,2026-07-04 09:30:40.557752,178.14,Rail,Delayed,12
SHP0944,Pune,Mumbai,Coimbatore,2026-03-19 01:48:00,2026-03-19 04:15:21.692548,2026-03-19 07:04:40.190053,2026-03-21 05:33:45.429296,51.76,Road,Delayed,8
SHP0945,Pune,Kochi,Mumbai,2026-05-15 22:20:00,2026-05-16 01:56:27.503240,2026-05-16 07:56:28.392465,2026-05-16 16:17:09.172647,17.95,Rail,On Time,24
SHP0946,Pune,Bengaluru,Coimbatore,2026-06-30 04:06:00,2026-06-30 13:16:22.561926,2026-06-30 17:45:22.909061,2026-07-01 13:19:21.640839,33.22,Road,On Time,18
SHP0947,Kochi,Salem,Hyderabad,2026-04-02 18:44:00,2026-04-03 00:06:49.526656,2026-04-03 01:35:40.531787,2026-04-03 12:22:36.046662,17.64,Road,On Time,13
SHP0948,Coimbatore,Hyderabad,Hyderabad,2026-01-15 06:49:00,2026-01-15 10:17:26.932757,2026-01-15 12:56:36.573917,2026-01-17 06:21:29.358765,47.54,Rail,On Time,13
SHP0949,Bengaluru,Delhi,Chennai,2026-02-18 06:56:00,2026-02-18 17:49:15.438893,2026-02-18 21:42:31.384388,2026-02-19 14:20:48.003367,31.41,Rail,On Time,29
SHP0950,Chennai,Coimbatore,Chennai,2026-02-14 21:57:00,2026-02-15 08:53:19.689618,2026-02-15 15:50:14.493470,2026-02-18 16:00:04.043092,90.05,Road,Delayed,22
SHP0951,Coimbatore,Salem,Chennai,2026-05-11 20:25:00,2026-05-12 15:51:56.577033,2026-05-12 18:14:47.582912,2026-05-13 01:22:39.150359,28.96,Rail,On Time,26
SHP0952,Kochi,Pune,Bengaluru,2026-02-14 11:59:00,2026-02-14 17:08:18.813584,2026-02-14 20:04:52.851838,2026-02-16 15:38:04.035492,51.65,Road,Delayed,13
SHP0953,Coimbatore,Bengaluru,Chennai,2026-04-17 01:46:00,2026-04-17 12:33:06.049391,2026-04-17 15:39:13.810670,2026-04-18 04:07:45.959105,26.36,Rail,On Time,28
SHP0954,Pune,Chennai,Bengaluru,2026-04-26 01:58:00,2026-04-26 09:48:51.586268,2026-04-26 11:04:19.333239,2026-04-27 00:10:30.640039,22.21,Road,On Time,3
SHP0955,Chennai,Madurai,Chennai,2026-05-14 08:59:00,2026-05-14 16:43:47.174165,2026-05-15 02:22:57.555781,2026-05-15 12:34:06.862272,27.59,Road,On Time,29
SHP0956,Pune,Chennai,Chennai,2026-02-19 21:07:00,2026-02-20 05:04:50.662196,2026-02-20 08:47:09.080151,2026-02-21 03:41:24.670880,30.57,Road,On Time,20
SHP0957,Salem,Hyderabad,Hyderabad,2026-04-22 14:21:00,2026-04-22 17:31:11.558182,2026-04-22 18:24:25.252192,2026-04-23 02:06:56.340811,11.77,Rail,On Time,4
SHP0958,Kochi,Kochi,Coimbatore,2026-05-13 21:16:00,2026-05-14 01:27:17.682900,2026-05-14 12:33:31.866875,2026-05-15 01:38:07.848003,28.37,Road,On Time,8
SHP0959,Kochi,Madurai,Coimbatore,2026-03-14 09:15:00,2026-03-14 16:46:29.741079,2026-03-14 18:03:36.322827,2026-03-17 00:00:13.728832,62.75,Rail,Delayed,3
SHP0960,Bengaluru,Salem,Coimbatore,2026-02-27 10:33:00,2026-02-27 15:11:26.178505,2026-02-27 18:20:30.520372,2026-03-01 09:17:24.739617,46.74,Rail,On Time,25
SHP0961,Bengaluru,Madurai,Bengaluru,2026-05-02 22:41:00,2026-05-03 02:02:18.115931,2026-05-03 08:38:32.743499,2026-05-05 08:39:34.824382,57.98,Road,Delayed,28
SHP0962,Hyderabad,Chennai,Chennai,2026-02-02 09:07:00,2026-02-02 18:59:47.345435,2026-02-02 22:21:47.841298,2026-02-03 08:21:51.102438,23.25,Road,On Time,13
SHP0963,Coimbatore,Hyderabad,Chennai,2026-03-01 00:15:00,2026-03-01 13:46:47.564936,2026-03-01 18:57:04.974996,2026-03-02 09:40:10.330149,33.42,Road,On Time,24
SHP0964,Salem,Chennai,Chennai,2026-01-18 07:01:00,2026-01-19 00:34:28.832393,2026-01-19 04:32:32.045783,2026-01-20 05:16:15.635939,46.25,Road,Delayed,27
SHP0965,Hyderabad,Mumbai,Bengaluru,2026-05-05 02:45:00,2026-05-05 13:12:25.250136,2026-05-05 20:56:06.027087,2026-05-08 18:38:48.946752,87.9,Road,Delayed,16
SHP0966,Coimbatore,Salem,Bengaluru,2026-04-03 02:42:00,2026-04-03 16:16:49.421596,2026-04-03 22:53:25.768657,2026-04-04 08:44:56.724725,30.05,Rail,On Time,29
SHP0967,Kochi,Delhi,Bengaluru,2026-01-03 16:41:00,2026-01-03 21:16:38.959859,2026-01-03 21:46:38.959859,2026-01-06 06:04:54.345466,61.4,Road,Delayed,2
SHP0968,Kochi,Hyderabad,Coimbatore,2026-01-31 08:55:00,2026-01-31 15:50:16.040850,2026-01-31 17:56:44.406877,2026-02-01 03:19:16.949216,18.4,Road,On Time,16
SHP0969,Coimbatore,Chennai,Hyderabad,2026-01-17 13:39:00,2026-01-17 19:04:40.753579,2026-01-18 01:29:27.313579,2026-01-18 07:46:46.466017,18.13,Road,On Time,28
SHP0970,Salem,Delhi,Hyderabad,2026-02-20 13:29:00,2026-02-21 01:43:58.757730,2026-02-21 05:36:34.609348,2026-02-22 23:13:15.429033,57.74,Road,Delayed,11
SHP0971,Salem,Kochi,Hyderabad,2026-01-05 01:39:00,2026-01-05 13:31:26.309884,2026-01-05 18:08:30.135252,2026-01-06 10:53:13.281764,33.24,Road,On Time,28
SHP0972,Coimbatore,Hyderabad,Hyderabad,2026-03-01 10:54:00,2026-03-01 22:04:36.863536,2026-03-02 00:09:17.762061,2026-03-09 19:48:02.042648,200.9,Rail,Delayed,28
SHP0973,Chennai,Pune,Hyderabad,2026-05-31 22:44:00,2026-06-01 11:05:08.342503,2026-06-01 15:05:34.323126,2026-06-03 21:58:18.679521,71.24,Road,Delayed,26
SHP0974,Bengaluru,Pune,Bengaluru,2026-05-22 20:31:00,2026-05-23 09:20:40.465640,2026-05-23 17:26:06.125188,2026-05-25 03:30:16.282096,54.99,Road,Delayed,27
SHP0975,Salem,Kochi,Bengaluru,2026-05-25 00:09:00,2026-05-25 13:41:50.932946,2026-05-25 17:54:46.187282,2026-05-27 00:44:28.185717,48.59,Road,Delayed,21
SHP0976,Pune,Kochi,Coimbatore,2026-05-26 02:03:00,2026-05-26 09:13:24.701559,2026-05-26 11:37:03.330472,2026-05-27 02:37:42.080649,24.58,Air,Delayed,7
SHP0977,Chennai,Hyderabad,Coimbatore,2026-04-15 03:31:00,2026-04-15 08:24:19.692789,2026-04-15 14:33:07.932220,2026-04-15 19:13:13.068335,15.7,Road,On Time,30
SHP0978,Chennai,Coimbatore,Bengaluru,2026-05-21 05:20:00,2026-05-21 11:45:47.501973,2026-05-21 15:44:40.945157,2026-05-21 21:51:06.038919,16.52,Road,On Time,14
SHP0979,Hyderabad,Salem,Coimbatore,2026-05-01 17:20:00,2026-05-02 01:17:26.623681,2026-05-02 04:17:29.739667,2026-05-04 21:55:50.942393,76.6,Rail,Delayed,3
SHP0980,Chennai,Salem,Chennai,2026-05-05 02:44:00,2026-05-05 17:06:29.626354,2026-05-05 22:59:10.259676,2026-05-09 01:27:55.506331,94.73,Road,Delayed,1
SHP0981,Pune,Bengaluru,Bengaluru,2026-03-30 15:33:00,2026-03-30 16:43:18.838068,2026-03-31 00:06:13.900554,2026-03-31 08:21:42.337521,16.81,Road,On Time,11
SHP0982,Salem,Bengaluru,Bengaluru,2026-02-08 18:17:00,2026-02-09 06:35:14.664698,2026-02-09 12:26:47.941020,2026-02-11 06:51:47.401211,60.58,Rail,Delayed,22
SHP0983,Madurai,Salem,Bengaluru,2026-01-15 07:55:00,2026-01-15 13:32:46.060589,2026-01-15 16:11:15.427737,2026-01-17 08:02:41.335763,48.13,Rail,On Time,16
SHP0984,Bengaluru,Madurai,Hyderabad,2026-06-19 02:46:00,2026-06-19 10:24:23.529792,2026-06-19 11:17:34.842846,2026-06-20 08:50:13.648271,30.07,Road,On Time,9
SHP0985,Hyderabad,Delhi,Coimbatore,2026-02-26 06:55:00,2026-02-26 10:20:32.497289,2026-02-26 12:13:28.373985,2026-02-28 11:19:39.589559,52.41,Road,Delayed,23
SHP0986,Salem,Coimbatore,Coimbatore,2026-01-20 09:19:00,2026-01-20 11:03:44.638099,2026-01-20 15:18:57.231237,2026-01-22 21:31:39.379219,60.21,Rail,Delayed,10
SHP0987,Pune,Chennai,Coimbatore,2026-05-26 19:50:00,2026-05-27 00:16:55.319926,2026-05-27 03:59:39.554749,2026-05-27 11:27:36.052953,15.63,Road,On Time,26
SHP0988,Chennai,Coimbatore,Hyderabad,2026-02-21 01:11:00,2026-02-21 05:52:52.544397,2026-02-21 08:46:11.734862,2026-02-21 23:30:31.951844,22.33,Road,On Time,18
SHP0989,Coimbatore,Mumbai,Bengaluru,2026-04-06 08:47:00,2026-04-06 10:18:20.040817,2026-04-06 12:16:11.420509,2026-04-10 00:35:06.917761,87.8,Rail,Delayed,6
SHP0990,Kochi,Madurai,Chennai,2026-01-24 14:49:00,2026-01-24 20:22:20.735460,2026-01-25 02:48:37.569458,2026-01-25 04:48:37.569458,13.99,Air,On Time,20
SHP0991,Hyderabad,Salem,Chennai,2026-01-22 01:06:00,2026-01-22 09:40:46.430634,2026-01-22 17:05:12.038153,2026-01-24 03:27:38.435501,50.36,Road,Delayed,27
SHP0992,Kochi,Delhi,Coimbatore,2026-05-19 15:11:00,2026-05-19 22:35:33.079497,2026-05-20 00:03:14.425240,2026-05-20 11:35:29.418314,20.41,Road,On Time,10
SHP0993,Bengaluru,Delhi,Chennai,2026-04-27 23:35:00,2026-04-28 10:10:42.229133,2026-04-28 14:02:56.904583,2026-04-29 00:21:16.264960,24.77,Road,On Time,29
SHP0994,Chennai,Salem,Chennai,2026-02-22 16:30:00,2026-02-23 00:59:41.557679,2026-02-23 04:15:36.415897,2026-02-26 00:03:29.647013,79.56,Road,Delayed,1
SHP0995,Pune,Delhi,Coimbatore,2026-02-26 15:33:00,2026-02-26 21:17:22.979983,2026-02-27 00:55:58.911359,2026-02-27 09:18:02.964264,17.75,Road,On Time,23
SHP0996,Pune,Pune,Mumbai,2026-01-16 21:10:00,2026-01-17 04:18:14.386123,2026-01-17 04:57:50.304994,2026-01-17 21:25:51.381765,24.26,Road,On Time,2
SHP0997,Bengaluru,Bengaluru,Bengaluru,2026-01-15 11:59:00,2026-01-15 22:48:05.747173,2026-01-16 02:28:22.810467,2026-01-17 03:57:43.927585,39.98,Road,On Time,24
SHP0998,Chennai,Salem,Mumbai,2026-03-25 16:23:00,2026-03-26 00:57:06.048882,2026-03-26 05:37:43.236218,2026-03-26 12:44:34.677833,20.36,Air,On Time,25
SHP0999,Salem,Madurai,Coimbatore,2026-04-04 23:55:00,2026-04-05 06:38:00.023330,2026-04-05 08:07:14.574283,2026-04-07 15:43:34.159638,63.81,Road,Delayed,22
SHP1000,Madurai,Chennai,Chennai,2026-06-28 01:43:00,2026-06-28 03:00:16.106478,2026-06-28 09:26:54.709916,2026-06-28 22:22:22.710369,20.66,Road,On Time,11
